facility_id,facility_name,city,state,overall_rating,nurse_communication,doctor_communication,discharge_information,patient_recommendation
020026,ALASKA NATIVE MEDICAL CENTER,ANCHORAGE,AK,3,89,89,83,85
020017,ALASKA REGIONAL HOSPITAL,ANCHORAGE,AK,3,91,90,85,87
020001,PROVIDENCE ALASKA MEDICAL CENTER,ANCHORAGE,AK,3,91,90,90,91
021312,SAMUEL SIMMONDS MEMORIAL HOSPITAL,BARROW,AK,,,,,
020018,YUKON KUSKOKWIM DELTA REG HOSPITAL,BETHEL,AK,3,90,90,79,87
021307,CORDOVA COMMUNITY MEDICAL CENTER,CORDOVA,AK,,,,,
021309,BRISTOL BAY DBA KANAKANAK HOSPITAL,DILLINGHAM,AK,,,,,
020012,FAIRBANKS MEMORIAL HOSPITAL,FAIRBANKS,AK,3,91,90,87,88
02014F,Bassett ACH (FT Wainwright),Fort Wainwright,AK,4,93,94,89,93
021313,SOUTH PENINSULA HOSPITAL,HOMER,AK,,,,,
02013F,673rd Medical Group (Joint Base Elmendorf-Richardson),JBER,AK,4,96,94,89,92
020008,BARTLETT REGIONAL HOSPITAL,JUNEAU,AK,4,93,95,88,93
021311,PEACEHEALTH KETCHIKAN MEDICAL CENTER,KETCHIKAN,AK,4,93,92,82,90
021306,PROVIDENCE KODIAK ISLAND MEDICAL CTR,KODIAK,AK,,,,,
021310,MANIILAQ HEALTH CENTER,KOTZEBUE,AK,,,,,
021308,NORTON SOUND REGIONAL HOSPITAL,NOME,AK,,,,,
020006,MAT-SU REGIONAL MEDICAL CENTER,PALMER,AK,4,92,91,90,88
021304,PETERSBURG MEDICAL CENTER,PETERSBURG,AK,,,,,
021302,PROVIDENCE SEWARD HOSPITAL,SEWARD,AK,,,,,
021314,SOUTHEAST ALASKA REGIONAL HEALTH CONSORTIUM,SITKA,AK,,,,,
020024,CENTRAL PENINSULA GENERAL HOSPITAL,SOLDOTNA,AK,4,92,91,89,90
021301,PROVIDENCE VALDEZ MEDICAL CENTER,VALDEZ,AK,,,,,
021305,SEARHC WRANGELL MEDICAL CENTER & LTC,WRANGELL,AK,,,,,
010016,SHELBY BAPTIST MEDICAL CENTER,ALABASTER,AL,2,89,90,82,83
010065,RUSSELL MEDICAL CENTER,ALEXANDER CITY,AL,3,92,88,87,87
010036,ANDALUSIA HEALTH,ANDALUSIA,AL,3,92,92,78,82
010078,NORTHEAST ALABAMA REGIONAL MEDICAL CENTER,ANNISTON,AL,2,88,87,83,79
010073,CLAY COUNTY HOSPITAL,ASHLAND,AL,,,,,
010079,ATHENS LIMESTONE HOSPITAL,ATHENS,AL,4,94,93,88,90
010169,ATMORE COMMUNITY HOSPITAL,ATMORE,AL,,,,,
010129,NORTH BALDWIN INFIRMARY,BAY MINETTE,AL,5,95,95,88,92
010114,"MEDICAL WEST, AN AFFILIATE OF UAB HEALTH SYSTEM",BESSEMER,AL,3,88,92,79,86
01014F,BIRMINGHAM VA MEDICAL CENTER,BIRMINGHAM,AL,4,92,93,88,88
010104,GRANDVIEW MEDICAL CENTER,BIRMINGHAM,AL,3,90,91,85,88
010103,PRINCETON BAPTIST MEDICAL CENTER,BIRMINGHAM,AL,3,90,92,81,83
010056,ST VINCENT'S BIRMINGHAM,BIRMINGHAM,AL,3,88,91,83,86
010011,ST. VINCENT'S EAST,BIRMINGHAM,AL,3,90,91,85,86
013300,THE CHILDREN'S HOSPITAL OF ALABAMA,BIRMINGHAM,AL,,,,,
010018,UAB CALLAHAN EYE HOSPITAL AUTHORITY,BIRMINGHAM,AL,,,,,
010033,UNIVERSITY OF ALABAMA HOSPITAL,BIRMINGHAM,AL,4,91,92,88,91
010005,MARSHALL MEDICAL CENTERS,BOAZ,AL,3,90,92,85,84
010099,D W MCMILLAN MEMORIAL HOSPITAL,BREWTON,AL,3,90,89,84,84
011304,OCHSNER CHOCTAW GENERAL,BUTLER,AL,,,,,
010781,J PAUL JONES HOSPITAL,CAMDEN,AL,,,,,
010022,FLOYD CHEROKEE MEDICAL CENTER,CENTRE,AL,,,,,
010058,BIBB MEDICAL CENTER,CENTREVILLE,AL,,,,,
011300,WASHINGTON COUNTY HOSPITAL,CHATOM,AL,,,,,
010173,ST VINCENT'S CHILTON,CLANTON,AL,,,,,
010035,CULLMAN REGIONAL MEDICAL CENTER,CULLMAN,AL,3,92,90,83,85
010052,LAKE MARTIN COMMUNITY HOSPITAL,DADEVILLE,AL,5,94,95,92,92
010085,DECATUR MORGAN HOSPITAL - DECATUR CAMPUS,DECATUR,AL,4,92,92,88,85
010112,WHITFIELD REGIONAL HOSPITAL,DEMOPOLIS,AL,3,89,93,81,82
010055,FLOWERS HOSPITAL,DOTHAN,AL,3,90,90,83,85
010001,SOUTHEAST HEALTH MEDICAL CENTER,DOTHAN,AL,4,90,92,86,91
010049,MEDICAL CENTER ENTERPRISE,ENTERPRISE,AL,3,92,92,85,84
011307,MEDICAL CENTER BARBOUR,EUFAULA,AL,,,,,
010051,GREENE COUNTY HOSPITAL,EUTAW,AL,,,,,
010148,EVERGREEN MEDICAL CENTER,EVERGREEN,AL,4,93,97,86,89
010100,THOMAS HOSPITAL,FAIRHOPE,AL,3,92,92,85,89
010045,FAYETTE MEDICAL CENTER,FAYETTE,AL,5,96,96,90,92
010006,NORTH ALABAMA MEDICAL CENTER,FLORENCE,AL,2,89,87,82,80
010083,BALDWIN HEALTH,FOLEY,AL,3,92,91,83,86
010012,DEKALB REGIONAL MEDICAL CENTER,FORT PAYNE,AL,3,93,91,86,84
010040,GADSDEN REGIONAL MEDICAL CENTER,GADSDEN,AL,2,88,88,81,80
010046,RIVERVIEW REGIONAL MEDICAL CENTER,GADSDEN,AL,3,91,87,87,89
010062,WIREGRASS MEDICAL CENTER,GENEVA,AL,,,,,
011309,WIREGRASS MEDICAL CENTER,GENEVA,AL,,,,,
010095,HALE COUNTY HOSPITAL,GREENSBORO,AL,,,,,
010150,THE HEALTH CARE AUTHORITY OF THE CITY OF GREENVILLE- LV STABLER HOSPITAL,GREENVILLE,AL,,,,,
010091,GROVE HILL MEMORIAL HOSPITAL,GROVE HILL,AL,,,,,
010125,LAKELAND COMMUNITY HOSPITAL,HALEYVILLE,AL,,,,,
010044,MARION REGIONAL MEDICAL CENTER,HAMILTON,AL,,,,,
010131,CRESTWOOD MEDICAL CENTER,HUNTSVILLE,AL,3,90,90,79,84
010039,HUNTSVILLE HOSPITAL,HUNTSVILLE,AL,4,92,92,87,90
010128,JACKSON MEDICAL CENTER,JACKSON,AL,,,,,
010089,WALKER BAPTIST MEDICAL CENTER,JASPER,AL,2,89,89,81,79
011308,CRENSHAW COMMUNITY HOSPITAL,LUVERNE,AL,,,,,
010113,MOBILE INFIRMARY MEDICAL CENTER,MOBILE,AL,3,90,91,86,84
010144,SPRINGHILL MEDICAL CENTER,MOBILE,AL,3,89,90,86,88
013301,USA HEALTH CHILDREN'S & WOMEN'S HOSPITAL,MOBILE,AL,,,,,
010090,"USA HEALTH HCA PROVIDENCE HOSPITAL, LLC",MOBILE,AL,3,88,89,84,83
010087,USA HEALTH UNIVERSITY HOSPITAL,MOBILE,AL,3,90,91,85,88
010120,MONROE COUNTY HOSPITAL,MONROEVILLE,AL,,,,,
010149,BAPTIST MEDICAL CENTER EAST,MONTGOMERY,AL,3,91,91,86,91
010023,BAPTIST MEDICAL CENTER SOUTH,MONTGOMERY,AL,3,90,89,84,86
010024,JACKSON HOSPITAL & CLINIC INC,MONTGOMERY,AL,3,91,91,82,86
01019F,VA CENTRAL ALABAMA HEALTHCARE SYSTEM - MONTGOMERY,MONTGOMERY,AL,4,92,94,85,87
010157,NORTH ALABAMA SHOALS HOSPITAL,MUSCLE SHOALS,AL,,,,,
011305,ST VINCENTS BLOUNT,ONEONTA,AL,,,,,
010029,THE EAST ALABAMA HEALTHCARE AUTHORITY,OPELIKA,AL,4,92,93,86,89
010007,MIZELL MEMORIAL HOSPITAL,OPP,AL,,,,,
010021,DALE MEDICAL CENTER,OZARK,AL,,,,,
010130,ST VINCENT'S ST CLAIR,PELL CITY,AL,3,93,90,88,89
010168,JACK HUGHSTON MEMORIAL HOSPITAL,PHENIX CITY,AL,4,94,93,86,94
010108,PRATTVILLE BAPTIST HOSPITAL,PRATTVILLE,AL,3,92,91,86,88
011302,RED BAY HOSPITAL,RED BAY,AL,,,,,
010158,RUSSELLVILLE HOSPITAL,RUSSELLVILLE,AL,,,,,
010061,HIGHLANDS MEDICAL CENTER,SCOTTSBORO,AL,4,94,94,84,85
010118,VAUGHAN REGIONAL MEDICAL CENTER PARKWAY CAMPUS,SELMA,AL,2,89,90,75,75
010019,HELEN KELLER HOSPITAL,SHEFFIELD,AL,4,93,91,87,91
010164,COOSA VALLEY MEDICAL CENTER,SYLACAUGA,AL,3,91,93,87,85
010101,CITIZENS BAPTIST MEDICAL CENTER,TALLADEGA,AL,4,96,93,85,90
010034,COMMUNITY HOSPITAL INC,TALLASSEE,AL,,,,,
010126,TROY REGIONAL MEDICAL CENTER,TROY,AL,4,93,92,84,88
010092,DCH REGIONAL MEDICAL CENTER,TUSCALOOSA,AL,3,90,90,84,85
01021F,TUSCALOOSA VA MEDICAL CENTER,TUSCALOOSA,AL,,,,,
010110,BULLOCK COUNTY HOSPITAL,UNION SPRINGS,AL,,,,,
010779,BULLOCK COUNTY HOSPITAL,UNION SPRINGS,AL,,,,,
010780,EAMC - LANIER,VALLEY,AL,,,,,
010139,BAPTIST HEALTH BROOKWOOD HOSPITAL,VESTAVIA,AL,2,87,90,81,79
011306,TANNER MEDICAL CENTER-EAST ALABAMA,WEDOWEE,AL,,,,,
010097,ELMORE COMMUNITY HOSPITAL,WETUMPKA,AL,,,,,
010086,NORTHWEST MEDICAL CENTER,WINFIELD,AL,,,,,
010138,HILL HOSPITAL OF SUMTER COUNTY,YORK,AL,,,,,
041321,BAPTIST HEALTH MEDICAL CENTER-ARKADELPHIA,ARKADELPHIA,AR,,,,,
041320,LITTLE RIVER MEMORIAL HOSPITAL,ASHDOWN,AR,,,,,
040119,WHITE RIVER MEDICAL CENTER,BATESVILLE,AR,3,91,90,84,84
040084,SALINE MEMORIAL HOSPITAL,BENTON,AR,3,91,92,83,85
041329,MERCY HOSPITAL BERRYVILLE,BERRYVILLE,AR,,,,,
040069,GREAT RIVER MEDICAL CENTER,BLYTHEVILLE,AR,,,,,
041318,MERCY HOSPITAL BOONEVILLE,BOONEVILLE,AR,,,,,
040161,ARKANSAS HEART HOSPITAL-ENCORE,BRYANT,AR,4,94,93,86,94
041306,IZARD REGIONAL HOSPITAL LLC,CALICO ROCK,AR,,,,,
040050,OUACHITA COUNTY MEDICAL CENTER,CAMDEN,AR,,,,,
040002,JOHNSON REGIONAL MEDICAL CENTER,CLARKSVILLE,AR,4,92,93,84,86
041313,OZARK HEALTH,CLINTON,AR,,,,,
040154,BAPTIST HEALTH MEDICAL CENTER- CONWAY,CONWAY,AR,4,93,92,81,90
040029,"CONWAY REGIONAL MEDICAL CENTER, INC",CONWAY,AR,3,91,92,85,89
041323,ASHLEY COUNTY MEDICAL CENTER,CROSSETT,AR,,,,,
040011,CHAMBERS MEMORIAL HOSPITAL,DANVILLE,AR,3,89,91,78,85
041302,DARDANELLE REGIONAL MEDICAL CENTER,DARDANELLE,AR,,,,,
041333,SEVIER COUNTY MEDICAL CENTER,DE QUEEN,AR,,,,,
040783,"DEWITT HOSPITAL & NURSING HOME, INC",DE WITT,AR,,,,,
041326,DELTA MEMORIAL HOSPITAL,DUMAS,AR,,,,,
040088,SOUTH ARKANSAS REGIONAL HOSPITAL LLC,EL DORADO,AR,3,92,93,82,86
040780,EUREKA SPRINGS HOSPITAL COMMISSION,EUREKA SPRINGS,AR,,,,,
04009F,FAYETTEVILLE AR VA MEDICAL CENTER,FAYETTEVILLE,AR,5,96,95,89,94
040004,WASHINGTON REGIONAL MEDICAL CENTER,FAYETTEVILLE,AR,4,91,92,87,90
041317,DALLAS COUNTY MEDICAL CENTER,FORDYCE,AR,,,,,
040019,FORREST CITY MEDICAL CENTER,FORREST CITY,AR,4,92,93,77,83
040055,BAPTIST HEALTH - FORT SMITH,FORT SMITH,AR,3,88,88,85,87
040062,MERCY HOSPITAL FORT SMITH,FORT SMITH,AR,3,91,88,83,90
041331,OZARKS COMMUNITY HOSPITAL OF GRAVETTE,GRAVETTE,AR,,,,,
040017,NORTH ARKANSAS REGIONAL MEDICAL CENTER,HARRISON,AR,3,91,90,87,83
041312,BAPTIST HEALTH MEDICAL CENTER HEBER SPRINGS,HEBER SPRINGS,AR,,,,,
040781,HELENA REGIONAL MEDICAL CENTER,HELENA,AR,,,,,
040153,SOUTHWEST ARKANSAS REGIONAL MEDICAL CENTER LLC,HOPE,AR,,,,,
041335,SOUTHWEST REGIONAL MEDICAL CENTER LLC,HOPE,AR,,,,,
040026,CHI ST. VINCENT HOSPITAL HOT SPRINGS,HOT SPRINGS,AR,3,90,89,84,87
040132,LEVI HOSPITAL,HOT SPRINGS,AR,,,,,
040078,NATIONAL PARK MEDICAL CENTER,HOT SPRINGS,AR,2,88,86,80,82
040164,UNITY HEALTH - JACKSONVILLE,JACKSONVILLE,AR,,,,,
040118,"BAPTIST MEMORIAL HOSPITAL JONESBORO, INC.",JONESBORO,AR,4,92,91,87,91
040020,ST BERNARDS MEDICAL CENTER,JONESBORO,AR,4,93,93,87,91
041328,CHICOT MEMORIAL MEDICAL CENTER,LAKE VILLAGE,AR,,,,,
043300,ARKANSAS CHILDREN'S HOSPITAL,LITTLE ROCK,AR,,,,,
040134,"ARKANSAS HEART HOSPITAL, LLC",LITTLE ROCK,AR,4,95,93,84,95
040114,BAPTIST HEALTH MEDICAL CENTER-LITTLE ROCK,LITTLE ROCK,AR,2,89,88,84,86
040007,CHI-ST VINCENT INFIRMARY,LITTLE ROCK,AR,2,89,91,84,85
040016,University of Arkansas Medical Sciences,LITTLE ROCK,AR,3,91,91,85,90
04010F,VA CENTRAL AR. VETERANS HEALTHCARE SYSTEM LR,LITTLE ROCK,AR,3,91,91,85,87
040067,MAGNOLIA REGIONAL MEDICAL CENTER,MAGNOLIA,AR,,,,,
040076,BAPTIST HEALTH MEDICAL CENTER-HOT SPRINGS COUNTY,MALVERN,AR,,,,,
041308,MCGEHEE HOSPITAL,MCGEHEE,AR,,,,,
041334,MENA REGIONAL HEALTH SYSTEM,MENA,AR,,,,,
040051,BAPTIST HEALTH MEDICAL CENTER-DREW COUNTY,MONTICELLO,AR,3,92,96,83,84
041324,CHI ST VINCENT MORRILTON,MORRILTON,AR,,,,,
040027,BAXTER HEALTH,MOUNTAIN HOME,AR,3,92,90,88,89
041310,STONE COUNTY MEDICAL CENTER,MOUNTAIN VIEW,AR,,,,,
041311,HOWARD MEMORIAL HOSPITAL,NASHVILLE,AR,5,97,98,91,95
041332,UNITY HEALTH - NEWPORT,NEWPORT,AR,,,,,
040147,ARKANSAS SURGICAL HOSPITAL,NO LITTLE ROCK,AR,4,95,92,88,94
040036,BAPTIST HEALTH MEDICAL CENTER NORTH LITTLE ROCK,NORTH LITTLE ROCK,AR,2,87,88,83,81
040782,SOUTH MISSISSIPPI COUNTY REGIONAL MEDICAL CENTER,OSCEOLA,AR,,,,,
041303,MERCY HOSPITAL OZARK,OZARK,AR,,,,,
040039,ARKANSAS METHODIST MEDICAL CENTER,PARAGOULD,AR,3,90,92,86,82
041300,MERCY HOSPITAL PARIS,PARIS,AR,,,,,
041330,PIGGOTT COMMUNITY HOSPITAL,PIGGOTT,AR,4,95,95,86,91
040071,JEFFERSON REGIONAL MEDICAL CENTER,PINE BLUFF,AR,2,89,91,81,81
040779,ST BERNARDS FIVE RIVERS MEDICAL CENTER,POCAHONTAS,AR,,,,,
040010,MERCY HOSPITAL NORTHWEST ARKANSAS,ROGERS,AR,4,92,92,88,91
040041,ST MARYS REGIONAL MEDICAL CENTER,RUSSELLVILLE,AR,3,91,89,84,81
041322,BAXTER HEALTH FULTON COUNTY HOSPITAL,SALEM,AR,,,,,
040014,WHITE COUNTY MEDICAL CENTER,SEARCY,AR,3,91,90,86,84
040137,ST VINCENT MEDICAL CENTER/NORTH,SHERWOOD,AR,3,92,91,83,88
040001,SILOAM SPRINGS REGIONAL HOSPITAL,SILOAM SPRINGS,AR,3,91,91,85,85
043301,"ARKANSAS CHILDREN'S NORTHWEST, INC",SPRINGDALE,AR,,,,,
040022,NORTHWEST MEDICAL CENTER-SPRINGDALE,SPRINGDALE,AR,3,90,90,84,86
040072,BAPTIST HEALTH MEDICAL CENTER-STUTTGART,STUTTGART,AR,,,,,
040018,BAPTIST HEALTH - VAN BUREN,VAN BUREN,AR,,,,,
041305,MERCY HOSPITAL WALDRON,WALDRON,AR,,,,,
041309,LAWRENCE MEMORIAL HOSPITAL,WALNUT RIDGE,AR,,,,,
041327,BRADLEY COUNTY MEDICAL CENTER,WARREN,AR,,,,,
040156,"BAPTIST MEMORIAL HOSPITAL-CRITTENDEN, INC",WEST MEMPHIS,AR,,,,,
041307,CROSSRIDGE COMMUNITY HOSPITAL,WYNNE,AR,,,,,
640001,LBJ TROPICAL MEDICAL CENTER,PAGO PAGO,AS,,,,,
030134,BANNER GOLDFIELD MEDICAL CENTER,APACHE JUNCTION,AZ,3,92,89,84,89
031301,BENSON HOSPITAL,BENSON,AZ,,,,,
031312,COPPER QUEEN COMMUNITY HOSPITAL,BISBEE,AZ,,,,,
030155,EXCEPTIONAL COMMUNITY HOSPITAL BULLHEAD CITY,BULLHEAD CITY,AZ,,,,,
030101,WESTERN ARIZONA REGIONAL MEDICAL CENTER,BULLHEAD CITY,AZ,2,88,84,76,81
030016,BANNER CASA GRANDE MEDICAL CENTER,CASA GRANDE,AZ,2,89,87,83,82
030147,BANNER OCOTILLO MEDICAL CENTER,CHANDLER,AZ,3,91,89,85,89
030036,CHANDLER REGIONAL MEDICAL CENTER,CHANDLER,AZ,3,93,90,87,89
030084,CHINLE COMPREHENSIVE HEALTH CARE FACILITY,CHINLE,AZ,,,,,
030007,VERDE VALLEY MEDICAL CENTER,COTTONWOOD,AZ,3,91,89,85,84
030023,FLAGSTAFF MEDICAL CENTER,FLAGSTAFF,AZ,3,91,90,86,87
030117,VALLEY VIEW MEDICAL CENTER,FORT MOHAVE,AZ,3,91,88,83,86
030071,FORT DEFIANCE INDIAN HOSPITAL,FT. DEFIANCE,AZ,3,90,91,82,86
031309,SAGE MEMORIAL HOSPITAL,GANADO,AZ,,,,,
030122,BANNER GATEWAY MEDICAL CENTER,GILBERT,AZ,3,91,90,86,90
030153,EAST VALLEY ER & HOSPITAL,GILBERT,AZ,,,,,
030119,MERCY GILBERT MEDICAL CENTER,GILBERT,AZ,3,92,88,88,90
030094,ABRAZO ARROWHEAD HOSPITAL,GLENDALE,AZ,2,88,88,80,81
030089,BANNER THUNDERBIRD MEDICAL CENTER,GLENDALE,AZ,2,86,85,80,81
031314,COBRE VALLEY REGIONAL MEDICAL CENTER,GLOBE,AZ,3,90,88,83,86
030110,ABRAZO WEST CAMPUS,GOODYEAR,AZ,1,85,84,76,74
030138,CITY OF HOPE CANCER CENTER PHOENIX,GOODYEAR,AZ,4,94,94,91,93
030195,KAYENTA ALTERNATIVE RURAL HOSPITAL,KAYENTA,AZ,,,,,
030055,KINGMAN REGIONAL MEDICAL CENTER,KINGMAN,AZ,3,90,88,83,81
030069,HAVASU REGIONAL MEDICAL CENTER,LAKE HAVASU CITY,AZ,2,90,85,83,79
030136,DIGNITY HEALTH - ARIZONA GENERAL HOSPITAL,LAVEEN,AZ,,,,,
030152,EXCEPTIONAL COMMUNITY HOSPITAL - MARICOPA,MARICOPA,AZ,,,,,
030107,ARIZONA SPINE AND JOINT HOSPITAL,MESA,AZ,4,93,92,88,91
030088,BANNER BAYWOOD MEDICAL CENTER,MESA,AZ,2,88,87,83,83
030065,BANNER DESERT MEDICAL CENTER,MESA,AZ,2,88,86,80,81
030105,BANNER HEART HOSPITAL,MESA,AZ,3,92,89,83,89
030139,DIGNITY HEALTH ARIZONA GENERAL HOSPITAL,MESA,AZ,4,93,89,86,90
030121,HONORHEALTH FOUR PEAKS MEDICAL CENTER,MESA,AZ,2,87,88,80,79
031313,HOLY CROSS HOSPITAL,NOGALES,AZ,,,,,
030114,ORO VALLEY HOSPITAL,ORO VALLEY,AZ,2,89,89,84,84
031304,PAGE HOSPITAL,PAGE,AZ,,,,,
031317,LA PAZ REGIONAL HOSPITAL,PARKER,AZ,3,90,86,86,86
031307,PARKER INDIAN HEALTH CENTER,PARKER,AZ,,,,,
031318,BANNER PAYSON MEDICAL CENTER,PAYSON,AZ,4,92,89,85,88
031320,SAN CARLOS APACHE HEALTHCARE CORPORATION,PERIDOT,AZ,,,,,
030030,ABRAZO CENTRAL CAMPUS,PHOENIX,AZ,2,86,84,76,78
030083,ABRAZO SCOTTSDALE CAMPUS,PHOENIX,AZ,2,87,87,81,76
030112,ARIZONA ORTHOPEDIC AND SURGICAL SPECIALTY HOSPITAL,PHOENIX,AZ,4,93,92,89,91
030002,BANNER - UNIVERSITY MEDICAL CENTER PHOENIX,PHOENIX,AZ,3,91,89,82,87
030115,BANNER ESTRELLA MEDICAL CENTER,PHOENIX,AZ,3,90,89,84,86
030014,HONOR HEALTH JOHN C. LINCOLN MEDICAL CENTER,PHOENIX,AZ,3,91,89,88,87
030092,HONORHEALTH DEER VALLEY MEDICAL CENTER,PHOENIX,AZ,3,92,88,88,88
030146,HONORHEALTH SONORAN CROSSING MEDICAL CENTER,PHOENIX,AZ,4,94,93,87,93
030037,HONORHEALTH TEMPE MEDICAL CENTER,PHOENIX,AZ,2,86,86,73,74
030103,MAYO CLINIC HOSPITAL,PHOENIX,AZ,5,95,95,92,97
033302,PHOENIX CHILDREN'S HOSPITAL,PHOENIX,AZ,,,,,
030078,PHOENIX INDIAN MEDICAL CENTER,PHOENIX,AZ,4,95,94,87,91
03012F,PHOENIX VA MEDICAL CENTER,PHOENIX,AZ,3,91,91,87,85
030024,ST JOSEPHS HOSPITAL AND MEDICAL CENTER,PHOENIX,AZ,3,91,90,86,90
030108,THE CORE INSTITUTE SPECIALTY HOSP,PHOENIX,AZ,4,94,91,90,91
030022,VALLEYWISE HEALTH MEDICAL CENTER,PHOENIX,AZ,3,90,90,81,87
031305,HOPI HEALTH CARE CENTER,POLACCA,AZ,,,,,
03033F,VA NORTHERN ARIZONA HEALTHCARE SYSTEM,PRESCOTT,AZ,4,94,91,86,91
030012,YAVAPAI REGIONAL MEDICAL CENTER,PRESCOTT,AZ,3,92,88,83,85
030130,BANNER IRONWOOD MEDICAL CENTER,QUEEN CREEK,AZ,3,91,88,84,87
031308,HUHU KAM MEMORIAL HOSPITAL,SACATON,AZ,,,,,
031319,MT. GRAHAM REGIONAL MEDICAL CENTER,SAFFORD,AZ,4,93,93,91,88
030148,NORTHWEST MEDICAL CENTER SAHUARITA,SAHUARITA,AZ,2,89,88,80,85
030038,HONORHEALTH SCOTTSDALE OSBORN MEDICAL CENTER,SCOTTSDALE,AZ,3,92,90,84,89
030087,HONORHEALTH SCOTTSDALE SHEA MEDICAL CENTER,SCOTTSDALE,AZ,3,91,89,84,88
030123,HONORHEALTH SCOTTSDALE THOMPSON PEAK MED CTR,SCOTTSDALE,AZ,4,93,89,85,93
030074,SELLS HOSPITAL,SELLS,AZ,,,,,
030062,SUMMIT HEALTHCARE REGIONAL MEDICAL CENTER,SHOW LOW,AZ,3,91,88,82,83
030043,CANYON VISTA MEDICAL CENTER,SIERRA VISTA,AZ,3,90,88,83,82
031315,WHITE MOUNTAIN REGIONAL MEDICAL CENTER,SPRINGERVILLE,AZ,4,94,93,84,92
030061,BANNER BOSWELL MEDICAL CENTER,SUN CITY,AZ,2,89,85,83,83
030093,BANNER DEL E. WEBB MEDICAL CENTER,SUN CITY WEST,AZ,2,88,87,83,82
030073,TUBA CITY REGIONAL HEALTH CARE CORPORATION,TUBA CITY,AZ,3,91,91,84,86
030064,BANNER - UNIVERSITY MEDICAL CENTER TUCSON CAMPUS,TUCSON,AZ,3,88,87,83,87
030111,BANNER-UNIVERSITY MEDICAL CENTER SOUTH CAMPUS,TUCSON,AZ,2,90,89,82,81
030085,NORTHWEST MEDICAL CENTER,TUCSON,AZ,1,86,84,78,75
030011,ST JOSEPH'S HOSPITAL,TUCSON,AZ,2,85,85,79,75
030010,ST. MARY'S HOSPITAL,TUCSON,AZ,2,86,86,81,78
030006,TUCSON MEDICAL CENTER,TUCSON,AZ,2,89,88,83,87
03013F,VA S. ARIZONA HEALTHCARE SYSTEM,TUCSON,AZ,4,92,91,87,91
030113,WHITERIVER PHS INDIAN HOSPITAL,WHITERIVER,AZ,3,92,92,82,89
031300,WICKENBURG COMMUNITY HOSPITAL,WICKENBURG,AZ,,,,,
031302,"NORTHERN COCHISE COMMUNITY HOSPITAL, INC.",WILLCOX,AZ,,,,,
031311,LITTLE COLORADO MEDICAL CENTER,WINSLOW,AZ,,,,,
030154,EXCEPTIONAL COMMUNITY HOSPITAL YUMA,YUMA,AZ,,,,,
030013,YUMA REGIONAL MEDICAL CENTER,YUMA,AZ,2,89,88,82,84
050211,ALAMEDA HOSPITAL,ALAMEDA,CA,3,88,90,84,84
050281,ALHAMBRA HOSPITAL MEDICAL CENTER,ALHAMBRA,CA,3,90,90,83,86
051330,MODOC MEDICAL CENTER,ALTURAS,CA,,,,,
050226,AHMC ANAHEIM REGIONAL MEDICAL CENTER,ANAHEIM,CA,2,89,86,78,80
050854,"ANAHEIM COMMUNITY HOSPITAL, LLC",ANAHEIM,CA,,,,,
050744,ANAHEIM GLOBAL MEDICAL CENTER,ANAHEIM,CA,,,,,
050609,KAISER FOUNDATION HOSPITAL - ORANGE COUNTY - ANAHEIM,ANAHEIM,CA,4,93,92,87,92
050426,WEST ANAHEIM MEDICAL CENTER,ANAHEIM,CA,1,85,83,78,79
050760,KAISER FOUNDATION HOSPITAL - ANTIOCH,ANTIOCH,CA,3,89,91,86,88
050523,SUTTER DELTA MEDICAL CENTER,ANTIOCH,CA,2,87,88,82,80
050300,PROVIDENCE ST MARY MEDICAL CENTER,APPLE VALLEY,CA,2,86,84,81,79
050238,USC ARCADIA HOSPITAL,ARCADIA,CA,2,86,87,82,81
050028,MAD RIVER COMMUNITY HOSPITAL,ARCATA,CA,4,91,92,89,88
050498,SUTTER AUBURN FAITH HOSPITAL,AUBURN,CA,4,93,92,89,91
051307,CATALINA ISLAND MEDICAL CENTER,AVALON,CA,,,,,
050455,ADVENTIST HEALTH BAKERSFIELD,BAKERSFIELD,CA,2,89,88,85,86
050036,BAKERSFIELD MEMORIAL HOSPITAL,BAKERSFIELD,CA,3,89,88,85,88
050257,"GOOD SAMARITAN HOSPITAL, LP",BAKERSFIELD,CA,,,,,
050315,KERN MEDICAL CENTER,BAKERSFIELD,CA,2,85,86,85,79
050295,MERCY HOSPITAL,BAKERSFIELD,CA,2,89,86,81,85
050723,KAISER FOUNDATION HOSPITAL - BALDWIN PARK,BALDWIN PARK,CA,3,90,91,85,89
050054,SAN GORGONIO MEMORIAL HOSPITAL,BANNING,CA,3,88,85,84,85
050298,BARSTOW COMMUNITY HOSPITAL,BARSTOW,CA,3,92,88,88,84
050305,ALTA BATES SUMMIT MEDICAL CENTER - ALTA BATES CAMP,BERKELEY,CA,2,87,89,82,83
051335,BEAR VALLEY COMMUNITY HOSPITAL,BIG BEAR LAKE,CA,,,,,
051324,NORTHERN INYO HOSPITAL,BISHOP,CA,4,93,92,91,87
051339,PALO VERDE HOSPITAL,BLYTHE,CA,,,,,
050342,PIONEERS MEMORIAL HEALTHCARE DISTRICT,BRAWLEY,CA,2,89,88,81,83
050235,PROVIDENCE SAINT JOSEPH MEDICAL CTR,BURBANK,CA,3,90,89,84,89
050007,PENINSULA MEDICAL CENTER,BURLINGAME,CA,4,93,91,88,91
050516,MERCY SAN JUAN MEDICAL CENTER,CARMICHAEL,CA,3,90,90,85,85
050488,EDEN MEDICAL CENTER,CASTRO VALLEY,CA,3,88,88,84,88
051308,SURPRISE VALLEY COMMUNITY HOSPITAL,CEDARVILLE,CA,,,,,
051327,SENECA DISTRICT HOSPITAL,CHESTER,CA,,,,,
050039,ENLOE HEALTH,CHICO,CA,3,91,89,85,89
050586,CHINO VALLEY MEDICAL CENTER,CHINO,CA,2,86,85,79,82
050222,SHARP CHULA VISTA MEDICAL CENTER,CHULA VISTA,CA,3,91,89,86,88
051317,ADVENTIST HEALTH CLEARLAKE,CLEARLAKE,CA,3,92,85,84,84
050492,CLOVIS COMMUNITY MEDICAL CENTER,CLOVIS,CA,3,90,89,87,91
051338,COALINGA REGIONAL MEDICAL CENTER,COALINGA,CA,,,,,
050245,ARROWHEAD REGIONAL MEDICAL CENTER,COLTON,CA,3,91,91,84,88
050783,COLUSA MEDICAL CENTER,COLUSA,CA,,,,,
050496,JOHN MUIR MEDICAL CENTER - CONCORD CAMPUS,CONCORD,CA,3,91,91,85,89
050329,CORONA REGIONAL MEDICAL CENTER,CORONA,CA,2,87,86,81,77
050234,SHARP CORONADO HOSPITAL AND HLTHCR CTR,CORONADO,CA,4,94,92,90,93
050543,COLLEGE HOSPITAL COSTA MESA,COSTA MESA,CA,,,,,
050382,EMANATE HEALTH INTER-COMMUNITY HOSPITAL,COVINA,CA,2,87,87,80,83
050417,SUTTER COAST HOSPITAL,CRESCENT CITY,CA,3,92,90,86,85
05020F,NH Camp Pendleton,Camp Pendleton,CA,4,94,93,91,88
050289,AHMC SETON MEDICAL CENTER,DALY CITY,CA,3,90,90,84,82
050537,SUTTER DAVIS HOSPITAL,DAVIS,CA,4,91,92,89,91
050608,ADVENTIST HEALTH DELANO,DELANO,CA,2,89,85,83,80
050139,KAISER FOUNDATION HOSPITAL - DOWNEY,DOWNEY,CA,3,90,91,86,88
050717,LAC/RANCHO LOS AMIGOS NATIONAL REHABILITATION  CTR,DOWNEY,CA,3,91,91,84,89
050393,PIH HEALTH DOWNEY HOSPITAL,DOWNEY,CA,3,91,89,83,88
050045,EL CENTRO REGIONAL MEDICAL CENTER,EL CENTRO,CA,2,85,85,84,77
050503,SCRIPPS MEMORIAL HOSPITAL - ENCINITAS,ENCINITAS,CA,4,93,92,89,91
050158,ENCINO HOSPITAL MEDICAL CENTER,ENCINO,CA,2,83,86,77,74
050115,PALOMAR HEALTH DOWNTOWN CAMPUS,ESCONDIDO,CA,3,90,88,85,85
050006,PROVIDENCE ST JOSEPH HOSPITAL,EUREKA,CA,3,89,89,85,85
050367,NORTHBAY MEDICAL CENTER,FAIRFIELD,CA,3,89,89,85,86
051305,MAYERS MEMORIAL HOSPITAL,FALL RIVER MILLS,CA,,,,,
050414,MERCY HOSPITAL OF FOLSOM,FOLSOM,CA,3,91,91,89,88
050140,KAISER FOUNDATION HOSPITAL FONTANA/ONTARIO,FONTANA,CA,4,93,92,89,91
051325,ADVENTIST HEALTH MENDOCINO COAST,FORT BRAGG,CA,4,95,96,95,90
051318,PROVIDENCE REDWOOD MEMORIAL HOSPITAL,FORTUNA,CA,4,93,94,85,92
050678,MEMORIALCARE ORANGE COAST MEDICAL CENTER,FOUNTAIN VALLEY,CA,3,90,89,87,88
050570,UCI HEALTH - FOUNTAIN VALLEY,FOUNTAIN VALLEY,CA,,,,,
050512,KAISER FOUNDATION HOSPITAL - FREMONT,FREMONT,CA,3,89,91,87,87
050195,WASHINGTON HOSPITAL,FREMONT,CA,3,89,90,84,86
050167,SAN JOAQUIN GENERAL HOSPITAL,FRENCH CAMP,CA,2,87,87,84,82
050060,COMMUNITY REGIONAL MEDICAL CENTER,FRESNO,CA,3,89,89,87,87
050708,FRESNO SURGICAL HOSPITAL,FRESNO,CA,4,94,91,90,94
05025F,FRESNO VA MEDICAL CENTER (VA CENTRAL CALIFORNIA HEALTHCARE SYSTEM),FRESNO,CA,3,89,91,89,88
050710,KAISER FOUNDATION HOSPITAL - FRESNO,FRESNO,CA,3,90,91,88,89
050093,SAINT AGNES MEDICAL CENTER,FRESNO,CA,3,89,88,83,88
050168,PROVIDENCE ST. JUDE MEDICAL CENTER,FULLERTON,CA,3,91,91,86,91
05041F,Weed ACH (FT Irwin),Fort Irwin,CA,,,,,
051309,JEROLD PHELPS COMMUNITY HOSPITAL,GARBERVILLE,CA,,,,,
050230,GARDEN GROVE HOSPITAL & MEDICAL CENTER,GARDEN GROVE,CA,1,83,82,78,80
050468,MEMORIAL HOSPITAL OF GARDENA,GARDENA,CA,1,81,81,76,69
050239,GLENDALE ADVENTIST MEDICAL CENTER,GLENDALE,CA,3,90,89,85,86
050058,GLENDALE MEM HOSPITAL & HLTH CENTER,GLENDALE,CA,3,90,88,84,85
050124,USC VERDUGO HILLS HOSPITAL,GLENDALE,CA,3,90,90,83,85
050597,EMANATE HEALTH FOOTHILL PRESBYTERIAN HOSPITAL,GLENDORA,CA,2,88,88,83,83
050150,SIERRA NEVADA MEMORIAL HOSPITAL,GRASS VALLEY,CA,3,93,90,86,88
050360,MARINHEALTH MEDICAL CENTER,GREENBRAE,CA,3,90,89,84,90
051311,ORCHARD HOSPITAL,GRIDLEY,CA,,,,,
050121,ADVENTIST HEALTH HANFORD,HANFORD,CA,3,90,88,86,84
050411,KAISER FOUNDATION HOSPITAL - SOUTH BAY,HARBOR CITY,CA,3,90,91,90,89
050002,ST ROSE HOSPITAL,HAYWARD,CA,2,88,88,82,86
051321,HEALDSBURG HOSPITAL,HEALDSBURG,CA,,,,,
050390,HEMET GLOBAL MEDICAL CENTER,HEMET,CA,1,84,83,80,67
051337,HAZEL HAWKINS MEMORIAL HOSPITAL,HOLLISTER,CA,,,,,
050135,SOUTHERN CALIFORNIA HOSPITAL AT HOLLYWOOD,HOLLYWOOD,CA,1,79,77,69,67
050526,HUNTINGTON BEACH HOSPITAL,HUNTINGTON BEACH,CA,1,82,78,69,73
050091,COMMUNITY HOSPITAL OF HUNTINGTON PARK,HUNTINGTON PARK,CA,2,87,83,80,79
050534,JOHN F KENNEDY MEMORIAL HOSPITAL,INDIO,CA,2,87,86,78,76
050739,CENTINELA HOSPITAL MEDICAL CENTER,INGLEWOOD,CA,1,81,78,71,73
050769,HOAG ORTHOPEDIC INSTITUTE,IRVINE,CA,5,94,93,92,95
050014,SUTTER AMADOR HOSPITAL,JACKSON,CA,4,93,92,88,91
050279,HI-DESERT MEDICAL CENTER,JOSHUA TREE,CA,2,88,86,83,77
051336,SOUTHERN MONTEREY COUNTY MEMORIAL HOSPITAL,KING CITY,CA,,,,,
050424,SCRIPPS GREEN HOSPITAL,LA JOLLA,CA,5,94,95,91,94
050324,SCRIPPS MEMORIAL HOSPITAL LA JOLLA,LA JOLLA,CA,4,93,92,88,93
050026,GROSSMONT HOSPITAL,LA MESA,CA,3,91,90,86,87
050580,LA PALMA INTERCOMMUNITY HOSPITAL,LA PALMA,CA,2,87,82,75,79
050603,MEMORIALCARE SADDLEBACK MEDICAL CENTER,LAGUNA HILLS,CA,3,91,90,87,89
051312,MOUNTAINS COMMUNITY HOSPITAL,LAKE ARROWHEAD,CA,,,,,
051314,KERN VALLEY HEALTHCARE DISTRICT,LAKE ISABELLA,CA,,,,,
051329,SUTTER LAKESIDE HOSPITAL,LAKEPORT,CA,4,91,91,87,89
050581,UCI HEALTH-LAKEWOOD,LAKEWOOD,CA,2,83,84,79,72
050056,ANTELOPE VALLEY HOSPITAL,LANCASTER,CA,1,85,85,78,76
050336,ADVENTIST HEALTH LODI MEMORIAL,LODI,CA,3,91,89,86,86
050778,LOMA LINDA UNIVERSITY CHILDREN'S HOSPITAL,LOMA LINDA,CA,3,91,91,85,90
050327,LOMA LINDA UNIVERSITY MEDICAL CENTER,LOMA LINDA,CA,4,92,91,86,92
05127F,LOMA LINDA VA MEDICAL CENTER,LOMA LINDA,CA,3,91,92,86,89
050110,LOMPOC VALLEY MEDICAL CENTER,LOMPOC,CA,2,86,87,89,77
051302,SOUTHERN INYO HOSPITAL,LONE PINE,CA,,,,,
050776,COLLEGE MEDICAL CENTER,LONG BEACH,CA,,,,,
053309,MEMORIAL CARE MILLER CHILDREN'S &  WOMEN'S HOSP LB,LONG BEACH,CA,,,,,
050485,MEMORIALCARE LONG BEACH MEDICAL CENTER,LONG BEACH,CA,3,89,88,84,87
050191,ST MARY MEDICAL CENTER,LONG BEACH,CA,2,87,87,82,82
05027F,VA LONG BEACH HEALTHCARE SYSTEM,LONG BEACH,CA,3,90,92,86,88
050551,UCI HEALTH - LOS ALAMITOS,LOS ALAMITOS,CA,2,88,85,79,78
050103,ADVENTIST HEALTH WHITE MEMORIAL,LOS ANGELES,CA,3,90,88,84,83
050149,CALIFORNIA HOSPITAL MEDICAL CENTER LA,LOS ANGELES,CA,2,88,86,80,83
050625,CEDARS-SINAI MEDICAL CENTER,LOS ANGELES,CA,3,90,90,85,90
053302,CHILDREN'S HOSP OF LOS ANGELES,LOS ANGELES,CA,,,,,
050785,DOCS SURGICAL HOSPITAL,LOS ANGELES,CA,,,,,
050641,EAST LOS ANGELES DOCTORS HOSPITAL,LOS ANGELES,CA,1,82,78,74,71
050063,HOLLYWOOD PRESBYTERIAN MEDICAL CENTER,LOS ANGELES,CA,2,86,85,78,82
050138,KAISER FOUNDATION HOSPITAL - LOS ANGELES,LOS ANGELES,CA,3,91,91,86,90
050561,KAISER FOUNDATION HOSPITAL - WEST LA,LOS ANGELES,CA,3,90,92,87,88
050696,KECK HOSPITAL OF USC,LOS ANGELES,CA,4,92,93,88,93
050763,L A DOWNTOWN MEDICAL CENTER,LOS ANGELES,CA,,,,,
050663,LOS ANGELES COMMUNITY HOSPITAL,LOS ANGELES,CA,1,79,75,67,64
050373,LOS ANGELES GENERAL MEDICAL CENTER,LOS ANGELES,CA,3,88,89,84,87
050779,"MARTIN LUTHER KING, JR. COMMUNITY HOSPITAL",LOS ANGELES,CA,3,86,90,85,85
050471,PIH HEALTH GOOD SAMARITAN HOSPITAL,LOS ANGELES,CA,2,88,88,79,86
050262,RONALD REAGAN UCLA MEDICAL CENTER,LOS ANGELES,CA,3,91,91,85,90
05128F,VA GREATER LOS ANGELES HEALTHCARE SYSTEM,LOS ANGELES,CA,3,89,91,86,85
050528,MEMORIAL HOSPITAL LOS BANOS,LOS BANOS,CA,3,92,90,81,83
050104,SAINT FRANCIS MEDICAL CENTER,LYNWOOD,CA,2,88,87,82,83
050856,MADERA COMMUNITY HOSPITAL,MADERA,CA,,,,,
053300,VALLEY CHILDREN'S HOSPITAL,MADERA,CA,,,,,
051303,MAMMOTH HOSPITAL,MAMMOTH LAKES,CA,5,96,96,90,94
050118,DOCTORS HOSPITAL OF MANTECA,MANTECA,CA,2,86,86,82,80
050748,KAISER FOUNDATION HOSPITAL MANTECA,MANTECA,CA,3,90,90,87,88
050740,CEDAR-SINAI MARINA DEL REY HOSPITAL,MARINA DEL REY,CA,2,88,89,81,81
051304,JOHN C FREMONT HEALTHCARE DISTRICT,MARIPOSA,CA,,,,,
050276,CONTRA COSTA REGIONAL MEDICAL CENTER,MARTINEZ,CA,3,90,91,84,88
050133,ADVENTIST HEALTH AND RIDEOUT,MARYSVILLE,CA,2,90,88,85,78
05030F,VA N CALIFORNIA HEALTHCARE SYSTEM,MATHER,CA,3,89,91,86,87
050444,MERCY MEDICAL CENTER,MERCED,CA,3,90,88,84,83
050278,PROVIDENCE HOLY CROSS MEDICAL CENTER,MISSION HILLS,CA,3,91,92,86,90
053306,CHILDREN'S HOSPITAL AT MISSION,MISSION VIEJO,CA,,,,,
050567,PROVIDENCE MISSION HOSPITAL,MISSION VIEJO,CA,3,91,89,85,89
050464,DOCTORS MEDICAL CENTER,MODESTO,CA,2,87,86,83,82
050557,MEMORIAL MEDICAL CENTER,MODESTO,CA,3,91,90,88,89
050726,STANISLAUS SURGICAL HOSPITAL,MODESTO,CA,,,,,
050758,MONTCLAIR HOSPITAL MEDICAL CENTER,MONTCLAIR,CA,2,84,84,75,79
050350,ADVENTIST HEALTH WHITE MEMORIAL MONTEBELLO,MONTEBELLO,CA,,,,,
050145,COMMUNITY HOSPITAL OF THE MONTEREY PENINSULA,MONTEREY,CA,4,92,92,85,93
050737,GARFIELD MEDICAL CENTER,MONTEREY PARK,CA,3,90,89,84,83
050736,MONTEREY PARK HOSPITAL,MONTEREY PARK,CA,2,88,85,79,80
050765,KAISER FOUNDATION HOSPITAL-MORENO VALLEY,MORENO VALLEY,CA,3,91,90,86,87
050292,RIVERSIDE UNIVERSITY HEALTH SYSTEM-MEDICAL CENTER,MORENO VALLEY,CA,2,88,88,85,83
051319,MERCY MEDICAL CENTER OF MT SHASTA,MOUNT SHASTA,CA,4,94,94,89,93
050308,EL CAMINO HEALTH,MOUNTAIN VIEW,CA,4,92,92,86,92
050770,LOMA LINDA UNIVERSITY MEDICAL CENTER-MURRIETA,MURRIETA,CA,2,87,86,81,86
050701,SOUTHWEST HEALTHCARE RANCHO SPRINGS HOSPITAL,MURRIETA,CA,3,90,87,83,85
050009,PROVIDENCE QUEEN OF THE VALLEY MEDICAL CENTER,NAPA,CA,3,91,89,82,87
050024,PARADISE VALLEY HOSPITAL,NATIONAL CITY,CA,2,87,87,80,80
051323,COLORADO RIVER MEDICAL CENTER,NEEDLES,CA,,,,,
050224,HOAG MEMORIAL HOSPITAL PRESBYTERIAN,NEWPORT BEACH,CA,4,92,92,87,93
050116,NORTHRIDGE HOSPITAL MEDICAL CENTER,NORTHRIDGE,CA,3,89,87,86,85
050771,COAST PLAZA HOSPITAL,NORWALK,CA,1,74,74,69,60
050131,NOVATO COMMUNITY HOSPITAL,NOVATO,CA,4,93,94,89,93
050067,OAK VALLEY HOSPITAL DISTRICT,OAKDALE,CA,,,,,
050043,ALTA BATES SUMMIT MEDICAL CENTER,OAKLAND,CA,3,90,92,85,91
050320,HIGHLAND HOSPITAL,OAKLAND,CA,3,88,90,82,87
050075,KAISER FOUNDATION HOSPITAL - OAKLAND/RICHMOND,OAKLAND,CA,3,89,91,85,88
053301,UCSF BENIOFF CHILDREN'S HOSPITAL OAKLAND,OAKLAND,CA,,,,,
050128,TRI-CITY MEDICAL CENTER,OCEANSIDE,CA,2,88,88,84,79
051334,COMMUNITY MEMORIAL HOSPITAL - OJAI,OJAI,CA,,,,,
050745,CHAPMAN GLOBAL MEDICAL CENTER,ORANGE,CA,,,,,
053304,CHILDREN'S HOSPITAL OF ORANGE COUNTY,ORANGE,CA,,,,,
053308,HEALTHBRIDGE CHILDREN'S HOSPITAL - ORANGE,ORANGE,CA,,,,,
050069,PROVIDENCE ST. JOSEPH HOSPITAL,ORANGE,CA,2,88,87,81,87
050348,UCI HEALTH-ORANGE,ORANGE,CA,3,89,91,87,86
050030,OROVILLE HOSPITAL,OROVILLE,CA,1,84,84,78,67
050082,ST JOHNS REGIONAL MEDICAL CENTER,OXNARD,CA,3,90,89,86,86
050243,DESERT REGIONAL MEDICAL CENTER,PALM SPRINGS,CA,2,88,85,83,81
050204,PALMDALE REGIONAL MEDICAL CENTER,PALMDALE,CA,3,90,85,81,85
053305,LUCILE SALTER PACKARD CHILDREN'S HSP AT STANFORD,PALO ALTO,CA,,,,,
05031F,PALO ALTO VA MEDICAL CENTER,PALO ALTO,CA,4,93,94,89,92
050137,KAISER FOUNDATION HOSPITAL - PANORAMA CITY,PANORAMA CITY,CA,3,90,91,87,87
050704,MISSION COMMUNITY HOSPITAL,PANORAMA CITY,CA,2,84,84,76,76
050438,HUNTINGTON HOSPITAL,PASADENA,CA,3,89,89,83,89
050136,PETALUMA VALLEY HOSPITAL,PETALUMA,CA,3,90,89,85,86
050254,MARSHALL MEDICAL CENTER,PLACERVILLE,CA,3,92,87,86,87
050283,STANFORD HEALTH CARE TRI-VALLEY,PLEASANTON,CA,3,91,92,88,89
050782,CASA COLINA HOSPITAL,POMONA,CA,,,,,
050231,POMONA VALLEY HOSPITAL MEDICAL CENTER,POMONA,CA,2,89,88,83,86
050546,PORTERVILLE DEVELOPMENTAL CENTER,PORTERVILLE,CA,,,,,
050261,SIERRA VIEW MEDICAL CENTER,PORTERVILLE,CA,3,90,89,85,79
051300,EASTERN PLUMAS HOSPITAL - PORTOLA CAMPUS,PORTOLA,CA,,,,,
050636,PALOMAR MEDICAL CENTER POWAY,POWAY,CA,2,90,87,82,83
051326,PLUMAS DISTRICT HOSPITAL,QUINCY,CA,,,,,
050573,EISENHOWER MEDICAL CENTER,RANCHO MIRAGE,CA,3,90,89,85,90
050042,ST ELIZABETH COMMUNITY HOSPITAL,RED BLUFF,CA,4,92,90,91,87
050280,MERCY MEDICAL CENTER REDDING,REDDING,CA,3,91,90,87,88
050697,PATIENTS' HOSPITAL OF REDDING,REDDING,CA,,,,,
050764,SHASTA REGIONAL MEDICAL CENTER,REDDING,CA,2,88,81,80,81
050272,REDLANDS COMMUNITY HOSPITAL,REDLANDS,CA,3,91,89,85,89
050541,KAISER FOUNDATION HOSPITAL - REDWOOD CITY,REDWOOD CITY,CA,4,92,93,89,92
050197,SEQUOIA HOSPITAL,REDWOOD CITY,CA,4,92,93,88,91
050192,ADVENTIST HEALTH REEDLEY,REEDLEY,CA,3,94,91,85,89
051333,RIDGECREST REGIONAL HOSPITAL,RIDGECREST,CA,,,,,
050686,"KAISER FOUNDATION HOSPITAL, RIVERSIDE",RIVERSIDE,CA,4,92,91,87,89
050102,PARKVIEW COMMUNITY HOSPITAL MEDICAL CENTER,RIVERSIDE,CA,2,89,86,83,81
050022,RIVERSIDE COMMUNITY HOSPITAL,RIVERSIDE,CA,2,88,86,80,83
050772,KAISER FOUNDATION HOSPITAL - ROSEVILLE,ROSEVILLE,CA,3,90,91,85,86
050309,SUTTER ROSEVILLE MEDICAL CENTER,ROSEVILLE,CA,4,92,91,89,91
050674,KAISER FOUNDATION HOSP SO SACRAMENTO,SACRAMENTO,CA,3,91,91,89,87
050425,KAISER FOUNDATION HOSPITAL - SACRAMENTO,SACRAMENTO,CA,3,90,91,86,83
050017,MERCY GENERAL HOSPITAL,SACRAMENTO,CA,4,92,92,88,91
050590,METHODIST HOSPITAL OF SACRAMENTO,SACRAMENTO,CA,3,91,91,88,84
053311,SHRINERS HOSPITALS FOR CHILDREN NORTHERN CALIF,SACRAMENTO,CA,,,,,
050108,"SUTTER MEDICAL CENTER, SACRAMENTO",SACRAMENTO,CA,3,92,91,86,91
050599,UNIVERSITY OF CALIFORNIA DAVIS MEDICAL CENTER,SACRAMENTO,CA,3,90,90,88,88
050013,ADVENTIST HEALTH ST HELENA,SAINT HELENA,CA,3,92,91,86,90
050248,NATIVIDAD MEDICAL CENTER,SALINAS,CA,3,89,90,84,87
050334,SALINAS VALLEY MEMORIAL HOSPITAL,SALINAS,CA,4,92,91,87,89
051332,MARK TWAIN MEDICAL CENTER,SAN ANDREAS,CA,4,96,93,88,90
050089,COMMUNITY HOSPITAL OF SAN BERNARDINO,SAN BERNARDINO,CA,2,88,87,82,84
050129,ST BERNARDINE MEDICAL CENTER,SAN BERNARDINO,CA,3,90,87,83,85
050515,KAISER FOUNDATION HOSPITAL - SAN DIEGO,SAN DIEGO,CA,4,92,92,90,90
053303,RADY CHILDREN'S HOSPITAL - SAN DIEGO,SAN DIEGO,CA,,,,,
050077,SCRIPPS MERCY HOSPITAL,SAN DIEGO,CA,3,90,91,87,86
050100,SHARP MEMORIAL HOSPITAL,SAN DIEGO,CA,4,92,91,88,92
050025,UC SAN DIEGO HEALTH HILLCREST - HILLCREST MED CTR,SAN DIEGO,CA,3,91,91,88,88
05114F,VA SAN DIEGO HEALTHCARE SYSTEM,SAN DIEGO,CA,4,93,94,89,88
050588,SAN DIMAS COMMUNITY HOSPITAL,SAN DIMAS,CA,2,87,84,78,77
050055,CALIFORNIA PACIFIC MEDICAL CENTER - MISSION BERNAL,SAN FRANCISCO,CA,4,92,93,88,91
050047,CALIFORNIA PACIFIC MEDICAL CENTER- VAN NESS CAMPUS,SAN FRANCISCO,CA,4,90,91,87,92
050008,CALIFORNIA PACIFIC MEDICAL CTR-DAVIES CAMPUS HOSP,SAN FRANCISCO,CA,3,90,92,88,87
050407,CHINESE HOSPITAL,SAN FRANCISCO,CA,2,89,87,86,81
050076,KAISER FOUNDATION HOSPITAL - SAN FRANCISCO,SAN FRANCISCO,CA,3,90,92,86,88
050668,LAGUNA HONDA HOSPITAL & REHABILITATION CENTER,SAN FRANCISCO,CA,,,,,
05130F,SAN FRANCISCO VA MEDICAL CENTER,SAN FRANCISCO,CA,4,93,93,90,91
050152,UCSF HEALTH SAINT FRANCIS HOSPITAL,SAN FRANCISCO,CA,2,87,87,83,81
050457,UCSF HEALTH ST. MARY'S HOSPITAL,SAN FRANCISCO,CA,2,89,90,86,82
050454,UCSF MEDICAL CENTER,SAN FRANCISCO,CA,4,92,92,87,93
050228,ZUCKERBERG SAN FRANCISCO GENERAL HOSP & TRAUMA CTR,SAN FRANCISCO,CA,3,89,89,83,87
050132,SAN GABRIEL VALLEY MEDICAL CENTER,SAN GABRIEL,CA,2,88,87,86,83
050380,GOOD SAMARITAN HOSPITAL,SAN JOSE,CA,2,90,87,83,84
050604,KAISER FOUNDATION HOSPITAL-SAN JOSE,SAN JOSE,CA,2,88,91,84,85
050125,REGIONAL MEDICAL CENTER OF SAN JOSE,SAN JOSE,CA,,,,,
050038,SANTA CLARA VALLEY MEDICAL CENTER,SAN JOSE,CA,3,90,90,83,87
050777,KAISER FOUNDATION HOSPITAL - SAN LEANDRO,SAN LEANDRO,CA,3,90,91,87,88
050506,ADVENTIST HEALTH SIERRA VISTA,SAN LUIS OBISPO,CA,2,89,89,86,81
050232,FRENCH HOSPITAL MEDICAL CENTER,SAN LUIS OBISPO,CA,3,92,91,89,91
050855,KAISER FOUNDATION HOSPITAL - SAN MARCOS,SAN MARCOS,CA,4,93,94,91,95
050113,SAN MATEO MEDICAL CENTER,SAN MATEO,CA,3,90,90,87,85
050078,PROVIDENCE LITTLE CO OF MARY MED CTR SAN PEDRO,SAN PEDRO,CA,4,92,92,86,89
050510,KAISER FOUNDATION HOSPITAL,SAN RAFAEL,CA,3,91,93,88,88
050689,SAN RAMON REGIONAL MEDICAL CENTER,SAN RAMON,CA,3,90,89,84,83
050747,COASTAL COMMUNITIES HOSPITAL,SANTA ANA,CA,,,,,
050746,ORANGE COUNTY GLOBAL MEDICAL CENTER,SANTA ANA,CA,2,86,85,81,70
050357,GOLETA VALLEY COTTAGE HOSPITAL,SANTA BARBARA,CA,4,94,92,89,93
050396,SANTA BARBARA COTTAGE HOSPITAL,SANTA BARBARA,CA,4,92,92,86,94
050071,KAISER FOUNDATION HOSPITAL-SANTA CLARA,SANTA CLARA,CA,3,90,92,88,89
050242,DOMINICAN HOSPITAL,SANTA CRUZ,CA,3,91,92,86,86
050714,SUTTER MATERNITY & SURGERY CENTER OF SANTA CRUZ,SANTA CRUZ,CA,4,93,93,92,93
050107,MARIAN REGIONAL MEDICAL CENTER,SANTA MARIA,CA,3,92,90,88,88
050290,SAINT JOHN'S HEALTH CENTER,SANTA MONICA,CA,3,89,90,79,88
050112,SANTA MONICA - UCLA MED CTR & ORTHOPAEDIC HOSPITAL,SANTA MONICA,CA,3,90,91,84,89
050690,KAISER FOUNDATION HOSPITAL-SANTA ROSA,SANTA ROSA,CA,3,91,91,86,89
050174,PROVIDENCE SANTA ROSA MEMORIAL HOSPITAL,SANTA ROSA,CA,3,90,88,86,85
050291,SUTTER SANTA ROSA REGIONAL HOSPITAL,SANTA ROSA,CA,3,92,89,88,92
050755,SHERMAN OAKS HOSPITAL,SHERMAN OAKS,CA,1,83,80,69,74
050236,ADVENTIST HEALTH SIMI VALLEY,SIMI VALLEY,CA,3,90,87,88,86
051331,SANTA YNEZ VALLEY COTTAGE HOSPITAL,SOLVANG,CA,,,,,
050090,SONOMA VALLEY HOSPITAL,SONOMA,CA,4,94,94,89,89
050335,ADVENTIST HEALTH SONORA,SONORA,CA,3,92,89,88,86
050738,GREATER EL MONTE COMMUNITY HOSPITAL,SOUTH EL MONTE,CA,3,91,90,83,86
050352,BARTON MEMORIAL HOSPITAL,SOUTH LAKE TAHOE,CA,4,92,93,89,89
050070,KAISER FOUNDATION HOSPITAL - SOUTH SAN FRANCISCO,SOUTH SAN FRANCISCO,CA,3,91,92,87,88
050441,STANFORD HEALTH CARE,STANFORD,CA,4,93,92,89,93
050122,DAMERON HOSPITAL,STOCKTON,CA,2,87,85,77,80
050084,ST JOSEPH'S MEDICAL CENTER OF STOCKTON,STOCKTON,CA,3,91,90,88,86
050684,MENIFEE GLOBAL MEDICAL CENTER,SUN CITY,CA,1,86,84,76,75
050378,PACIFICA HOSPITAL OF THE VALLEY,SUN VALLEY,CA,,,,,
051320,BANNER LASSEN MEDICAL CENTER,SUSANVILLE,CA,,,,,
050040,LAC/OLIVE VIEW-UCLA MEDICAL CENTER,SYLMAR,CA,3,90,91,86,88
05022F,NMC San Diego,San Diego,CA,4,95,94,88,91
050761,PROVIDENCE CEDARS SINAI TARZANA MEDICAL CENTER,TARZANA,CA,3,90,88,81,89
051301,ADVENTIST HEALTH TEHACHAPI VALLEY,TEHACHAPI,CA,5,95,93,92,94
050775,TEMECULA VALLEY HOSPITAL,TEMECULA,CA,3,91,89,83,88
050633,ADVENTIST HEALTH TWIN CITIES,TEMPLETON,CA,3,90,89,87,81
050549,LOS ROBLES HOSPITAL & MEDICAL CENTER,THOUSAND OAKS,CA,2,89,89,81,83
050376,LAC/HARBOR-UCLA MED CENTER,TORRANCE,CA,2,87,89,83,83
050353,PROVIDENCE LITTLE COMPANY OF MARY MED CTR TORRANCE,TORRANCE,CA,3,91,89,85,86
050351,TORRANCE MEMORIAL MEDICAL CENTER,TORRANCE,CA,3,91,91,86,92
050313,SUTTER TRACY COMMUNITY HOSPITAL,TRACY,CA,3,89,91,85,86
051328,TAHOE FOREST HOSPITAL,TRUCKEE,CA,5,95,94,91,95
050784,ADVENTIST HEALTH TULARE,TULARE,CA,3,91,90,90,83
050179,EMANUEL MEDICAL CENTER,TURLOCK,CA,2,88,87,80,81
050780,FOOTHILL REGIONAL MEDICAL CENTER,TUSTIN,CA,1,84,83,75,72
05015F,60th Medical Group (Travis AFB),Travis AFB,CA,5,94,96,93,93
05039F,NH Twentynine Palms,Twentynine Palms,CA,,,,,
050301,ADVENTIST HEALTH UKIAH VALLEY,UKIAH,CA,3,91,91,88,86
050099,SAN ANTONIO REGIONAL HOSPITAL,UPLAND,CA,2,89,87,83,86
050767,KAISER FOUNDATION HOSPITAL - VACAVILLE,VACAVILLE,CA,3,90,92,88,89
050624,HENRY MAYO NEWHALL  HOSPITAL,VALENCIA,CA,3,90,90,85,85
050073,KAISER FOUNDATION HOSPITAL AND REHAB CENTER,VALLEJO,CA,4,91,92,88,89
050101,SUTTER SOLANO MEDICAL CENTER,VALLEJO,CA,3,90,90,86,84
050126,VALLEY PRESBYTERIAN HOSPITAL,VAN NUYS,CA,2,87,84,79,83
050394,COMMUNITY MEMORIAL HOSPITAL - VENTURA,VENTURA,CA,3,91,91,86,91
050159,VENTURA COUNTY MEDICAL CENTER,VENTURA,CA,3,89,90,85,86
050709,DESERT VALLEY HOSPITAL,VICTORVILLE,CA,2,87,84,79,80
050517,VICTOR VALLEY GLOBAL MEDICAL CENTER,VICTORVILLE,CA,1,83,79,73,72
050057,KAWEAH HEALTH MEDICAL CENTER,VISALIA,CA,3,90,90,84,86
050180,JOHN MUIR MEDICAL CENTER - WALNUT CREEK CAMPUS,WALNUT CREEK,CA,3,90,90,87,90
050072,KAISER FOUNDATION HOSPITAL - WALNUT CREEK,WALNUT CREEK,CA,3,89,91,86,87
050194,WATSONVILLE COMMUNITY HOSPITAL,WATSONVILLE,CA,3,92,88,87,86
051315,TRINITY HOSPITAL,WEAVERVILLE,CA,,,,,
050481,UCLA WEST VALLEY MEDICAL CENTER,WEST HILLS,CA,1,86,83,79,75
050169,PIH HEALTH HOSPITAL-WHITTIER,WHITTIER,CA,4,92,91,86,92
050735,WHITTIER HOSPITAL MEDICAL CENTER,WHITTIER,CA,2,89,88,81,81
051310,ADVENTIST HEALTH HOWARD MEMORIAL,WILLITS,CA,4,92,91,87,93
051306,GLENN MEDICAL CENTER,WILLOWS,CA,,,,,
050127,WOODLAND MEMORIAL HOSPITAL,WOODLAND,CA,4,92,92,88,88
050677,KAISER FOUNDATION HOSPITAL - WOODLAND HILLS,WOODLAND HILLS,CA,3,91,90,86,88
051316,FAIRCHILD MEDICAL CENTER,YREKA,CA,3,95,91,86,87
050766,SUTTER SURGICAL HOSPITAL - NORTH VALLEY,YUBA CITY,CA,,,,,
060008,SAN LUIS VALLEY REGIONAL  MEDICAL CENTER,ALAMOSA,CO,3,92,91,83,84
061324,ASPEN VALLEY HOSPITAL,ASPEN,CO,4,92,91,83,91
063301,CHILDREN'S HOSPITAL COLORADO,AURORA,CO,,,,,
060100,THE MEDICAL CENTER OF AURORA & SOUTH HOSPITAL,AURORA,CO,2,86,88,80,80
060024,UNIVERSITY OF COLORADO HOSPITAL AUTHORITY,AURORA,CO,3,90,90,87,90
06005F,VA EASTERN COLORADO HEALTHCARE SYSTEM,AURORA,CO,4,93,94,89,91
060027,BOULDER COMMUNITY HEALTH,BOULDER,CO,4,92,92,88,92
060004,INTERMOUNTAIN HEALTH PLATTE VALLEY HOSPITAL,BRIGHTON,CO,4,91,91,88,89
060129,UCHEALTH BROOMFIELD HOSPITAL,BROOMFIELD,CO,4,93,92,88,88
061303,EAST MORGAN COUNTY HOSPITAL,BRUSH,CO,,,,,
061313,KIT CARSON COUNTY MEMORIAL HOSPITAL,BURLINGTON,CO,,,,,
061344,ST THOMAS MORE HOSPITAL,CANON CITY,CO,4,93,93,84,86
060125,ADVENTHEALTH CASTLE ROCK,CASTLE ROCK,CO,3,91,91,85,90
061343,KEEFE MEMORIAL HOSPITAL,CHEYENNE WELLS,CO,,,,,
060031,CENTURA HEALTH-PENROSE ST FRANCIS HEALTH SERVICES,COLORADO SPRINGS,CO,3,89,90,84,86
063303,CHILDREN'S HOSPITAL COLORADO - COLORADO SPRINGS,COLORADO SPRINGS,CO,,,,,
060133,ST FRANCIS HOSPITAL - INTERQUEST,COLORADO SPRINGS,CO,4,95,92,86,92
060022,UCH-MEMORIAL HEALTH SYSTEM,COLORADO SPRINGS,CO,3,90,90,87,88
060130,UCHEALTH GRANDVIEW HOSPITAL,COLORADO SPRINGS,CO,,,,,
061327,SOUTHWEST MEMORIAL HOSPITAL,CORTEZ,CO,5,94,95,90,90
061314,"MEMORIAL HOSPITAL, THE",CRAIG,CO,,,,,
061301,RIO GRANDE HOSPITAL,DEL NORTE,CO,,,,,
060071,DELTA COUNTY MEMORIAL HOSPITAL,DELTA,CO,3,92,91,84,87
060064,AdventHealth Porter,DENVER,CO,3,90,91,85,86
060011,DENVER HEALTH & HOSPITAL AUTHORITY,DENVER,CO,3,91,91,83,88
060014,HCA HEALTHONE PRESBYTERIAN ST LUKE'S,DENVER,CO,3,91,91,88,88
060032,HCA HEALTHONE ROSE,DENVER,CO,3,91,91,80,90
060107,NATIONAL JEWISH HEALTH,DENVER,CO,,,,,
060028,SAINT JOSEPH HOSPITAL,DENVER,CO,4,93,93,88,92
060117,"ANIMAS SURGICAL HOSPITAL, LLC",DURANGO,CO,5,98,95,91,97
060013,MERCY REGIONAL MEDICAL CENTER,DURANGO,CO,4,92,92,87,90
061300,WEISBROD MEMORIAL COUNTY HOSPITAL,EADS,CO,,,,,
060034,HCA-HEALTHONE DBA SWEDISH MEDICAL CENTER,ENGLEWOOD,CO,2,87,86,80,82
061312,ESTES PARK MEDICAL CENTER,ESTES PARK,CO,,,,,
060126,BANNER FORT COLLINS MEDICAL CENTER,FORT COLLINS,CO,4,93,93,91,91
060010,POUDRE VALLEY HOSPITAL,FORT COLLINS,CO,4,92,92,90,91
060044,ST ELIZABETH HOSPITAL,FORT MORGAN,CO,4,91,94,90,88
060118,ST ANTHONY SUMMIT MEDICAL CENTER,FRISCO,CO,4,94,92,88,94
061302,FAMILY HEALTH WEST HOSPITAL,FRUITA,CO,,,,,
06003F,Evans ACH (FT Carson),Fort Carson,CO,5,94,93,91,89
060075,VALLEY VIEW HOSPITAL ASSOCIATION,GLENWOOD SPRINGS,CO,4,92,92,88,91
060054,COMMUNITY HOSPITAL,GRAND JUNCTION,CO,4,92,94,88,93
06007F,GRAND JUNCTION VA MEDICAL CENTER,GRAND JUNCTION,CO,5,94,95,92,92
060023,INTERMOUNTAIN HEALTH ST. MARY'S REGIONAL HOSPITAL,GRAND JUNCTION,CO,3,91,91,87,88
060001,BANNER NORTH COLORADO MEDICAL CENTER,GREELEY,CO,3,91,90,86,87
060131,UCHEALTH GREELEY HOSPITAL,GREELEY,CO,4,92,91,87,91
061320,GUNNISON VALLEY HOSPITAL,GUNNISON,CO,,,,,
061304,HAXTUN HOSPITAL DISTRICT,HAXTUN,CO,,,,,
060132,UCHEALTH HIGHLANDS RANCH HOSPITAL,HIGHLANDS RANCH,CO,4,92,91,86,92
061305,MELISSA MEMORIAL HOSPITAL,HOLYOKE,CO,,,,,
061306,LINCOLN HEALTH HOSPITAL,HUGO,CO,,,,,
061310,SEDGWICK COUNTY MEMORIAL HOSPITAL,JULESBURG,CO,,,,,
061318,MIDDLE PARK MEDICAL CENTER,KREMMLING,CO,,,,,
061308,SAN LUIS VALLEY HEALTH CONEJOS COUNTY HOSPITAL,LA JARA,CO,,,,,
060116,GOOD SAMARITAN MEDICAL CENTER LLC,LAFAYETTE,CO,4,92,91,88,90
061336,ARKANSAS VALLEY REGIONAL MEDICAL CENTER,LAJUNA,CO,,,,,
060015,CENTURA HEALTH-ST ANTHONY HOSPITAL,LAKEWOOD,CO,3,89,89,85,85
060124,ORTHOCOLORADO HOSP AT ST ANTHONY MED CAMPUS,LAKEWOOD,CO,4,93,92,91,91
061323,PROWERS MEDICAL CENTER,LAMAR,CO,,,,,
061319,ST VINCENT GENERAL HOSPITAL DISTRICT,LEADVILLE,CO,,,,,
060113,AdventHealth Littleton,LITTLETON,CO,4,92,91,87,91
060112,SKY RIDGE MEDICAL CENTER,LONE TREE,CO,3,89,89,81,86
060003,LONGMONT UNITED HOSPITAL,LONGMONT,CO,3,91,89,83,86
060128,LONGS PEAK HOSPITAL,LONGMONT,CO,3,91,90,86,91
060103,ADVENTHEALTH AVISTA,LOUISVILLE,CO,4,92,92,88,91
060030,BANNER NORTH CO MEDICAL CENTER - LOVELAND CAMPUS,LOVELAND,CO,3,90,89,84,87
060119,MEDICAL CENTER OF THE ROCKIES,LOVELAND,CO,4,92,92,89,93
061325,EASTERN RIO BLANCO COUNTY HEALTH SERVICE DISTRICT,MEEKER,CO,,,,,
060006,MONTROSE REGIONAL HEALTH,MONTROSE,CO,4,93,92,90,90
061328,PAGOSA SPRINGS MEDICAL CENTER,PAGOSA SPRINGS,CO,,,,,
060114,AdventHealth Parker,PARKER,CO,4,92,91,86,89
060020,"PARKVIEW MEDICAL CENTER, INC",PUEBLO,CO,2,89,89,83,83
060012,ST MARY-CORWIN HOSPITAL,PUEBLO,CO,4,92,93,87,91
061307,RANGELY DISTRICT HOSPITAL,RANGELY,CO,,,,,
061317,GRAND RIVER HOSPITAL DISTRICT,RIFLE,CO,,,,,
061322,HEART OF THE ROCKIES REGIONAL MEDICAL CENTER,SALIDA,CO,3,90,89,89,88
061311,SOUTHEAST COLORADO HOSPITAL DISTRICT,SPRINGFIELD,CO,,,,,
060049,UCHEALTH YAMPA VALLEY MEDICAL CENTER,STEAMBOAT SPRINGS,CO,4,93,92,92,93
060076,STERLING REGIONAL MEDCENTER,STERLING,CO,4,90,92,88,83
060065,HCA HEALTHONE MOUNTAIN RIDGE,THORNTON,CO,1,85,85,77,75
061321,MT SAN RAFAEL HOSPITAL,TRINIDAD,CO,,,,,
060096,VAIL HEALTH HOSPITAL,VAIL,CO,4,92,94,91,93
061316,SPANISH PEAKS REGIONAL HEALTH CENTER,WALSENBURG,CO,,,,,
060104,CENTURA HEALTH-ST ANTHONY NORTH HEALTH CAMPUS,WESTMINSTER,CO,3,89,89,83,87
060009,LUTHERAN MEDICAL CENTER,WHEAT RIDGE,CO,4,92,92,87,91
061326,UCHEALTH PIKES PEAK REGIONAL HOSPITAL,WOODLAND PARK,CO,,,,,
061309,WRAY COMMUNITY DISTRICT HOSPITAL,WRAY,CO,,,,,
061315,YUMA DISTRICT HOSPITAL,YUMA,CO,,,,,
070038,THE CONNECTICUT HOSPICE INC.,BRANFORD,CT,,,,,
070010,BRIDGEPORT HOSPITAL,BRIDGEPORT,CT,3,91,90,85,85
070028,ST VINCENT'S MEDICAL CENTER,BRIDGEPORT,CT,3,90,91,86,87
070029,BRISTOL HOSPITAL,BRISTOL,CT,3,91,90,89,85
070033,DANBURY HOSPITAL,DANBURY,CT,3,91,90,88,88
070031,GRIFFIN HOSPITAL,DERBY,CT,3,92,90,86,90
070036,JOHN DEMPSEY HOSPITAL OF THE UNIVERSITY OF CONNECT,FARMINGTON,CT,4,93,92,89,92
070018,GREENWICH HOSPITAL ASSOCIATION -,GREENWICH,CT,3,92,91,86,89
073300,CONNECTICUT CHILDRENS MEDICAL CENTER,HARTFORD,CT,,,,,
070025,HARTFORD HOSPITAL,HARTFORD,CT,3,89,89,87,86
070002,ST FRANCIS HOSPITAL & MEDICAL CENTER,HARTFORD,CT,2,86,88,81,82
070027,MANCHESTER MEMORIAL HOSPITAL,MANCHESTER,CT,2,88,87,83,82
070017,MIDSTATE MEDICAL CENTER,MERIDEN,CT,4,93,92,88,90
070020,MIDDLESEX HOSPITAL,MIDDLETOWN,CT,4,93,92,89,90
070035,THE HOSPITAL OF CENTRAL CONNECTICUT,NEW BRITAIN,CT,3,90,91,86,84
070022,YALE-NEW HAVEN HOSPITAL,NEW HAVEN,CT,3,90,90,87,86
070007,LAWRENCE & MEMORIAL HOSPITAL,NEW LONDON,CT,3,91,90,86,85
070034,NORWALK HOSPITAL,NORWALK,CT,3,91,91,88,86
070024,WILLIAM W BACKUS HOSPITAL,NORWICH,CT,3,90,90,86,84
070003,DAY KIMBALL HOSPITAL,PUTNAM,CT,3,90,88,84,82
070004,SHARON HOSPITAL,SHARON,CT,4,93,92,89,90
070008,JOHNSON MEMORIAL HOSPITAL,STAFFORD SPRINGS,CT,3,92,90,88,84
070006,STAMFORD HOSPITAL,STAMFORD,CT,3,90,91,84,90
070011,CHARLOTTE HUNGERFORD HOSPITAL,TORRINGTON,CT,3,91,90,89,83
070016,SAINT MARY'S HOSPITAL,WATERBURY,CT,2,89,90,83,82
070005,WATERBURY HOSPITAL,WATERBURY,CT,3,89,90,87,82
07003F,WEST HAVEN VA MEDICAL CENTER,WEST HAVEN,CT,4,92,93,90,89
070021,WINDHAM COMMUNITY MEMORIAL HOSPITAL,WILLIMANTIC,CT,3,92,89,89,86
093300,CHILDREN'S NATIONAL HOSPITAL,WASHINGTON,DC,,,,,
090001,GEORGE WASHINGTON UNIV HOSPITAL,WASHINGTON,DC,2,85,90,77,82
090003,HOWARD UNIVERSITY HOSPITAL CORP,WASHINGTON,DC,2,83,88,79,75
090004,MEDSTAR GEORGETOWN UNIVERSITY HOSPITAL,WASHINGTON,DC,3,90,91,85,87
090011,MEDSTAR WASHINGTON HOSPITAL CENTER,WASHINGTON,DC,2,87,89,82,82
090005,SIBLEY MEMORIAL HOSPITAL,WASHINGTON,DC,3,89,91,85,91
090008,UNITED MEDICAL CENTER,WASHINGTON,DC,,,,,
09002F,WASHINGTON DC VA MEDICAL CENTER,WASHINGTON,DC,3,89,92,85,82
080004,"BAYHEALTH MEDICAL CENTER, KENT CAMPUS",DOVER,DE,3,90,90,85,81
080007,BEEBE MEDICAL CENTER,LEWES,DE,3,92,89,86,83
080009,"BAYHEALTH HOSPITAL, SUSSEX CAMPUS",MILFORD,DE,3,92,91,85,89
080001,CHRISTIANA HOSPITAL,NEWARK,DE,3,90,89,87,86
080006,"TIDALHEALTH NANTICOKE, INC.",SEAFORD,DE,3,92,91,88,86
083300,"NEMOURS CHILDREN'S HOSPITAL, DELAWARE",WILMINGTON,DE,,,,,
080003,ST FRANCIS HOSPITAL,WILMINGTON,DE,2,89,90,79,83
08002F,WILMINGTON VA MEDICAL CENTER,WILMINGTON,DE,3,91,91,88,85
101305,GEORGE E WEEMS MEMORIAL HOSPITAL,APALACHICOLA,FL,,,,,
100175,DESOTO MEMORIAL HOSPITAL,ARCADIA,FL,3,92,92,87,86
100080,HCA FLORIDA JFK HOSPITAL,ATLANTIS,FL,2,85,86,74,80
100131,HCA FLORIDA AVENTURA HOSPITAL,AVENTURA,FL,2,87,88,78,82
100121,BARTOW REGIONAL MEDICAL CENTER,BARTOW,FL,3,90,87,84,85
10009F,BAY PINES VA MEDICAL CENTER,BAY PINES,FL,4,93,91,86,91
100130,LAKESIDE MEDICAL CENTER,BELLE GLADE,FL,,,,,
101304,CALHOUN-LIBERTY HOSPITAL,BLOUNTSTOWN,FL,,,,,
100168,BOCA RATON REGIONAL HOSPITAL,BOCA RATON,FL,2,87,88,81,83
100268,WEST BOCA MEDICAL CENTER,BOCA RATON,FL,1,84,82,72,75
101307,DOCTORS MEMORIAL HOSPITAL,BONIFAY,FL,,,,,
100002,BETHESDA HOSPITAL EAST,BOYNTON BEACH,FL,2,85,85,79,81
100213,HCA FLORIDA BLAKE HOSPITAL,BRADENTON,FL,2,88,86,81,79
100299,LAKEWOOD RANCH MEDICAL CENTER,BRADENTON,FL,2,90,88,82,85
100035,MANATEE MEMORIAL HOSPITAL,BRADENTON,FL,2,89,87,81,82
100243,HCA FLORIDA BRANDON HOSPITAL,BRANDON,FL,2,88,86,83,79
100264,HCA FLORIDA OAK HILL HOSPITAL,BROOKSVILLE,FL,2,89,86,81,82
100071,TAMPA GENERAL HOSPITAL BROOKSVILLE,BROOKSVILLE,FL,1,86,80,77,77
100244,CAPE CORAL HOSPITAL,CAPE CORAL,FL,3,91,89,87,87
100298,FLORIDA STATE HOSPITAL UNIT 31 MED,CHATTAHOOCHEE,FL,,,,,
101308,NORTHWEST FLORIDA COMMUNITY HOSPITAL,CHIPLEY,FL,,,,,
100127,MORTON PLANT HOSPITAL,CLEARWATER,FL,4,92,90,87,92
100051,ORLANDO HEALTH SOUTH LAKE HOSPITAL,CLERMONT,FL,3,91,90,87,90
101309,HENDRY REGIONAL MEDICAL CENTER,CLEWISTON,FL,,,,,
100177,CAPE CANAVERAL HOSPITAL,COCOA BEACH,FL,3,90,89,82,87
100183,CORAL GABLES HOSPITAL,CORAL GABLES,FL,3,90,88,85,82
100296,DOCTORS HOSPITAL,CORAL GABLES,FL,3,90,92,84,88
100276,BROWARD HEALTH CORAL SPRINGS,CORAL SPRINGS,FL,3,89,89,80,87
100122,NORTH OKALOOSA MEDICAL CENTER,CRESTVIEW,FL,2,88,85,80,78
100249,TAMPA GENERAL HOSPITAL CRYSTAL RIVER,CRYSTAL RIVER,FL,2,89,85,78,79
100211,ADVENTHEALTH DADE CITY,DADE CITY,FL,4,94,91,88,90
100137,ADVENTHEALTH HEART OF FLORIDA,DAVENPORT,FL,2,89,88,85,84
100360,HCA FLORIDA UNIVERSITY HOSPITAL,DAVIE,FL,2,87,88,80,85
100068,ADVENTHEALTH DAYTONA BEACH,DAYTONA BEACH,FL,3,91,88,86,89
100017,HALIFAX HEALTH MEDICAL CENTER,DAYTONA BEACH,FL,3,90,88,82,84
100086,BROWARD HEALTH NORTH,DEERFIELD BEACH,FL,2,88,86,79,83
100365,NORTH WALTON DOCTORS HOSPITAL,DEFUNIAK SPRINGS,FL,,,,,
100045,ADVENTHEALTH DELAND,DELAND,FL,4,92,90,89,87
100258,DELRAY MEDICAL CENTER,DELRAY BEACH,FL,1,81,81,69,71
100330,HALIFAX HEALTH /UF HEALTH MEDICAL CENTER OF DELTON,DELTONA,FL,3,88,89,83,87
100043,MEASE DUNEDIN HOSPITAL,DUNEDIN,FL,4,94,92,87,92
100267,HCA FLORIDA ENGLEWOOD HOSPITAL,ENGLEWOOD,FL,3,90,89,81,85
10021F,96th Medical Group (Eglin AFB),Eglin AFB,FL,4,94,93,91,92
100140,BAPTIST MEDICAL CENTER - NASSAU,FERNANDINA BEACH,FL,3,90,91,83,90
100200,BROWARD HEALTH IMPERIAL POINT,FORT LAUDERDALE,FL,2,88,89,76,88
100039,BROWARD HEALTH MEDICAL CENTER,FORT LAUDERDALE,FL,2,87,87,80,82
100220,GULF COAST MEDICAL CENTER LEE HEALTH,FORT MYERS,FL,3,91,89,87,89
100012,LEE MEMORIAL HOSPITAL,FORT MYERS,FL,3,91,90,86,89
100246,HCA FLORIDA LAWNWOOD HOSPITAL,FORT PIERCE,FL,2,88,85,80,81
100223,HCA FLORIDA FORT WALTON-DESTIN HOSPITAL,FORT WALTON BEACH,FL,3,91,89,85,84
100073,HOLY CROSS HOSPITAL,FT LAUDERDALE,FL,2,88,88,80,87
100204,HCA FLORIDA NORTH FLORIDA HOSPITAL,GAINESVILLE,FL,2,87,87,82,82
100113,UF HEALTH SHANDS HOSPITAL,GAINESVILLE,FL,3,91,90,88,91
10057F,VA NORTH FLORIDA/SOUTH GEORGIA HEALTHCARE SYSTEM - GAINESVILLE,GAINESVILLE,FL,4,92,93,86,91
100266,GULF BREEZE HOSPITAL,GULF BREEZE,FL,4,94,93,88,93
100053,HIALEAH HOSPITAL,HIALEAH,FL,2,89,89,80,77
100050,LARKIN COMMUNITY HOSPITAL PALM SPRINGS CAMPUS,HIALEAH,FL,3,90,90,76,81
100187,PALMETTO GENERAL HOSPITAL,HIALEAH,FL,2,88,89,77,77
100038,MEMORIAL REGIONAL HOSPITAL,HOLLYWOOD,FL,2,89,89,82,86
100125,HOMESTEAD HOSPITAL,HOMESTEAD,FL,3,91,90,86,85
100256,HCA FLORIDA BAYONET POINT HOSPITAL,HUDSON,FL,2,88,85,80,80
100023,HCA FLORIDA CITRUS HOSPITAL,INVERNESS,FL,2,89,87,85,83
100040,ASCENSION ST VINCENT'S RIVERSIDE,JACKSONVILLE,FL,2,89,88,84,87
100307,ASCENSION ST VINCENT'S SOUTHSIDE,JACKSONVILLE,FL,2,89,88,82,84
100088,BAPTIST HEALTH MEDICAL CENTER - JACKSONVILLE,JACKSONVILLE,FL,3,91,89,85,90
100179,HCA FLORIDA MEMORIAL HOSPITAL,JACKSONVILLE,FL,2,89,86,79,82
100151,MAYO CLINIC,JACKSONVILLE,FL,4,94,93,89,96
100001,SHANDS JACKSONVILLE,JACKSONVILLE,FL,3,90,90,84,87
100117,BAPTIST MEDICAL CENTER  BEACHES,JACKSONVILLE BEACH,FL,4,92,92,86,93
101315,JAY HOSPITAL,JAY,FL,,,,,
100253,JUPITER MEDICAL CENTER,JUPITER,FL,3,91,91,83,91
10013F,NH Jacksonville,Jacksonville,FL,4,93,92,88,85
100150,LOWER KEYS MEDICAL CENTER,KEY WEST,FL,3,90,90,80,84
100110,HCA FLORIDA OSCEOLA HOSPITAL,KISSIMMEE,FL,2,87,87,77,80
100320,HCA FLORIDA POINCIANA HOSPITAL,KISSIMMEE,FL,2,89,87,79,83
101303,LAKE BUTLER HOSPITAL,LAKE BUTLER,FL,,,,,
100156,HCA FLORIDA LAKE CITY HOSPITAL,LAKE CITY,FL,3,91,89,83,83
10015F,VA NORTH FLORIDA/SOUTH GEORGIA HEALTHCARE SYSTEM - LAKE CITY,LAKE CITY,FL,,,,,
100099,ADVENTHEALTH LAKE WALES,LAKE WALES,FL,3,91,89,86,85
100157,LAKELAND REGIONAL MEDICAL CENTER,LAKELAND,FL,3,90,88,81,85
100248,HCA FLORIDA LARGO HOSPITAL,LARGO,FL,2,85,85,75,79
100084,UF HEALTH LEESBURG HOSPITAL,LEESBURG,FL,3,91,86,87,85
100107,HCA FLORIDA LEHIGH HOSPITAL,LEHIGH ACRES,FL,2,86,86,74,78
100269,HCA FLORIDA PALMS WEST HOSPITAL,LOXAHATCHEE,FL,2,87,87,79,81
100134,ED FRASER MEMORIAL HOSPITAL,MACCLENNY,FL,,,,,
101311,MADISON COUNTY MEMORIAL HOSPITAL,MADISON,FL,,,,,
101312,FISHERMEN'S COMMUNITY HOSPITAL,MARATHON,FL,,,,,
100189,HCA FLORIDA NORTHWEST HOSPITAL,MARGATE,FL,1,84,84,70,78
100142,JACKSON HOSPITAL,MARIANNA,FL,4,93,94,93,87
100019,HOLMES REGIONAL MEDICAL CENTER,MELBOURNE,FL,2,88,87,82,85
100291,ORLANDO HEALTH MELBOURNE HOSPITAL,MELBOURNE,FL,2,89,89,82,82
100315,VIERA HOSPITAL,MELBOURNE,FL,3,91,89,84,88
100008,BAPTIST HOSPITAL OF MIAMI,MIAMI,FL,3,90,90,84,89
100277,DOUGLAS GARDENS HOSPITAL,MIAMI,FL,,,,,
100209,HCA FLORIDA KENDALL HOSPITAL,MIAMI,FL,2,88,88,79,80
100022,JACKSON HEALTH SYSTEM,MIAMI,FL,3,89,90,82,85
100284,KERALTY HOSPITAL,MIAMI,FL,,,,,
10064F,MIAMI VA MEDICAL CENTER,MIAMI,FL,4,90,93,83,88
103301,NICKLAUS CHILDREN'S HOSPITAL,MIAMI,FL,,,,,
100029,NORTH SHORE MEDICAL CENTER,MIAMI,FL,1,83,84,71,71
100154,SOUTH MIAMI HOSPITAL,MIAMI,FL,3,90,90,83,90
100314,WEST KENDALL BAPTIST HOSPITAL,MIAMI,FL,3,90,89,83,87
100034,"MOUNT SINAI MEDICAL CENTER OF FLORIDA, INC",MIAMI BEACH,FL,3,90,90,82,88
100321,ASCENSION ST VINCENT'S CLAY COUNTY,MIDDLEBURG,FL,3,90,88,84,87
100124,SANTA ROSA MEDICAL CENTER,MILTON,FL,3,89,89,84,84
100285,MEMORIAL HOSPITAL MIRAMAR,MIRAMAR,FL,4,92,92,86,90
100292,SACRED HEART HOSPITAL ON THE EMERALD COAST,MIRAMAR BEACH,FL,4,92,92,84,89
100018,NAPLES COMMUNITY HOSPITAL,NAPLES,FL,2,88,89,81,85
100286,PHYSICIANS REGIONAL MEDICAL CENTER - PINE RIDGE,NAPLES,FL,2,88,89,80,84
100063,MORTON PLANT NORTH BAY HOSPITAL,NEW PORT RICHEY,FL,4,93,90,87,91
100014,ADVENTHEALTH NEW SMYRNA BEACH,NEW SMYRNA BEACH,FL,3,91,91,85,86
100054,HCA FLORIDA TWIN CITIES HOSPITAL,NICEVILLE,FL,4,94,92,87,93
100359,SARASOTA MEMORIAL HOSPITAL - VENICE,NORTH VENICE,FL,4,93,89,88,94
100062,ADVENTHEALTH OCALA,OCALA,FL,3,90,88,84,86
100212,MARION COMMUNTIY HOSPITAL,OCALA,FL,2,89,86,82,85
100030,ORLANDO HEALTH-HEALTH CENTRAL HOSPITAL,OCOEE,FL,3,91,91,83,88
100252,HCA FLORIDA RAULERSON HOSPITAL,OKEECHOBEE,FL,3,91,87,82,86
100072,ADVENTHEALTH FISH MEMORIAL,ORANGE CITY,FL,4,93,90,89,89
100226,HCA FLORIDA ORANGE PARK HOSPITAL,ORANGE PARK,FL,2,88,87,82,82
100007,ADVENTHEALTH ORLANDO,ORLANDO,FL,3,91,89,87,88
103304,"NEMOURS CHILDRENS HOSPITAL, FLORIDA",ORLANDO,FL,,,,,
100006,ORLANDO HEALTH,ORLANDO,FL,3,91,90,85,88
10099F,ORLANDO VA MEDICAL CENTER,ORLANDO,FL,4,93,95,88,91
100350,UCF LAKE NONA HOSPITAL,ORLANDO,FL,3,91,90,81,89
100329,OVIEDO MEDICAL CENTER,OVIEDO,FL,4,92,91,86,89
100232,HCA FLORIDA PUTNAM HOSPITAL,PALATKA,FL,2,90,88,79,81
100316,PALM BAY HOSPITAL,PALM BAY,FL,2,89,89,80,85
100176,PALM BEACH GARDENS MEDICAL CENTER,PALM BEACH GARDENS,FL,1,84,86,78,79
100363,ADVENTHEALTH PALM COAST PARKWAY,PALM COAST,FL,4,92,89,87,89
100118,AdventHealth Palm Coast,PALM COAST,FL,4,92,89,87,88
100026,ASCENSION SACRED HEART BAY,PANAMA CITY,FL,3,90,89,84,88
100242,HCA FLORIDA GULF COAST HOSPITAL,PANAMA CITY,FL,2,87,87,82,82
100230,MEMORIAL HOSPITAL PEMBROKE,PEMBROKE PINES,FL,4,92,92,83,89
100281,MEMORIAL HOSPITAL WEST,PEMBROKE PINES,FL,3,91,91,85,89
100093,BAPTIST HOSPITAL,PENSACOLA,FL,3,91,89,86,90
100231,HCA FLORIDA WEST HOSPITAL,PENSACOLA,FL,3,92,90,85,88
100025,SACRED HEART HOSPITAL,PENSACOLA,FL,2,88,88,84,84
101314,DOCTORS MEMORIAL HOSPITAL INC,PERRY,FL,,,,,
100132,SOUTH FLORIDA BAPTIST HOSPITAL,PLANT CITY,FL,3,91,88,86,89
100167,HCA FLORIDA MERCY HOSPITAL,PLANTATION,FL,2,89,89,75,83
100228,WESTSIDE REGIONAL MEDICAL CENTER,PLANTATION,FL,2,87,87,75,83
100077,Adventhealth Port Charlotte,PORT CHARLOTTE,FL,2,87,84,81,78
100236,HCA FLORIDA FAWCETT HOSPITAL,PORT CHARLOTTE,FL,1,83,82,80,73
100313,ASCENSION SACRED HEART GULF,PORT SAINT JOE,FL,,,,,
100260,ST LUCIE MEDICAL CENTER,PORT SAINT LUCIE,FL,2,88,85,81,84
100364,ADVENTHEALTH RIVERVIEW,RIVERVIEW,FL,,,,,
100265,MEASE COUNTRYSIDE HOSPITAL,SAFETY HARBOR,FL,3,93,90,86,92
100090,FLAGLER HOSPITAL,SAINT AUGUSTINE,FL,3,91,90,83,85
100302,ORLANDO HEALTH ST CLOUD HOSPITAL,SAINT CLOUD,FL,3,90,89,85,84
100238,HCA FLORIDA NORTHSIDE HOSPITAL,SAINT PETERSBURG,FL,2,87,85,79,77
100126,HCA FLORIDA PASADENA HOSPITAL A PART OF HCA FLORID,SAINT PETERSBURG,FL,3,90,90,84,87
100180,HCA FLORIDA ST PETERSBURG HOSPITAL,SAINT PETERSBURG,FL,2,90,88,80,84
103300,JOHNS HOPKINS ALL CHILDREN'S HOSPITAL,SAINT PETERSBURG,FL,,,,,
100032,ORLANDO HEALTH BAYFRONT HOSPITAL,SAINT PETERSBURG,FL,2,89,88,84,85
100067,ST ANTHONYS HOSPITAL,SAINT PETERSBURG,FL,4,92,90,86,92
100161,CENTRAL FLORIDA LAKE MONROE HOSPITAL,SANFORD,FL,1,85,84,78,75
100166,HCA FLORIDA SARASOTA DOCTORS HOSPITAL,SARASOTA,FL,3,90,88,82,85
100087,SARASOTA MEMORIAL HOSPITAL,SARASOTA,FL,3,91,89,86,90
100217,ORLANDO HEALTH SEBASTIAN RIVER HOSPITAL,SEBASTIAN,FL,2,87,88,81,79
100109,ADVENTHEALTH SEBRING,SEBRING,FL,2,89,87,85,84
100049,HCA FLORIDA HIGHLANDS HOSPITAL,SEBRING,FL,2,89,85,79,84
100181,LARKIN COMMUNITY HOSPITAL,SOUTH MIAMI,FL,,,,,
100361,ASCENSION ST VINCENT'S ST JOHNS COUNTY,ST. JOHNS,FL,3,92,90,86,89
100044,CLEVELAND CLINIC MARTIN NORTH HOSPITAL,STUART,FL,3,88,89,83,83
100259,HCA FLORIDA SOUTH SHORE HOSPITAL,SUN CITY CENTER,FL,2,87,86,80,81
100254,HCA FLORIDA CAPITAL HOSPITAL,TALLAHASSEE,FL,2,87,86,78,81
100135,TALLAHASSEE MEMORIAL HEALTHCARE,TALLAHASSEE,FL,2,88,89,80,85
100224,UNIVERSITY HOSPITAL AND MEDICAL CENTER,TAMARAC,FL,2,85,84,72,77
100173,ADVENTHEALTH TAMPA,TAMPA,FL,2,89,89,84,84
100069,AdventHealth Carrollwood,TAMPA,FL,3,91,90,85,87
100206,HCA FLORIDA SOUTH TAMPA HOSPITAL,TAMPA,FL,3,91,91,82,89
100075,ST JOSEPHS HOSPITAL,TAMPA,FL,4,92,90,86,90
100128,TAMPA GENERAL HOSPITAL,TAMPA,FL,3,90,89,84,86
10063F,TAMPA VA MEDICAL CENTER,TAMPA,FL,4,93,93,89,91
100055,ADVENTHEALTH NORTH PINELLAS,TARPON SPRINGS,FL,3,92,90,86,88
100057,ADVENTHEALTH WATERMAN,TAVARES,FL,4,92,89,88,88
101313,MARINERS HOSPITAL,TAVERNIER,FL,,,,,
100290,"VILLAGES REGIONAL HOSPITAL, THE",THE VILLAGES,FL,3,91,86,88,84
100028,PARRISH MEDICAL CENTER,TITUSVILLE,FL,2,88,88,84,81
100191,HCA FLORIDA TRINITY HOSPITAL,TRINITY,FL,2,87,86,79,83
100105,CLEVELAND CLINIC INDIAN RIVER HOSPITAL,VERO BEACH,FL,2,89,89,82,82
101300,ADVENTHEALTH WAUCHULA,WAUCHULA,FL,,,,,
100275,WELLINGTON REGIONAL MEDICAL CENTER,WELLINGTON,FL,2,84,84,78,79
100319,ADVENTHEALTH WESLEY CHAPEL,WESLEY CHAPEL,FL,4,92,89,88,91
100362,BAYCARE HOSPITAL WESLEY CHAPEL,WESLEY CHAPEL,FL,4,92,91,84,92
100287,GOOD SAMARITAN MEDICAL CENTER,WEST PALM BEACH,FL,2,86,86,77,81
100288,ST MARY'S MEDICAL CENTER,WEST PALM BEACH,FL,2,84,86,79,78
10065F,W PALM BEACH VA MEDICAL CENTER,WEST PALM BEACH,FL,3,89,92,86,89
100289,CLEVELAND CLINIC HOSPITAL,WESTON,FL,3,90,91,86,91
100052,WINTER HAVEN HOSPITAL,WINTER HAVEN,FL,3,90,88,85,85
100046,Adventhealth Zephyrhills,ZEPHYRHILLS,FL,4,92,90,87,88
110101,"SOUTHWELL MEDICAL, A CAMPUS OF TRMC",ADEL,GA,,,,,
110007,PHOEBE PUTNEY MEMORIAL HOSPITAL,ALBANY,GA,2,88,90,84,80
110253,SOUTH GEORGIA SPECIALTY HOSPITAL,ALBANY,GA,,,,,
111327,BACON COUNTY HOSPITAL,ALMA,GA,4,92,92,86,91
110044,PHOEBE SUMTER MEDICAL CENTER,AMERICUS,GA,3,90,90,86,87
110074,PIEDMONT ATHENS REGIONAL MEDICAL CENTER,ATHENS,GA,3,92,91,85,91
110006,ST MARY'S HOSPITAL,ATHENS,GA,3,90,90,81,88
113300,ATHUR M BLANK HOSPITAL,ATLANTA,GA,,,,,
113301,CHILDREN'S HEALTHCARE OF ATLANTA AT SCOTTISH RITE,ATLANTA,GA,,,,,
110010,EMORY UNIVERSITY HOSPITAL,ATLANTA,GA,3,90,92,84,90
110078,EMORY UNIVERSITY HOSPITAL MIDTOWN,ATLANTA,GA,3,88,91,82,86
110079,GRADY MEMORIAL HOSPITAL,ATLANTA,GA,2,87,89,80,85
110161,NORTHSIDE HOSPITAL,ATLANTA,GA,3,90,90,85,89
110083,"PIEDMONT HOSPITAL, INC",ATLANTA,GA,3,89,91,82,89
110082,"SAINT JOSEPH'S HOSPITAL OF ATLANTA, INC",ATLANTA,GA,3,90,92,85,89
11030F,AUGUSTA VA MEDICAL CENTER,AUGUSTA,GA,4,92,93,85,88
110177,DOCTORS HOSPITAL,AUGUSTA,GA,3,89,89,82,88
110028,PIEDMONT AUGUSTA HOSPITAL,AUGUSTA,GA,2,89,90,81,86
110034,"WELLSTAR MCG HEALTH, AFFILIATED WITH MED COL",AUGUSTA,GA,3,89,91,83,84
110143,WELLSTAR COBB MEDICAL CENTER,AUSTELL,GA,3,89,89,81,86
110132,MEMORIAL HOSPITAL AND MANOR,BAINBRIDGE,GA,3,90,93,88,80
110071,APPLING HEALTHCARE,BAXLEY,GA,,,,,
110051,UNION GENERAL HOSPITAL,BLAIRSVILLE,GA,4,91,91,87,91
111314,LIFEBRITE COMMUNITY HOSPITAL OF EARLY,BLAKELY,GA,,,,,
111338,BLUE RIDGE MEDICAL CENTER,BLUE RIDGE,GA,,,,,
111320,HIGGINS GENERAL HOSPITAL,BREMEN,GA,5,98,94,96,95
110025,SOUTHEAST GEORGIA HEALTH SYSTEM- BRUNSWICK CAMPUS,BRUNSWICK,GA,3,91,91,84,83
111310,ATRIUM HEALTH NAVICENT PEACH,BYRON,GA,3,93,91,82,90
110121,GRADY GENERAL HOSPITAL,CAIRO,GA,,,,,
110023,ADVENTHEALTH GORDON,CALHOUN,GA,4,93,93,85,90
111331,ARCHBOLD MITCHELL,CAMILLA,GA,,,,,
110008,NORTHSIDE HOSPITAL CHEROKEE,CANTON,GA,4,94,91,90,95
110011,TANNER MEDICAL CENTER - CARROLLTON,CARROLLTON,GA,3,93,91,87,87
110030,PIEDMONT CARTERSVILLE MEDICAL CENTER,CARTERSVILLE,GA,3,91,88,81,85
111330,ATRIUM HEALTH FLOYD POLK MEDICAL CENTER,CEDARTOWN,GA,,,,,
110050,ADVENTHEALTH MURRAY,CHATSWORTH,GA,5,96,97,90,94
110142,EVANS MEMORIAL HOSPITAL,CLAXTON,GA,4,95,96,84,91
111336,MOUNTAIN LAKES MEDICAL CENTER,CLAYTON,GA,,,,,
111302,BLECKLEY MEMORIAL HOSPITAL,COCHRAN,GA,,,,,
111305,MILLER COUNTY HOSPITAL,COLQUITT,GA,,,,,
110064,PIEDMONT COLUMBUS REGIONAL MIDTOWN,COLUMBUS,GA,2,89,91,81,84
110200,PIEDMONT COLUMBUS REGIONAL NORTHSIDE,COLUMBUS,GA,4,92,92,83,91
110129,ST FRANCIS HOSPITAL- EMORY HEALTHCARE,COLUMBUS,GA,3,89,90,83,85
110091,PIEDMONT ROCKDALE HOSPITAL,CONYERS,GA,2,87,89,78,80
110104,CRISP REGIONAL HOSPITAL,CORDELE,GA,3,90,90,81,84
110018,PIEDMONT NEWTON HOSPITAL,COVINGTON,GA,2,88,89,82,81
110005,NORTHSIDE HOSPITAL FORSYTH,CUMMING,GA,4,91,90,87,92
110237,NORTHEAST GEORGIA MEDICAL CENTER LUMPKIN,DAHLONEGA,GA,4,93,94,88,94
110001,HAMILTON MEDICAL CENTER,DALTON,GA,3,92,89,85,86
11029F,DECATUR (ATLANTA) VA MEDICAL CENTER,DECATUR,GA,3,88,92,83,81
110076,EMORY DECATUR HOSPITAL,DECATUR,GA,3,90,91,82,83
110041,NORTHEAST GEORGIA MEDICAL CENTER HABERSHAM,DEMOREST,GA,3,91,90,82,87
110194,DONALSONVILLE HOSPITAL INC,DONALSONVILLE,GA,,,,,
110089,"COFFEE REGIONAL MEDICAL CENTER, INC",DOUGLAS,GA,3,90,89,83,85
110184,WELLSTAR DOUGLAS MEDICAL CENTER,DOUGLASVILLE,GA,3,89,91,81,86
11031F,DUBLIN VA MEDICAL CENTER,DUBLIN,GA,,,,,
110125,FAIRVIEW PARK HOSPITAL,DUBLIN,GA,4,92,92,86,90
110252,NORTHSIDE HOSPITAL DULUTH,DULUTH,GA,3,88,90,83,87
110092,DODGE COUNTY HOSPITAL,EASTMAN,GA,,,,,
111313,PUTNAM GENERAL HOSPITAL,EATONTON,GA,,,,,
111337,ELBERT MEMORIAL HOSPITAL,ELBERTON,GA,,,,,
110215,PIEDMONT FAYETTE HOSPITAL,FAYETTEVILLE,GA,3,90,91,79,88
110073,DORMINY MEDICAL CENTER,FITZGERALD,GA,,,,,
111318,MONROE COUNTY HOSPITAL,FORSYTH,GA,,,,,
11032F,Martin ACH (FT Benning),Fort Benning,GA,5,94,93,92,92
11033F,Dwight Eisenhower AMC (FT Gordon),Fort Gordon,GA,5,95,95,90,93
11035F,Winn ACH (FT Stewart),Fort Stewart,GA,4,93,92,92,87
110029,"NORTHEAST GEORGIA MEDICAL CENTER, INC",GAINESVILLE,GA,3,89,89,84,86
111329,ST MARYS GOOD SAMARITAN HOSPITAL,GREENSBORO,GA,5,96,98,84,95
110031,WELLSTAR SPALDING MEDICAL CENTER,GRIFFIN,GA,2,87,88,85,81
110256,TAYLOR REGIONAL HOSPITAL,HAWKINSVILLE,GA,,,,,
111333,JEFF DAVIS HOSPITAL,HAZLEHURST,GA,,,,,
111324,CHATUGE REGIONAL HOSPITAL,HIAWASSEE,GA,,,,,
111335,LIBERTY REGIONAL MEDICAL CENTER,HINESVILLE,GA,,,,,
110042,WELLSTAR PAULDING MEDICAL CENTER,HIRAM,GA,3,91,91,84,92
111308,CLINCH MEMORIAL HOSPITAL,HOMERVILLE,GA,,,,,
111319,WELLSTAR SYLVAN GROVE MEDICAL CENTER,JACKSON,GA,,,,,
110225,PIEDMONT MOUNTAINSIDE HOSPITAL INC,JASPER,GA,3,91,89,85,87
110124,WAYNE MEMORIAL HOSPITAL,JESUP,GA,3,92,89,86,86
110230,EMORY JOHNS CREEK HOSPITAL,JOHNS CREEK,GA,3,88,90,81,87
110016,WELLSTAR WEST GEORGIA MEDICAL CENTER,LAGRANGE,GA,4,94,94,89,91
111326,SGMC HEALTH LANIER,LAKELAND,GA,,,,,
110027,"TY COBB REGIONAL MEDICAL CENTER, LLC",LAVONIA,GA,3,91,91,87,86
110087,NORTHSIDE HOSPITAL GWINNETT,LAWRENCEVILLE,GA,3,89,89,86,87
110226,EMORY HILLANDALE HOSPITAL,LITHONIA,GA,3,89,90,79,83
110100,JEFFERSON HOSPITAL,LOUISVILLE,GA,3,93,96,72,83
110107,ATRIUM HEALTH NAVICENT THE MEDICAL CENTER,MACON,GA,2,87,87,81,81
110164,"COLISEUM MEDICAL CENTERS, LLC, DBA",MACON,GA,3,89,89,85,87
110201,PIEDMONT MACON NORTH HOSPITAL,MACON,GA,3,90,89,80,86
111304,MORGAN MEDICAL CENTER,MADISON,GA,4,93,97,85,95
110035,WELLSTAR KENNESTONE REGIONAL MEDICAL CENTER,MARIETTA,GA,2,88,89,81,86
111334,CANDLER COUNTY HOSPITAL,METTER,GA,,,,,
110150,NAVICENT HEALTH BALDWIN,MILLEDGEVILLE,GA,2,88,88,80,79
111311,JENKINS COUNTY MEDICAL CENTER,MILLEN,GA,,,,,
110046,PIEDMONT WALTON HOSPITAL,MONROE,GA,3,90,90,84,85
110190,FLINT RIVER COMMUNITY HOSPITAL,MONTEZUMA,GA,,,,,
111303,JASPER MEMORIAL HOSPITAL,MONTICELLO,GA,,,,,
110105,COLQUITT REGIONAL MEDICAL CENTER,MOULTRIE,GA,5,94,95,87,92
110209,TURNING POINT HOSPITAL,MOULTRIE,GA,,,,,
110234,SGMC BERRIEN CAMPUS,NASHVILLE,GA,,,,,
110229,"PIEDMONT NEWNAN HOSPITAL, INC",NEWNAN,GA,3,90,90,81,87
110233,"SOUTHEASTERN REGIONAL MEDICAL CENTER, INC",NEWNAN,GA,5,95,95,92,98
110779,IRWIN COUNTY HOSPITAL,OCILLA,GA,,,,,
111332,ARCHBOLD BROOKS,QUITMAN,GA,,,,,
111323,OPTIM MEDICAL CENTER - TATTNALL,REIDSVILLE,GA,5,94,94,91,94
110236,CHI MEMORIAL HOSPITAL- GEORGIA,RINGGOLD,GA,,,,,
110165,SOUTHERN REGIONAL MEDICAL CENTER,RIVERDALE,GA,2,83,85,77,72
110168,ADVENTHEALTH REDMOND,ROME,GA,3,92,91,84,90
110054,ATRIUM HEALTH FLOYD MEDICAL CENTER,ROME,GA,3,92,89,84,88
110198,WELLSTAR NORTH FULTON MEDICAL CENTER,ROSWELL,GA,2,87,89,78,83
110146,SOUTHEAST GEORGIA HEALTH SYSTEM -- CAMDEN CAMPUS,SAINT MARYS,GA,4,95,89,85,85
110086,WASHINGTON COUNTY REGIONAL MEDICAL CENTER,SANDERSVILLE,GA,,,,,
110024,CANDLER HOSPITAL,SAVANNAH,GA,3,90,90,83,86
110036,SAVANNAH HEALTH SERVICES LLC DBA MEMORIAL HEALTH UNIVERSITY MEDICAL CENTER,SAVANNAH,GA,2,88,89,78,83
110043,ST JOSEPH'S HOSPITAL - SAVANNAH,SAVANNAH,GA,3,90,91,85,89
110192,PIEDMONT EASTSIDE MEDICAL CENTER,SNELLVILLE,GA,2,87,88,78,80
111306,EFFINGHAM HEALTH SYSTEM,SPRINGFIELD,GA,,,,,
110075,EAST GEORGIA REGIONAL MEDICAL CENTER,STATESBORO,GA,4,92,93,86,86
110191,PIEDMONT HENRY HOSPITAL,STOCKBRIDGE,GA,2,87,87,79,80
110109,EMANUEL MEDICAL CENTER,SWAINSBORO,GA,4,93,91,84,88
111312,OPTIM MEDICAL CENTER - SCREVEN,SYLVANIA,GA,,,,,
111328,PHOEBE WORTH MEDICAL CENTER,SYLVESTER,GA,,,,,
110002,UPSON REGIONAL MEDICAL CENTER,THOMASTON,GA,4,95,93,90,89
110038,ARCHBOLD MEMORIAL HOSPITAL,THOMASVILLE,GA,3,91,91,84,87
110111,UNIVERSITY MCDUFFIE COUNTY REGIONAL MEDICAL CENTER,THOMSON,GA,4,93,94,86,89
110095,TIFT REGIONAL MEDICAL CENTER,TIFTON,GA,3,90,90,81,85
110032,STEPHENS COUNTY HOSPITAL,TOCCOA,GA,4,93,92,84,89
110122,SGMC HEALTH,VALDOSTA,GA,3,91,92,85,85
110128,MEMORIAL HEALTH MEADOWS HOSPITAL,VIDALIA,GA,4,94,93,86,90
110015,TANNER MEDICAL CENTER VILLA RICA,VILLA RICA,GA,3,93,91,86,90
111316,WARM SPRINGS MEDICAL CENTER,WARM SPRINGS,GA,,,,,
110069,EMORY HOUSTON HOSPITAL WARNER ROBINS,WARNER ROBINS,GA,2,87,86,83,80
111325,WILLS MEMORIAL HOSPITAL,WASHINGTON,GA,,,,,
110003,Memorial Satilla Health,WAYCROSS,GA,4,92,92,83,86
110113,BURKE MEDICAL CENTER,WAYNESBORO,GA,4,93,92,88,94
110045,"NGMC BARROW, LLC",WINDER,GA,3,89,89,86,85
650003,GUAM REGIONAL MEDICAL CITY,DEDEDO,GU,,,,,
650001,GUAM MEMORIAL  HOSPITAL AUTHORITY,TAMUNING,GU,,,,,
120026,PALI MOMI MEDICAL CENTER,AIEA,HI,4,93,92,88,92
120005,HILO BENIOFF MEDICAL CENTER,HILO,HI,3,92,90,85,85
121307,HONOKA'A HOSPITAL AND SKILLED NURSING,HONOKAA,HI,,,,,
120011,KAISER FOUNDATION HOSPITAL,HONOLULU,HI,4,92,94,88,92
123300,KAPIOLANI MEDICAL CENTER FOR WOMEN & CHILDREN,HONOLULU,HI,,,,,
120007,KUAKINI MEDICAL CENTER,HONOLULU,HI,2,89,90,81,81
123301,SHRINERS HOSPITAL FOR CHILDREN,HONOLULU,HI,,,,,
120022,STRAUB CLINIC AND HOSPITAL,HONOLULU,HI,4,92,93,84,90
120001,THE QUEENS MEDICAL CENTER,HONOLULU,HI,4,92,92,86,90
12001F,Tripler AMC (FT Shafter),Honolulu,HI,4,94,94,89,87
121304,KAHUKU MEDICAL CENTER,KAHUKU,HI,,,,,
120006,ADVENTIST HEALTH CASTLE,KAILUA,HI,4,94,92,90,91
120028,"NORTH HAWAII COMMUNITY HOSPITAL, INC",KAMUELA,HI,3,92,90,84,90
121306,SAMUEL MAHELONA MEMORIAL HOSPITAL,KAPAA,HI,,,,,
121302,KOHALA HOSPITAL,KAPAAU,HI,,,,,
121303,MOLOKAI GENERAL HOSPITAL,KAUNAKAKAI,HI,,,,,
120019,KONA COMMUNITY HOSPITAL,KEALAKEKUA,HI,3,91,90,88,84
121308,KULA HOSPITAL,KULA,HI,,,,,
121305,LANAI COMMUNITY HOSPITAL,LANAI CITY,HI,,,,,
120014,WILCOX MEMORIAL HOSPITAL,LIHUE,HI,4,92,92,84,88
121301,KAU HOSPITAL,PAHALA,HI,,,,,
120002,MAUI MEMORIAL MEDICAL CENTER,WAILUKU,HI,3,90,89,85,84
121300,KAUAI VETERANS MEMORIAL HOSPITAL,WAIMEA,HI,4,94,94,87,95
161342,MONROE COUNTY HOSPITAL,ALBIA,IA,,,,,
161353,KOSSUTH REGIONAL HEALTH CENTER,ALGONA,IA,,,,,
160030,MARY GREELEY MEDICAL CENTER,AMES,IA,4,93,92,88,93
161306,JONES REGIONAL MEDICAL CENTER,ANAMOSA,IA,,,,,
161376,CASS COUNTY MEMORIAL HOSPITAL,ATLANTIC,IA,4,93,91,89,92
161330,AUDUBON COUNTY MEMORIAL HOSPITAL,AUDUBON,IA,,,,,
161301,IOWA SPECIALTY HOSPITAL - BELMOND,BELMOND,IA,,,,,
160104,TRINITY - BETTENDORF,BETTENDORF,IA,3,90,89,87,86
161327,DAVIS COUNTY HOSPITAL,BLOOMFIELD,IA,,,,,
161372,BOONE COUNTY HOSPITAL,BOONE,IA,,,,,
161307,HANCOCK COUNTY HEALTH SYSTEM,BRITT,IA,,,,,
161382,ST ANTHONY REGIONAL HOSPITAL & NURSING HOME,CARROLL,IA,5,94,95,91,92
160040,"SARTORI MEMORIAL HOSPITAL, INC",CEDAR FALLS,IA,,,,,
160079,MERCY MEDICAL CENTER - CEDAR RAPIDS,CEDAR RAPIDS,IA,4,92,90,87,92
160045,ST LUKES HOSPITAL,CEDAR RAPIDS,IA,4,93,92,88,91
161377,MERCYONE CENTERVILLE MEDICAL CENTER,CENTERVILLE,IA,,,,,
161341,LUCAS COUNTY HEALTH CENTER,CHARITON,IA,,,,,
161347,FLOYD COUNTY MEDICAL CENTER,CHARLES CITY,IA,,,,,
161362,CHEROKEE REGIONAL MEDICAL CENTER,CHEROKEE,IA,,,,,
161352,CLARINDA REGIONAL HEALTH CENTER,CLARINDA,IA,,,,,
161302,IOWA SPECIALTY HOSPITAL - CLARION,CLARION,IA,4,93,92,90,94
160080,MERCYONE CLINTON MEDICAL CENTER,CLINTON,IA,4,94,92,87,86
161304,CHI HEALTH - MERCY CORNING,CORNING,IA,,,,,
161358,WAYNE COUNTY HOSPITAL,CORYDON,IA,,,,,
160028,CHI HEALTH MERCY COUNCIL BLUFFS,COUNCIL BLUFFS,IA,2,89,88,85,84
160047,METHODIST JENNIE EDMUNDSON,COUNCIL BLUFFS,IA,4,93,90,89,89
161328,REGIONAL HEALTH SERVICES OF HOWARD COUNTY,CRESCO,IA,,,,,
161365,GREATER REGIONAL MEDICAL CENTER,CRESTON,IA,4,93,93,86,88
160033,GENESIS MEDICAL CENTER-DAVENPORT,DAVENPORT,IA,3,89,89,84,85
161371,WINNMED,DECORAH,IA,4,94,94,87,92
161369,CRAWFORD COUNTY MEMORIAL HOSPITAL,DENISON,IA,,,,,
160101,BROADLAWNS MEDICAL CENTER,DES MOINES,IA,3,90,91,85,90
160083,MERCYONE DES MOINES MEDICAL CENTER,DES MOINES,IA,2,87,87,82,81
160082,UNITYPOINT HEALTH - DES MOINES IOWA METHODIST MEDI,DES MOINES,IA,3,90,91,85,88
16003F,VA CENTRAL IOWA HEALTHCARE SYSTEM,DES MOINES,IA,4,93,93,85,89
161313,GENESIS MEDICAL CENTER-DEWITT,DEWITT,IA,,,,,
160117,FINLEY HOSPITAL,DUBUQUE,IA,4,93,91,87,89
160069,MERCYONE DUBUQUE MEDICAL CENTER,DUBUQUE,IA,4,93,92,89,90
161378,MERCYONE DYERSVILLE MEDICAL CENTER,DYERSVILLE,IA,,,,,
161319,MERCYONE ELKADER MEDICAL CENTER,ELKADER,IA,,,,,
161357,PALO ALTO COUNTY HOSPITAL,EMMETSBURG,IA,,,,,
161351,AVERA HOLY FAMILY HOSPITAL,ESTHERVILLE,IA,,,,,
161364,JEFFERSON COUNTY HEALTH CENTER,FAIRFIELD,IA,4,94,88,87,88
160016,TRINITY REGIONAL MEDICAL CENTER,FORT DODGE,IA,3,92,89,85,81
161310,ADAIR COUNTY MEMORIAL HOSPITAL,GREENFIELD,IA,,,,,
160147,GRINNELL REGIONAL MEDICAL CENTER,GRINNELL,IA,4,93,92,84,89
161303,GRUNDY COUNTY MEMORIAL HOSPITAL,GRUNDY CENTER,IA,,,,,
161314,GUTHRIE COUNTY HOSPITAL,GUTHRIE CENTER,IA,,,,,
161312,GUTTENBERG MUNICIPAL HOSPITAL,GUTTENBERG,IA,,,,,
161324,GEORGE C GRAPE COMMUNITY HOSPITAL,HAMBURG,IA,,,,,
161308,FRANKLIN GENERAL HOSPITAL,HAMPTON,IA,,,,,
161374,MYRTUE MEDICAL CENTER,HARLAN,IA,5,94,94,89,92
161311,HAWARDEN REGIONAL HEALTHCARE,HAWARDEN,IA,,,,,
161334,HUMBOLDT COUNTY MEMORIAL HOSPITAL,HUMBOLDT,IA,,,,,
161354,HORN MEMORIAL HOSPITAL,IDA GROVE,IA,,,,,
161335,BUCHANAN COUNTY HEALTH CENTER,INDEPENDENCE,IA,,,,,
16004F,IOWA CITY VA MEDICAL CENTER,IOWA CITY,IA,4,93,92,91,92
160029,UNIVERSITY OF IOWA HEALTH CARE MEDICAL CENTER DOWN,IOWA CITY,IA,3,90,90,83,89
160058,UNIVERSITY OF IOWA HOSPITAL & CLINICS,IOWA CITY,IA,3,90,90,87,89
161380,HANSEN FAMILY HOSPITAL,IOWA FALLS,IA,,,,,
161325,GREENE COUNTY MEDICAL CENTER,JEFFERSON,IA,,,,,
161337,VAN BUREN COUNTY HOSPITAL,KEOSAUQUA,IA,,,,,
161355,KNOXVILLE HOSPITAL & CLINICS,KNOXVILLE,IA,,,,,
161350,STEWART MEMORIAL COMMUNITY HOSPITAL,LAKE CITY,IA,,,,,
161368,FLOYD VALLEY HEALTHCARE,LE MARS,IA,4,90,96,91,88
161340,DECATUR COUNTY HOSPITAL,LEON,IA,,,,,
161343,REGIONAL MEDICAL CENTER,MANCHESTER,IA,4,93,93,89,90
161332,MANNING REGIONAL HEALTHCARE CENTER,MANNING,IA,,,,,
161329,JACKSON COUNTY REGIONAL HEALTH CENTER,MAQUOKETA,IA,,,,,
161317,COMPASS MEMORIAL HEALTHCARE,MARENGO,IA,5,95,96,91,93
160001,UNITYPOINT HEALTH - MARSHALLTOWN,MARSHALLTOWN,IA,3,91,91,86,85
160064,MERCYONE NORTH IOWA MEDICAL CENTER,MASON CITY,IA,3,90,89,87,83
161309,CHI HEALTH MISSOURI VALLEY,MISSOURI VALLEY,IA,,,,,
161373,RINGGOLD COUNTY HOSPITAL,MOUNT AYR,IA,,,,,
161356,HENRY COUNTY HEALTH CENTER,MOUNT PLEASANT,IA,,,,,
160013,TRINITY MUSCATINE,MUSCATINE,IA,3,92,82,83,82
161333,STORY COUNTY HOSPITAL,NEVADA,IA,,,,,
161331,MERCY MEDICAL CENTER-NEW HAMPTON,NEW HAMPTON,IA,,,,,
160032,MERCYONE NEWTON MEDICAL CENTER,NEWTON,IA,,,,,
161338,MERCYONE OELWEIN MEDICAL CENTER,OELWEIN,IA,,,,,
161359,BURGESS HEALTH CENTER,ONAWA,IA,5,94,96,95,93
161360,ORANGE CITY AREA HEALTH SYSTEM,ORANGE CITY,IA,5,95,96,91,96
161323,MITCHELL COUNTY REGIONAL HEALTH,OSAGE,IA,,,,,
161348,CLARKE COUNTY HOSPITAL,OSCEOLA,IA,,,,,
161379,MAHASKA  HEALTH PARTNERSHIP,OSKALOOSA,IA,4,92,94,85,92
160089,OTTUMWA REGIONAL HEALTH CENTER,OTTUMWA,IA,2,86,83,83,73
161367,PELLA REGIONAL HEALTH CENTER,PELLA,IA,4,92,92,90,91
161322,DALLAS COUNTY HOSPITAL,PERRY,IA,,,,,
161305,POCAHONTAS COMMUNITY HOSPITAL,POCAHONTAS,IA,,,,,
161363,MONTGOMERY COUNTY MEMORIAL HOSPITAL,RED OAK,IA,,,,,
161321,AVERA MERRILL PIONEER HOSPITAL,ROCK RAPIDS,IA,,,,,
161336,HEGG MEMORIAL HEALTH CENTER,ROCK VALLEY,IA,,,,,
161370,LORING HOSPITAL,SAC CITY,IA,,,,,
161381,SANFORD SHELDON MEDICAL CENTER,SHELDON,IA,,,,,
161366,SHENANDOAH MEDICAL CENTER,SHENANDOAH,IA,,,,,
161345,OSCEOLA COMMUNITY HOSPITAL,SIBLEY,IA,,,,,
161315,KEOKUK COUNTY HEALTH CENTER,SIGOURNEY,IA,,,,,
161346,SIOUX CENTER HEALTH,SIOUX CENTER,IA,5,95,95,89,93
160153,MERCYONE SIOUXLAND MEDICAL CENTER,SIOUX CITY,IA,2,88,87,84,79
160146,ST LUKES REGIONAL MEDICAL CENTER,SIOUX CITY,IA,3,90,89,87,89
160112,SPENCER MUNICIPAL HOSPITAL,SPENCER,IA,4,93,93,92,92
160124,LAKES REGIONAL HEALTHCARE,SPIRIT LAKE,IA,5,95,95,92,92
161375,BUENA VISTA REGIONAL MEDICAL CENTER,STORM LAKE,IA,4,93,94,91,92
161320,COMMUNITY MEMORIAL HOSPITAL MEDICAL CENTER,SUMNER,IA,,,,,
161349,VIRGINIA GAY HOSPITAL,VINTON,IA,,,,,
161344,WASHINGTON COUNTY HOSPITAL AND CLINICS,WASHINGTON,IA,,,,,
160110,ALLEN HOSPITAL,WATERLOO,IA,3,89,88,87,87
160067,MERCYONE WATERLOO MEDICAL CENTER,WATERLOO,IA,3,90,90,87,86
161318,VETERANS MEMORIAL HOSPITAL,WAUKON,IA,5,94,96,88,92
161339,WAVERLY HEALTH CENTER,WAVERLY,IA,5,94,92,90,93
161361,VAN DIEST MEDICAL CENTER,WEBSTER CITY,IA,5,96,97,93,95
160057,SOUTHEAST IOWA REGIONAL MEDICAL CENTER,WEST BURLINGTON,IA,2,89,87,86,81
161316,GUNDERSEN PALMER LUTHERAN HOSPITAL AND CLINICS,WEST UNION,IA,,,,,
161326,MADISON COUNTY HEALTH CARE SYSTEM,WINTERSET,IA,,,,,
131304,POWER COUNTY HOSPITAL DISTRICT,AMERICAN FALLS,ID,,,,,
131324,LOST RIVERS MEDICAL CENTER,ARCO,ID,,,,,
131325,BINGHAM MEMORIAL HOSPITAL,BLACKFOOT,ID,3,89,91,86,86
130073,GROVE CREEK MEDICAL CENTER,BLACKFOOT,ID,,,,,
13003F,BOISE VA MEDICAL CENTER,BOISE,ID,5,95,95,91,95
130007,SAINT ALPHONSUS REGIONAL MEDICAL CENTER,BOISE,ID,3,91,91,87,91
130006,ST LUKE'S REGIONAL MEDICAL CENTER,BOISE,ID,4,93,93,91,93
130063,TREASURE VALLEY HOSPITAL,BOISE,ID,5,97,95,91,95
131301,BOUNDARY COMMUNITY HOSPITAL,BONNERS FERRY,ID,,,,,
131326,CASSIA REGIONAL HOSPITAL,BURLEY,ID,4,93,92,88,87
130014,WEST VALLEY MEDICAL CENTER,CALDWELL,ID,4,93,92,89,90
130779,CASCADE MEDICAL CENTER,CASCADE,ID,,,,,
130049,KOOTENAI HEALTH,COEUR D'ALENE,ID,3,91,91,87,88
131321,ST MARY'S HOSPITAL,COTTONWOOD,ID,,,,,
131313,TETON VALLEY HOSPITAL,DRIGGS,ID,,,,,
131318,VALOR HEALTH,EMMETT,ID,,,,,
131302,NORTH CANYON MEDICAL CENTER,GOODING,ID,,,,,
131315,SYRINGA GENERAL HOSPITAL,GRANGEVILLE,ID,,,,,
130018,EASTERN IDAHO REGIONAL MEDICAL CENTER,IDAHO FALLS,ID,3,90,89,86,85
130074,"IDAHO FALLS COMMUNITY HOSPITAL, LLC",IDAHO FALLS,ID,4,91,92,89,92
130065,MOUNTAIN VIEW HOSPITAL,IDAHO FALLS,ID,4,92,94,83,92
131310,ST LUKE'S JEROME,JEROME,ID,,,,,
131314,SHOSHONE MEDICAL CENTER,KELLOGG,ID,,,,,
131323,ST LUKE'S WOOD RIVER MEDICAL CENTER,KETCHUM,ID,5,95,95,91,92
130003,ST JOSEPH REGIONAL MEDICAL CENTER,LEWISTON,ID,3,91,90,86,83
131303,NELL J REDFIELD MEMORIAL HOSPITAL,MALAD CITY,ID,,,,,
131312,ST LUKE'S MCCALL,MCCALL,ID,5,95,95,92,94
131316,BEAR LAKE MEMORIAL HOSPITAL,MONTPELIER,ID,,,,,
131327,GRITMAN MEDICAL CENTER,MOSCOW,ID,5,95,94,90,90
131311,ST LUKE'S ELMORE MEDICAL CENTER,MOUNTAIN HOME,ID,5,96,95,93,93
130013,SAINT ALPHONSUS MEDICAL CENTER - NAMPA,NAMPA,ID,4,91,91,88,92
130071,ST LUKE'S NAMPA MEDICAL CENTER,NAMPA,ID,4,92,91,90,92
131320,CLEARWATER VALLEY HOSPITAL & CLINICS,OROFINO,ID,4,92,95,82,81
130028,PORTNEUF MEDICAL CENTER,POCATELLO,ID,3,90,89,89,83
130066,NORTHWEST SPECIALTY HOSPITAL,POST FALLS,ID,4,93,94,91,93
131322,FRANKLIN COUNTY MEDICAL CENTER,PRESTON,ID,,,,,
130025,MADISON MEMORIAL HOSPITAL,REXBURG,ID,3,90,92,85,86
131319,MINIDOKA MEMORIAL HOSPITAL,RUPERT,ID,,,,,
131317,BENEWAH COMMUNITY HOSPITAL,SAINT MARIES,ID,,,,,
131305,STEELE MEMORIAL MEDICAL CENTER,SALMON,ID,,,,,
131328,BONNER GENERAL HOSPITAL,SANDPOINT,ID,4,96,94,88,89
131309,CARIBOU MEDICAL CENTER,SODA SPRINGS,ID,,,,,
130002,ST LUKES MAGIC VALLEY MEDICAL CENTER,TWIN FALLS,ID,3,91,92,89,85
131307,WEISER MEMORIAL HOSPITAL,WEISER,ID,,,,,
141304,"GENESIS MEDICAL CENTER, ALEDO",ALEDO,IL,,,,,
140002,ALTON MEMORIAL HOSPITAL,ALTON,IL,4,94,93,89,91
140052,OSF SAINT ANTHONY'S HEALTH CENTER,ALTON,IL,3,92,90,85,90
141342,DEACONESS ILLINOIS UNION COUNTY,ANNA,IL,,,,,
140252,NORTHWEST COMMUNITY HOSPITAL 1,ARLINGTON HEIGHTS,IL,2,89,90,81,85
140029,COPLEY MEMORIAL HOSPITAL,AURORA,IL,3,91,90,87,87
140174,PRESENCE MERCY MEDICAL CENTER,AURORA,IL,2,89,85,82,81
140291,ADVOCATE GOOD SHEPHERD HOSPITAL,BARRINGTON,IL,4,93,91,89,90
140185,MEMORIAL HOSPITAL,BELLEVILLE,IL,4,93,92,89,90
141321,FRANKLIN HOSPITAL,BENTON,IL,,,,,
140054,MACNEAL  HOSPITAL,BERWYN,IL,3,89,89,81,83
140162,ST JOSEPH MEDICAL CENTER,BLOOMINGTON,IL,3,91,89,84,85
140304,UCHICAGO MEDICINE ADVENTHEALTH BOLINGBROOK,BOLINGBROOK,IL,3,91,90,85,84
140145,ST JOSEPHS HOSPITAL,BREESE,IL,4,93,93,87,87
140001,GRAHAM HOSPITAL ASSOCIATION,CANTON,IL,3,91,92,85,85
140164,MEMORIAL HOSPITAL OF CARBONDALE,CARBONDALE,IL,3,91,90,81,85
141347,CARLINVILLE AREA HOSPITAL,CARLINVILLE,IL,,,,,
141300,THOMAS H BOYD MEMORIAL HOSPITAL,CARROLLTON,IL,,,,,
141305,MEMORIAL HOSPITAL,CARTHAGE,IL,5,98,95,93,95
140034,SSM HEALTH ST MARY'S HOSPITAL -CENTRALIA,CENTRALIA,IL,3,93,90,85,79
140077,TOUCHETTE REGIONAL HOSPITAL INC,CENTREVILLE,IL,,,,,
141338,MEMORIAL HOSPITAL,CHESTER,IL,,,,,
140182,ADVOCATE ILLINOIS MASONIC MEDICAL CENTER,CHICAGO,IL,3,92,91,88,88
140048,ADVOCATE TRINITY HOSPITAL,CHICAGO,IL,3,89,90,85,80
140117,AMITA HEALTH RESURRECTION MEDICAL CENTER,CHICAGO,IL,2,88,89,82,86
143300,ANN & ROBERT H LURIE CHILDRENS HOSPITAL OF CHICAGO,CHICAGO,IL,,,,,
140251,COMMUNITY FIRST MEDICAL CENTER,CHICAGO,IL,,,,,
140133,HOLY CROSS HOSPITAL,CHICAGO,IL,1,83,84,76,72
140206,HUMBOLDT PARK HEALTH,CHICAGO,IL,2,84,86,74,77
140158,INSIGHT HOSPITAL AND MEDICAL CENTER CHICAGO,CHICAGO,IL,2,84,87,75,76
140177,JACKSON PARK HOSPITAL,CHICAGO,IL,,,,,
14003F,JESSE BROWN VA MEDICAL CENTER - VA CHICAGO HEALTHCARE SYSTEM,CHICAGO,IL,4,91,93,88,87
140124,JOHN H STROGER JR HOSPITAL,CHICAGO,IL,2,87,91,79,86
143301,LARABIDA CHILDRENS HOSPITAL I,CHICAGO,IL,,,,,
140083,LORETTO HOSPITAL,CHICAGO,IL,,,,,
140082,LOUIS A WEISS MEMORIAL HOSPITAL,CHICAGO,IL,,,,,
140197,METHODIST HOSPITAL OF CHICAGO,CHICAGO,IL,,,,,
140018,MT SINAI HOSPITAL MEDICAL CENTER,CHICAGO,IL,1,85,87,76,75
140281,NORTHWESTERN MEMORIAL HOSPITAL,CHICAGO,IL,4,92,92,87,93
140224,PRESENCE SAINT JOSEPH HOSPITAL - CHICAGO,CHICAGO,IL,3,91,92,85,88
140180,PRESENCE SAINTS MARY AND ELIZABETH MEDICAL CENTER,CHICAGO,IL,3,90,91,81,86
140300,PROVIDENT HOSPITAL OF CHICAGO,CHICAGO,IL,,,,,
140068,ROSELAND COMMUNITY HOSPITAL,CHICAGO,IL,2,81,85,72,69
140119,RUSH UNIVERSITY MEDICAL CENTER,CHICAGO,IL,3,92,91,86,90
140095,SAINT ANTHONY HOSPITAL,CHICAGO,IL,3,90,91,82,87
143302,SHRINERS HOSPITAL FOR CHILDREN,CHICAGO,IL,,,,,
140181,SOUTH SHORE HOSPITAL,CHICAGO,IL,,,,,
140103,ST BERNARD HOSPITAL,CHICAGO,IL,,,,,
140114,SWEDISH HOSPITAL,CHICAGO,IL,2,89,89,79,82
140088,THE UNIVERSITY OF CHICAGO MEDICAL CENTER,CHICAGO,IL,3,91,92,85,88
140115,THOREK MEMORIAL HOSPITAL,CHICAGO,IL,,,,,
140150,UNIVERSITY OF ILLINOIS HOSPITAL AND CLINICS,CHICAGO,IL,3,90,90,83,85
141303,WARNER HOSPITAL AND HEALTH SERVICES,CLINTON,IL,,,,,
140308,MERCYHEALTH HOSPITAL & PHYSICIAN CLINIC-CRYSTAL LA,CRYSTAL LAKE,IL,,,,,
140093,OSF SACRED HEART MEDICAL CENTER,DANVILLE,IL,2,91,87,81,81
14004F,VA ILLIANA HEALTHCARE SYSTEM - DANVILLE,DANVILLE,IL,,,,,
140135,DECATUR MEMORIAL HOSPITAL,DECATUR,IL,2,89,88,82,83
140166,ST MARYS HOSPITAL,DECATUR,IL,3,90,90,83,82
140286,NORTHWESTERN MEDICINE KISHWAUKEE HOSPITAL,DEKALB,IL,3,91,89,89,86
140012,OSF SAINT KATHARINE MEDICAL CENTER,DIXON,IL,3,90,88,83,85
140288,ADVOCATE GOOD SAMARITAN HOSPITAL,DOWNERS GROVE,IL,3,92,91,87,88
141331,MARSHALL BROWNING HOSPITAL,DU QUOIN,IL,,,,,
140032,ST ANTHONYS MEMORIAL HOSPITAL,EFFINGHAM,IL,4,93,92,89,88
141324,FERRELL HOSPITAL COMMUNITY FOUNDATIONS,ELDORADO,IL,,,,,
140030,ADVOCATE SHERMAN HOSPITAL,ELGIN,IL,4,92,91,90,90
140217,SAINT JOSEPH HOSPITAL-ELGIN,ELGIN,IL,3,90,87,83,83
140258,ALEXIAN BROTHERS MEDICAL CENTER 1,ELK GROVE VILLAGE,IL,2,89,87,86,84
140200,ELMHURST MEMORIAL HOSPITAL,ELMHURST,IL,3,92,90,84,90
141309,CARLE EUREKA  HOSPITAL,EUREKA,IL,,,,,
140010,NORTHSHORE UNIVERSITY HEALTHSYSTEM - EVANSTON HOSPITAL,EVANSTON,IL,3,91,91,87,87
140080,SAINT FRANCIS HOSPITAL-EVANSTON,EVANSTON,IL,2,88,88,80,83
140179,OSF LITTLE COMPANY OF MARY MEDICAL CENTER,EVERGREEN PARK,IL,3,92,90,80,88
141311,FAIRFIELD MEMORIAL HOSPITAL 1,FAIRFIELD,IL,,,,,
141351,CLAY COUNTY HOSPITAL,FLORA,IL,,,,,
140160,FHN MEMORIAL HOSPITAL,FREEPORT,IL,4,94,92,88,86
141302,MIDWEST MEDICAL CENTER,GALENA,IL,5,97,98,93,96
140064,ST MARY MEDICAL CENTER,GALESBURG,IL,3,89,90,86,84
141319,HAMMOND HENRY HOSPITAL,GENESEO,IL,5,96,96,91,93
140211,NORTHWESTERN MEDICINE DELNOR COMMUNITY HOSPITAL,GENEVA,IL,4,93,93,88,90
141317,GIBSON COMMUNITY HOSPITAL,GIBSON CITY,IL,,,,,
140292,UCHICAGO MEDICINE ADVENTHEALTH GLENOAKS,GLENDALE HEIGHTS,IL,3,88,85,88,79
140125,GATEWAY REGIONAL MEDICAL CENTER,GRANITE CITY,IL,,,,,
140137,HSHS HOLY FAMILY HOSPITAL INC,GREENVILLE,IL,,,,,
140210,HARRISBURG MEDICAL CENTER,HARRISBURG,IL,,,,,
141335,MERCY HARVARD HOSPITAL,HARVARD,IL,,,,,
140191,INGALLS MEMORIAL HOSPITAL,HARVEY,IL,2,88,88,79,77
141313,MASON DISTRICT HOSPITAL,HAVANA,IL,,,,,
140011,HERRIN HOSPITAL,HERRIN,IL,3,90,89,82,87
141336,ST JOSEPH'S HOSPITAL,HIGHLAND,IL,5,95,93,92,90
141332,HILLSBORO AREA HOSPITAL,HILLSBORO,IL,,,,,
14007F,HINES VA MEDICAL CENTER,HINES,IL,4,92,92,87,90
140122,UCHICAGO MEDICINE ADVENTHEALTH HINSDALE,HINSDALE,IL,3,92,91,87,89
140290,ST ALEXIUS MEDICAL CENTER,HOFFMAN ESTATES,IL,2,87,85,80,80
141316,CARLE HOOPESTON REGIONAL HEALTH CENTER,HOOPESTON,IL,4,93,94,88,92
141330,HOPEDALE HOSPITAL,HOPEDALE,IL,,,,,
141352,JACKSONVILLE MEMORIAL HOSPITAL,JACKSONVILLE,IL,,,,,
140059,JERSEY COMMUNITY HOSPITAL,JERSEYVILLE,IL,,,,,
140007,SAINT JOSEPH MEDICAL CENTER,JOLIET,IL,2,87,86,80,76
140155,PRESENCE ST MARYS HOSPITAL,KANKAKEE,IL,3,88,89,82,86
140186,RIVERSIDE MEDICAL CENTER,KANKAKEE,IL,3,90,91,86,86
141325,OSF SAINT LUKE MEDICAL CENTER,KEWANEE,IL,,,,,
140065,UCHICAGO MEDICINE ADVENTHEALTH LA GRANGE,LA GRANGE,IL,4,93,91,88,89
140130,NORTHWESTERN LAKE FOREST HOSPITAL,LAKE FOREST,IL,3,91,91,86,90
141344,LAWRENCE COUNTY MEMORIAL HOSPITAL,LAWRENCEVILLE,IL,,,,,
140202,ADVOCATE CONDELL MEDICAL CENTER,LIBERTYVILLE,IL,3,91,89,88,86
141322,ABRAHAM LINCOLN MEMORIAL HOSPITAL,LINCOLN,IL,4,94,91,92,92
141350,ST FRANCIS HOSPITAL,LITCHFIELD,IL,,,,,
140089,MC DONOUGH DISTRICT HOSPITAL,MACOMB,IL,4,90,92,89,84
140184,HEARTLAND REGIONAL MEDICAL CENTER,MARION,IL,3,92,91,85,87
14008F,MARION IL VA MEDICAL CENTER,MARION,IL,4,94,92,90,91
140289,ANDERSON HOSPITAL,MARYVILLE,IL,4,92,89,87,87
140189,SARAH BUSH LINCOLN HEALTH CENTER,MATTOON,IL,4,93,91,89,90
140276,LOYOLA UNIVERSITY MEDICAL CENTER,MAYWOOD,IL,3,90,89,85,84
140116,NORTHWESTERN MEDICINE MCHENRY,MCHENRY,IL,4,92,91,87,90
141326,HAMILTON MEMORIAL HOSPITAL,MCLEANSBORO,IL,,,,,
140008,LOYOLA GOTTLIEB MEMORIAL HOSPITAL,MELROSE PARK,IL,3,91,90,81,84
141310,OSF SAINT PAUL MEDICAL CENTER,MENDOTA,IL,,,,,
141323,MASSAC MEMORIAL HOSPITAL,METROPOLIS,IL,,,,,
141318,OSF HOLY FAMILY MEDICAL CENTER,MONMOUTH,IL,,,,,
141301,KIRBY MEDICAL CENTER,MONTICELLO,IL,,,,,
140101,MORRIS HOSPITAL & HEALTHCARE CENTERS,MORRIS,IL,4,94,91,91,91
141329,MORRISON COMMUNITY HOSPITAL,MORRISON,IL,,,,,
141327,WABASH GENERAL HOSPITAL 1,MOUNT CARMEL,IL,4,95,92,87,92
140294,DEACONESS ILLINOIS CROSSROADS,MOUNT VERNON,IL,4,94,94,86,91
140046,GOOD SAMARITAN REGIONAL HLTH CENTER,MOUNT VERNON,IL,3,91,89,85,82
141334,ST JOSEPH MEMORIAL HOSPITAL,MURPHYSBORO,IL,4,92,95,90,93
140231,EDWARD HOSPITAL,NAPERVILLE,IL,3,92,91,83,89
141308,WASHINGTON COUNTY HOSPITAL,NASHVILLE,IL,,,,,
140213,SILVER CROSS HOSPITAL  AND MEDICAL CENTERS,NEW LENOX,IL,3,92,89,85,90
140127,CARLE BROMENN MEDICAL CENTER,NORMAL,IL,4,94,92,92,91
14034F,NORTH CHICAGO VA MEDICAL CENTER,NORTH CHICAGO,IL,3,90,88,87,89
140187,HSHS ST ELIZABETH'S HOSPITAL,O FALLON,IL,4,92,92,88,91
140208,ADVOCATE CHRIST HOSPITAL & MEDICAL CENTER,OAK LAWN,IL,3,91,90,87,83
140063,RUSH OAK PARK HOSPITAL,OAK PARK,IL,2,90,90,77,84
140049,WEST SUBURBAN MEDICAL CENTER,OAK PARK,IL,1,84,86,76,73
141355,CARLE RICHLAND MEMORIAL HOSPITAL,OLNEY,IL,3,91,94,87,84
140172,FRANCISCAN HEALTH OLYMPIA & CHICAGO HEIGHTS,OLYMPIA FIELDS,IL,2,88,88,84,81
140062,PALOS COMMUNITY HOSPITAL,PALOS HEIGHTS,IL,3,92,90,85,86
141341,PANA COMMUNITY HOSPITAL,PANA,IL,,,,,
141320,PARIS COMMUNITY HOSPITAL,PARIS,IL,,,,,
140223,ADVOCATE LUTHERAN GENERAL HOSPITAL,PARK RIDGE,IL,3,92,90,87,88
140120,CARLE HEALTH PEKIN HOSPITAL,PEKIN,IL,3,90,89,87,80
140209,CARLE HEALTH METHODIST HOSPITAL,PEORIA,IL,2,89,87,82,83
140013,CARLE HEALTH PROCTOR HOSPITAL,PEORIA,IL,2,89,89,84,83
140067,SAINT FRANCIS MEDICAL CENTER,PEORIA,IL,3,90,89,87,86
140110,OSF SAINT ELIZABETH MDL CTR,PERU,IL,3,91,91,86,82
141307,PINCKNEYVILLE COMMUNITY HOSPITAL,PINCKNEYVILLE,IL,,,,,
141315,ILLINI COMMUNITY HOSPITAL,PITTSFIELD,IL,,,,,
140161,SAINT JAMES HOSPITAL,PONTIAC,IL,3,91,91,88,84
141337,OSF SAINT CLARE MEDICAL CENTER,PRINCETON,IL,4,93,89,88,86
140015,BLESSING HOSPITAL,QUINCY,IL,3,92,90,89,88
141348,RED BUD REGIONAL HOSPITAL,RED BUD,IL,4,93,90,83,88
141343,CRAWFORD MEMORIAL HOSPITAL,ROBINSON,IL,4,96,94,89,91
141312,ROCHELLE COMMUNITY HOSPITAL,ROCHELLE,IL,,,,,
140280,TRINITY ROCK ISLAND,ROCK ISLAND,IL,2,89,88,86,84
140239,JAVON BEA HOSPITAL,ROCKFORD,IL,3,91,91,86,85
140233,SAINT ANTHONY MEDICAL CENTER,ROCKFORD,IL,3,91,90,86,87
140228,UW HEALTH,ROCKFORD,IL,3,90,89,83,85
141328,HARDIN COUNTY GENERAL HOSPITAL & CLINIC,ROSICLARE,IL,,,,,
141333,SARAH D CULBERTSON MEMORIAL HOSPITAL,RUSHVILLE,IL,,,,,
141345,SALEM TOWNSHIP HOSPITAL,SALEM,IL,,,,,
141340,VALLEY WEST COMMUNITY HOSPITAL,SANDWICH,IL,5,95,93,91,92
141354,HSHS GOOD SHEPHERD HOSPITAL INC,SHELBYVILLE,IL,,,,,
140275,GENESIS HLTH SYSTEM DBA GENESIS MDL CTR-ILLINI,SILVIS,IL,3,88,89,85,81
141349,SPARTA COMMUNITY HOSPITAL,SPARTA,IL,,,,,
140148,MEMORIAL MEDICAL CENTER,SPRINGFIELD,IL,3,89,89,87,88
140053,ST JOHNS HOSPITAL,SPRINGFIELD,IL,2,89,89,85,84
141306,COMMUNITY HOSPITAL OF STAUNTON,STAUNTON,IL,,,,,
140043,CGH MEDICAL CENTER,STERLING,IL,4,93,92,85,87
141339,TAYLORVILLE MEMORIAL HOSPITAL,TAYLORVILLE,IL,5,95,90,94,96
140091,CARLE FOUNDATION HOSPITAL,URBANA,IL,3,92,89,82,88
140113,OSF HEART OF MARY MEDICAL CENTER,URBANA,IL,4,92,89,88,89
141346,FAYETTE COUNTY HOSPITAL,VANDALIA,IL,,,,,
141353,IROQUOIS MEMORIAL HOSPITAL,WATSEKA,IL,,,,,
140084,VISTA MEDICAL CENTER EAST,WAUKEGAN,IL,1,84,86,75,61
140242,NORTHWESTERN MEDICINE CENTRAL DUPAGE HOSPITAL,WINFIELD,IL,4,92,92,86,92
140100,"MIDWESTERN REGION MED CENTER, INC",ZION,IL,5,96,96,92,97
150088,ASCENSION ST VINCENT ANDERSON,ANDERSON,IN,2,89,90,80,86
150113,COMMUNITY HOSPITAL OF ANDERSON AND MADISON COUNTY,ANDERSON,IN,4,93,91,89,91
151315,CAMERON MEMORIAL COMMUNITY HOSPITAL INC,ANGOLA,IN,4,93,91,83,90
150045,PARKVIEW DEKALB HOSPITAL,AUBURN,IN,3,92,88,84,84
150158,IU HEALTH WEST HOSPITAL,AVON,IN,3,90,92,89,88
151329,MARGARET MARY COMMUNITY HOSPITAL INC,BATESVILLE,IN,4,92,93,89,89
151328,INDIANA UNIVERSITY HEALTH BEDFORD HOSPITAL,BEDFORD,IN,,,,,
150051,INDIANA UNIVERSITY HEALTH BLOOMINGTON HOSPITAL,BLOOMINGTON,IN,2,88,88,82,81
150183,MONROE HOSPITAL,BLOOMINGTON,IN,4,93,93,86,93
150075,BLUFFTON REGIONAL MEDICAL CENTER,BLUFFTON,IN,,,,,
151325,ASCENSION ST VINCENT WARRICK,BOONVILLE,IN,,,,,
151309,ASCENSION ST VINCENT CLAY,BRAZIL,IN,,,,,
151300,COMMUNITY HOSPITAL OF BREMEN INC,BREMEN,IN,4,95,93,89,92
150157,ASCENSION ST VINCENT CARMEL,CARMEL,IN,3,90,92,82,87
150193,FRANCISCAN HEALTH ORTHOPEDIC HOSPITAL CARMEL,CARMEL,IN,5,96,96,90,96
150161,INDIANA UNIVERSITY HEALTH NORTH HOSPITAL,CARMEL,IN,3,90,91,88,90
150153,ST VINCENT HEART CENTER,CARMEL,IN,4,94,93,89,93
151326,UNION HOSPITAL CLINTON,CLINTON,IN,,,,,
150101,PARKVIEW WHITLEY HOSPITAL,COLUMBIA CITY,IN,4,93,90,90,91
150112,COLUMBUS REGIONAL HOSPITAL,COLUMBUS,IN,3,91,91,90,86
151331,HARRISON COUNTY HOSPITAL,CORYDON,IN,,,,,
150022,FRANCISCAN HEALTH CRAWFORDSVILLE,CRAWFORDSVILLE,IN,4,95,93,93,88
150126,FRANCISCAN HEALTH CROWN POINT,CROWN POINT,IN,3,91,90,87,87
150166,PINNACLE HOSPITAL,CROWN POINT,IN,,,,,
150195,UCHICAGO MEDICINE NORTHWEST INDIANA,CROWN POINT,IN,,,,,
150005,HENDRICKS REGIONAL HEALTH,DANVILLE,IN,4,95,93,90,94
151330,ADAMS MEMORIAL HOSPITAL,DECATUR,IN,4,93,91,91,87
150090,FRANCISCAN HEALTH DYER,DYER,IN,2,89,89,84,81
150008,ST CATHERINE HOSPITAL INC,EAST CHICAGO,IN,3,91,89,84,87
150018,ELKHART GENERAL HOSPITAL,ELKHART,IN,3,89,89,86,85
151308,ASCENSION ST VINCENT MERCY,ELWOOD,IN,,,,,
150100,ASCENSION ST VINCENT EVANSVILLE,EVANSVILLE,IN,3,91,91,84,89
150082,DEACONESS HOSPITAL INC,EVANSVILLE,IN,3,91,90,81,89
150181,ASCENSION ST VINCENT FISHERS,FISHERS,IN,3,90,92,80,90
150150,DUPONT HOSPITAL LLC,FORT WAYNE,IN,3,90,89,85,87
150017,LUTHERAN HOSPITAL OF INDIANA,FORT WAYNE,IN,2,90,89,84,83
150167,ORTHOPAEDIC HOSPITAL AT PARKVIEW NORTH,FORT WAYNE,IN,4,92,90,90,92
150021,PARKVIEW REGIONAL MEDICAL CENTER,FORT WAYNE,IN,4,92,90,89,92
150047,"ST JOSEPH HEALTH SYSTEM, LLC",FORT WAYNE,IN,3,89,90,85,87
151316,INDIANA UNIVERSITY HEALTH FRANKFORT INC,FRANKFORT,IN,,,,,
150001,JOHNSON MEMORIAL HOSPITAL,FRANKLIN,IN,4,91,91,90,89
150168,THE ORTHOPAEDIC HOSPITAL OF LUTHERAN HEALTH NETWOR,FT WAYNE,IN,4,92,93,91,89
150002,METHODIST HOSPITALS INC,GARY,IN,2,86,88,83,79
150026,GOSHEN HOSPITAL,GOSHEN,IN,4,92,92,89,90
151333,PUTNAM COUNTY HOSPITAL,GREENCASTLE,IN,,,,,
150037,HANCOCK REGIONAL HOSPITAL,GREENFIELD,IN,4,93,93,91,91
151332,DECATUR COUNTY MEMORIAL HOSPITAL,GREENSBURG,IN,,,,,
150034,ST MARY MEDICAL CENTER INC,HOBART,IN,3,92,88,85,89
150091,PARKVIEW HUNTINGTON HOSPITAL,HUNTINGTON,IN,4,93,92,91,89
150084,ASCENSION ST VINCENT HOSPITAL,INDIANAPOLIS,IN,2,85,87,80,81
150074,COMMUNITY HOSPITAL EAST,INDIANAPOLIS,IN,4,93,92,85,91
150169,COMMUNITY HOSPITAL NORTH,INDIANAPOLIS,IN,3,89,89,87,87
150128,"COMMUNITY HOSPITAL SOUTH, INC.",INDIANAPOLIS,IN,4,92,90,90,91
150024,ESKENAZI HEALTH,INDIANAPOLIS,IN,3,90,90,83,90
150179,FAIRBANKS,INDIANAPOLIS,IN,,,,,
150162,FRANCISCAN HEALTH INDIANAPOLIS,INDIANAPOLIS,IN,3,90,89,87,89
150056,INDIANA UNIVERSITY HEALTH,INDIANAPOLIS,IN,2,88,90,85,84
15003F,INDIANAPOLIS VA MEDICAL CENTER,INDIANAPOLIS,IN,4,90,92,90,88
150160,ORTHOINDY HOSPITAL,INDIANAPOLIS,IN,5,95,94,90,94
150115,MEMORIAL HOSPITAL AND HEALTH CARE CENTER,JASPER,IN,4,94,93,89,90
150009,NORTON CLARK HOSPITAL,JEFFERSONVILLE,IN,2,87,87,79,77
150146,PARKVIEW NOBLE HOSPITAL,KENDALLVILLE,IN,3,91,88,89,87
150102,NORTHWEST HEALTH - STARKE,KNOX,IN,,,,,
150010,ASCENSION ST VINCENT KOKOMO,KOKOMO,IN,3,91,90,84,90
150007,COMMUNITY HOWARD REGIONAL HEALTH INC.,KOKOMO,IN,4,92,91,87,91
150006,NORTHWEST HEALTH-LA PORTE,LA PORTE,IN,4,92,89,88,85
150109,FRANCISCAN HEALTH LAFAYETTE,LAFAYETTE,IN,4,92,89,87,90
150173,INDIANA UNIVERSITY HEALTH ARNETT HOSPITAL,LAFAYETTE,IN,3,89,90,88,88
151323,PARKVIEW LAGRANGE HOSPITAL,LAGRANGE,IN,4,93,92,89,92
150086,ST ELIZABETH DEARBORN HOSPITAL,LAWRENCEBURG,IN,4,94,91,88,89
150104,WITHAM HEALTH SERVICES,LEBANON,IN,3,90,91,84,85
151317,GREENE COUNTY GENERAL HOSPITAL,LINTON,IN,5,96,95,93,92
150072,MEMORIAL HOSPITAL,LOGANSPORT,IN,4,92,91,89,88
150069,NORTON-KING'S DAUGHTERS' HEALTH,MADISON,IN,4,92,92,89,85
150011,MARION GENERAL HOSPITAL,MARION,IN,3,91,89,86,83
15004F,VA N. INDIANA HEALTHCARE SYSTEM,MARION,IN,5,94,93,90,91
150015,FRANCISCAN HEALTH MICHIGAN CITY,MICHIGAN CITY,IN,4,93,90,89,89
150012,SAINT JOSEPH REGIONAL MEDICAL CENTER,MISHAWAKA,IN,3,90,89,86,86
150177,UNITY PHYSICIANS HOSPITAL,MISHAWAKA,IN,4,94,94,89,93
151312,INDIANA UNIVERSITY HEALTH WHITE MEMORIAL HOSPITAL,MONTICELLO,IN,,,,,
150057,FRANCISCAN HEALTH MOORESVILLE,MOORESVILLE,IN,4,92,94,88,92
150089,INDIANA UNIVERSITY HEALTH BALL MEMORIAL HOSPITAL,MUNCIE,IN,3,89,89,84,80
150125,COMMUNITY HOSPITAL,MUNSTER,IN,3,92,90,85,90
150165,FRANCISCAN HEALTH MUNSTER,MUNSTER,IN,4,92,91,86,90
150044,BAPTIST HEALTH FLOYD,NEW ALBANY,IN,3,91,90,86,88
150172,PHYSICIANS' MEDICAL CENTER LLC,NEW ALBANY,IN,,,,,
150030,HENRY COUNTY MEMORIAL HOSPITAL,NEW CASTLE,IN,4,92,93,88,87
150149,THE WOMEN'S HOSPITAL,NEWBURGH,IN,4,93,93,89,92
150059,RIVERVIEW HEALTH,NOBLESVILLE,IN,3,91,91,89,89
151303,ASCENSION ST VINCENT JENNINGS,NORTH VERNON,IN,,,,,
151306,INDIANA UNIVERSITY HEALTH PAOLI HOSPITAL,PAOLI,IN,,,,,
151318,DUKES MEMORIAL HOSPITAL,PERU,IN,,,,,
150076,SAINT JOSEPH REGIONAL MEDICAL CENTER - PLYMOUTH,PLYMOUTH,IN,3,94,90,85,85
151320,"INDIANA UNIVERSITY HEALTH JAY, INC.",PORTLAND,IN,,,,,
151319,GIBSON GENERAL HOSPITAL,PRINCETON,IN,4,94,90,88,90
151324,"FRANCISCAN HEALTH RENSSELAER, INC",RENSSELAER,IN,,,,,
150048,REID HEALTH,RICHMOND,IN,3,90,89,86,86
151313,WOODLAWN HOSPITAL,ROCHESTER,IN,,,,,
151304,RUSH MEMORIAL HOSPITAL,RUSHVILLE,IN,,,,,
151314,ASCENSION ST VINCENT SALEM,SALEM,IN,,,,,
151334,NORTON SCOTT HOSPITAL,SCOTTSBURG,IN,,,,,
150065,SCHNECK MEDICAL CENTER,SEYMOUR,IN,4,91,91,89,89
150097,MAJOR HOSPITAL,SHELBYVILLE,IN,3,91,93,86,88
150058,MEMORIAL HOSPITAL OF SOUTH BEND,SOUTH BEND,IN,3,92,91,85,88
151327,SULLIVAN COUNTY COMMUNITY HOSPITAL,SULLIVAN,IN,,,,,
151322,PERRY COUNTY MEMORIAL HOSPITAL,TELL CITY,IN,4,94,92,90,89
150046,TERRE HAUTE REGIONAL HOSPITAL,TERRE HAUTE,IN,3,92,88,84,85
150023,UNION HOSPITAL INC,TERRE HAUTE,IN,3,90,87,83,85
151311,INDIANA UNIVERSITY HEALTH TIPTON HOSPITAL INC,TIPTON,IN,,,,,
150035,NORTHWEST HEALTH - PORTER,VALPARAISO,IN,2,90,87,83,78
150042,GOOD SAMARITAN HOSPITAL,VINCENNES,IN,3,89,90,88,86
151310,"PARKVIEW WABASH HOSPITAL, INC",WABASH,IN,4,95,91,88,90
150133,KOSCIUSKO COMMUNITY HOSPITAL,WARSAW,IN,3,90,91,86,85
150061,DAVIESS COMMUNITY HOSPITAL,WASHINGTON,IN,3,91,89,85,85
151307,ASCENSION ST VINCENT WILLIAMSPORT,WILLIAMSPORT,IN,,,,,
151305,PULASKI MEMORIAL HOSPITAL,WINAMAC,IN,,,,,
151301,ASCENSION ST VINCENT RANDOLPH,WINCHESTER,IN,,,,,
171381,MEMORIAL HOSPITAL,ABILENE,KS,,,,,
170197,KANSAS MEDICAL CENTER LLC,ANDOVER,KS,3,89,90,83,89
171346,HOSPITAL DISTRICT #6 PATTERSON HEALTH CENTER,ANTHONY,KS,,,,,
170779,SCK HEALTH,ARKANSAS CITY,KS,,,,,
171304,ASHLAND HEALTH CENTER,ASHLAND,KS,,,,,
171382,AMBERWELL ATCHISON ASSOCIATION,ATCHISON,KS,4,93,93,88,88
171307,RAWLINS COUNTY HEALTH CENTER,ATWOOD,KS,,,,,
171361,REPUBLIC COUNTY HOSPITAL,BELLEVILLE,KS,5,96,96,92,95
171375,MITCHELL COUNTY HOSPITAL HEALTH SYSTEMS,BELOIT,KS,5,95,97,87,97
171385,COFFEY COUNTY HOSPITAL,BURLINGTON,KS,,,,,
171329,CALDWELL REGIONAL MEDICAL CENTER,CALDWELL,KS,,,,,
171380,NEOSHO MEMORIAL REGIONAL MEDICAL CENTER,CHANUTE,KS,5,94,94,91,92
171371,CLAY COUNTY MEDICAL CENTER,CLAY CENTER,KS,,,,,
171362,CITIZENS MEDICAL CENTER,COLBY,KS,4,94,95,89,92
171312,COMANCHE COUNTY HOSPITAL,COLDWATER,KS,,,,,
171308,MERCY HOSPITAL COLUMBUS,COLUMBUS,KS,,,,,
171349,CLOUD COUNTY HEALTH CENTER,CONCORDIA,KS,,,,,
171379,MORRIS COUNTY HOSPITAL,COUNCIL GROVE,KS,,,,,
170204,"ROCK REGIONAL HOSPITAL, LLC",DERBY,KS,4,94,95,83,96
171303,LANE COUNTY HOSPITAL,DIGHTON,KS,,,,,
170175,CENTURA ST. CATHERINE-DODGE CITY,DODGE CITY,KS,,,,,
170017,SUSAN B ALLEN MEMORIAL HOSPITAL,EL DORADO,KS,,,,,
171386,MORTON COUNTY HOSPITAL,ELKHART,KS,,,,,
171301,ELLINWOOD DISTRICT HOSPITAL,ELLINWOOD,KS,,,,,
171327,ELLSWORTH COUNTY MEDICAL CENTER,ELLSWORTH,KS,,,,,
171384,NEWMAN REGIONAL HEALTH,EMPORIA,KS,4,92,92,89,86
171339,GREENWOOD COUNTY HOSPITAL,EUREKA,KS,,,,,
171374,FREDONIA REGIONAL HOSPITAL,FREDONIA,KS,,,,,
17002F,Irwin ACH (FT Riley),Fort Riley,KS,4,93,94,89,89
170203,MERCY SPECIALTY HOSPITAL SOUTHEAST KANSAS,GALENA,KS,,,,,
170023,ST. CATHERINE HOSPITAL - GARDEN CITY,GARDEN CITY,KS,2,89,89,77,80
171316,ANDERSON COUNTY HOSPITAL,GARNETT,KS,,,,,
171376,GIRARD MEDICAL CENTER,GIRARD,KS,,,,,
171370,GOODLAND REGIONAL MEDICAL CENTER,GOODLAND,KS,,,,,
170191,UNIVERSITY  OF KS HLTH SYSTEM GREAT BEND CAMPUS,GREAT BEND,KS,4,92,89,93,83
171332,KIOWA COUNTY MEMORIAL HOSPITAL,GREENSBURG,KS,,,,,
171365,HANOVER HOSPITAL,HANOVER,KS,,,,,
170013,HAYS MEDICAL CENTER,HAYS,KS,3,91,90,87,86
171341,HIAWATHA COMMUNITY HOSPITAL,HIAWATHA,KS,3,92,91,84,87
171325,GRAHAM COUNTY HOSPITAL,HILL CITY,KS,,,,,
171357,HILLSBORO COMMUNITY HOSPITAL,HILLSBORO,KS,,,,,
171333,CLARA BARTON HOSPITAL,HOISINGTON,KS,,,,,
171319,HOLTON COMMUNITY HOSPITAL,HOLTON,KS,,,,,
171347,SHERIDAN COUNTY HOSPITAL,HOXIE,KS,,,,,
171335,STEVENS COUNTY HOSPITAL,HUGOTON,KS,,,,,
170020,HUTCHINSON REGIONAL MEDICAL CENTER INC,HUTCHINSON,KS,3,92,90,86,87
170198,"SUMMIT SURGICAL, LLC",HUTCHINSON,KS,4,95,91,92,94
171373,ALLEN COUNTY REGIONAL HOSPITAL,IOLA,KS,,,,,
171369,HODGEMAN COUNTY HEALTH CENTER,JETMORE,KS,,,,,
171343,STANTON COUNTY HOSPITAL,JOHNSON,KS,,,,,
170074,"STORMONT VAIL HEALTH FLINT HILLS, LLC",JUNCTION CITY,KS,4,93,94,87,90
170146,PROVIDENCE MEDICAL CENTER,KANSAS CITY,KS,3,88,89,79,79
170040,UNIVERSITY OF KANSAS HOSPITAL,KANSAS CITY,KS,4,93,92,89,93
171378,KINGMAN HEALTHCARE CENTER,KINGMAN,KS,,,,,
171317,EDWARDS COUNTY MEDICAL CENTER,KINSLEY,KS,,,,,
171331,KIOWA DISTRICT HOSPITAL,KIOWA,KS,,,,,
170781,RUSH COUNTY MEMORIAL HOSPITAL,LA CROSSE,KS,,,,,
171313,KEARNY COUNTY HOSPITAL,LAKIN,KS,,,,,
171345,PAWNEE VALLEY COMMUNITY HOSPITAL,LARNED,KS,,,,,
170137,LMH,LAWRENCE,KS,4,91,92,89,88
170009,SAINT JOHN HOSPITAL,LEAVENWORTH,KS,3,92,91,87,84
170194,ASCENTIST HOSPITAL LLC,LEAWOOD,KS,4,93,94,88,93
170188,KANSAS CITY ORTHOPAEDIC INSTITUTE,LEAWOOD,KS,5,96,94,92,95
170199,MINIMALLY INVASIVE SURGERY HOSPITAL,LENEXA,KS,,,,,
171306,WICHITA COUNTY HEALTH CENTER,LEOTI,KS,,,,,
170068,SOUTHWEST MEDICAL CENTER,LIBERAL,KS,3,90,88,84,82
171360,LINCOLN COUNTY HOSPITAL,LINCOLN,KS,,,,,
171358,LINDSBORG COMMUNITY HOSPITAL,LINDSBORG,KS,,,,,
171330,HOSPITAL DISTRICT #1 OF RICE COUNTY,LYONS,KS,,,,,
170142,"ASCENSION VIA CHRISTI HOSPITAL MANHATTAN, INC",MANHATTAN,KS,4,92,92,87,87
170190,MANHATTAN SURGICAL HOSPITAL LLC,MANHATTAN,KS,,,,,
171309,JEWELL COUNTY HOSPITAL,MANKATO,KS,,,,,
171356,ST LUKE HOSPITAL & LIVING CENTER,MARION,KS,,,,,
171363,"COMMUNITY MEMORIAL HEALTHCARE, INC.",MARYSVILLE,KS,4,93,97,89,89
170105,MCPHERSON HOSPITAL,MCPHERSON,KS,4,92,93,89,87
171321,MEADE DISTRICT HOSPITAL,MEADE,KS,,,,,
171334,MEDICINE LODGE MEMORIAL HOSPITAL,MEDICINE LODGE,KS,,,,,
171328,OTTAWA COUNTY HEALTH CENTER,MINNEAPOLIS,KS,,,,,
171368,MINNEOLA DISTRICT HOSPITAL,MINNEOLA,KS,,,,,
170780,"MERCY HOSPITAL, INC",MOUNDRIDGE,KS,,,,,
171344,WILSON MEDICAL CENTER,NEODESHA,KS,,,,,
171336,NESS COUNTY HOSPITAL DISTRICT #2,NESS CITY,KS,,,,,
170103,NMC HEALTH,NEWTON,KS,4,93,94,91,91
171348,NORTON COUNTY HOSPITAL,NORTON,KS,,,,,
171326,LOGAN COUNTY HOSPITAL,OAKLEY,KS,,,,,
171352,DECATUR HEALTH,OBERLIN,KS,,,,,
170049,UNIVERSITY OF KANSAS HEALTH SYSTEM OLATHE HOSPITAL,OLATHE,KS,3,91,90,86,87
171354,"COMMUNITY HOSPITAL, ONAGA AND ST MARYS CAMPUS",ONAGA,KS,,,,,
171364,OSBORNE COUNTY MEMORIAL HOSPITAL,OSBORNE,KS,,,,,
170014,ADVENTHEALTH OTTAWA,OTTAWA,KS,3,91,93,87,85
170208,"ADVENTHEALTH SOUTH OVERLAND PARK, INC",OVERLAND PARK,KS,4,93,92,86,93
173300,CHILDREN'S MERCY SOUTH,OVERLAND PARK,KS,,,,,
170182,MENORAH MEDICAL CENTER,OVERLAND PARK,KS,3,91,90,85,88
170176,OVERLAND PARK REG MED CTR,OVERLAND PARK,KS,3,89,89,83,85
170185,SAINT LUKE'S SOUTH HOSPITAL,OVERLAND PARK,KS,4,93,91,88,91
170109,MIAMI COUNTY MEDICAL CENTER,PAOLA,KS,,,,,
170120,LABETTE HEALTH,PARSONS,KS,4,93,90,83,88
171353,PHILLIPS COUNTY HOSPITAL,PHILLIPSBURG,KS,,,,,
170006,"MERCY HOSPITAL PITTSBURG, INC",PITTSBURG,KS,4,92,92,89,87
171311,ROOKS COUNTY HEALTH CENTER,PLAINVILLE,KS,,,,,
170027,PRATT REGIONAL MEDICAL CENTER,PRATT,KS,5,94,95,91,93
171367,GOVE COUNTY MEDICAL CENTER,QUINTER,KS,,,,,
171300,GRISELL MEMORIAL HOSPITAL,RANSOM,KS,,,,,
171350,RUSSELL REGIONAL HOSPITAL,RUSSELL,KS,,,,,
171338,GREAT PLAINS OF SABETHA,SABETHA,KS,,,,,
170012,SALINA REGIONAL HEALTH CENTER,SALINA,KS,3,91,92,89,87
170187,SALINA SURGICAL HOSPITAL,SALINA,KS,5,95,94,93,95
171324,"SATANTA DISTRICT HOSPITAL, CLINICS, & LTCU",SATANTA,KS,,,,,
171372,SCOTT COUNTY HOSPITAL,SCOTT CITY,KS,,,,,
171318,SEDAN CITY HOSPITAL,SEDAN,KS,,,,,
171315,NEMAHA VALLEY COMMUNITY HOSPITAL,SENECA,KS,,,,,
170104,ADVENTHEALTH SHAWNEE MISSION,SHAWNEE MISSION,KS,3,91,91,87,90
171377,SMITH COUNTY MEMORIAL HOSPITAL,SMITH CENTER,KS,4,95,97,85,95
171310,CHEYENNE COUNTY HOSPITAL,ST FRANCIS,KS,,,,,
171323,STAFFORD COUNTY HOSPITAL,STAFFORD,KS,,,,,
171322,HAMILTON COUNTY HOSPITAL,SYRACUSE,KS,,,,,
170086,STORMONT VAIL HOSPITAL,TOPEKA,KS,3,91,91,88,91
170016,UNIVERSITY OF KANSAS HEALTH SYSTEM - ST FRANCIS CAMPUS,TOPEKA,KS,3,88,89,84,84
17005F,VA EASTERN KANSAS HEALTHCARE SYSTEM,TOPEKA,KS,4,95,92,83,90
171359,GREELEY COUNTY HEALTH SERVICES,TRIBUNE,KS,,,,,
171388,BOB WILSON MEMORIAL HOSPITAL,ULYSSES,KS,,,,,
171355,TREGO COUNTY LEMKE MEMORIAL HOSPITAL,WAKEENEY,KS,,,,,
171337,WAMEGO HEALTH CENTER,WAMEGO,KS,,,,,
171351,WASHINGTON COUNTY HOSPITAL,WASHINGTON,KS,,,,,
170122,"ASCENSION VIA CHRISTI HOSPITALS WICHITA, INC.",WICHITA,KS,2,87,88,81,83
170186,KANSAS HEART HOSPITAL,WICHITA,KS,5,95,95,89,95
170196,"KANSAS SPINE & SPECIALTY HOSPITAL, LLC",WICHITA,KS,4,94,91,90,92
170183,KANSAS SURGERY & RECOVERY CENTER,WICHITA,KS,5,94,94,91,93
170200,"VIA CHRISTI HOSPITAL WICHITA ST TERESA, INC",WICHITA,KS,3,92,91,82,92
170123,WESLEY MEDICAL CENTER,WICHITA,KS,2,88,87,82,84
17008F,WICHITA VA MEDICAL CENTER,WICHITA,KS,4,93,92,90,93
171314,F W HUSTON MEDICAL CENTER,WINCHESTER,KS,,,,,
171383,WILLIAM NEWTON HOSPITAL,WINFIELD,KS,,,,,
181333,THE MEDICAL CENTER AT ALBANY,ALBANY,KY,,,,,
180009,KING'S DAUGHTERS' MEDICAL CENTER,ASHLAND,KY,3,92,91,86,86
181328,KNOX COUNTY HOSPITAL,BARBOURVILLE,KY,,,,,
180025,CHI SAINT JOSEPH FLAGET MEMORIAL HOSPITAL,BARDSTOWN,KY,3,93,94,83,85
181327,MARSHALL COUNTY HOSPITAL,BENTON,KY,,,,,
181329,CHI SAINT JOSEPH BEREA NF,BEREA,KY,5,98,98,97,93
180013,THE MEDICAL CENTER (BOWLING GREEN),BOWLING GREEN,KY,3,89,88,87,88
180124,TRISTAR GREENVIEW REGIONAL HOSPITAL,BOWLING GREEN,KY,3,92,90,83,87
181317,CUMBERLAND COUNTY HOSPITAL,BURKESVILLE,KY,,,,,
181304,TRIGG COUNTY HOSPITAL,CADIZ,KY,,,,,
180087,TAYLOR REGIONAL HOSPITAL,CAMPBELLSVILLE,KY,4,92,93,88,88
181310,CARROLL COUNTY MEMORIAL HOSPITAL,CARROLLTON,KY,,,,,
180149,TJ HEALTH COLUMBIA,COLUMBIA,KY,,,,,
180080,BAPTIST HEALTH CORBIN,CORBIN,KY,4,93,94,87,89
180079,HARRISON MEMORIAL HOSPITAL,CYNTHIANA,KY,5,96,95,88,93
180048,EPHRAIM MCDOWELL REGIONAL MEDICAL CENTER,DANVILLE,KY,3,92,91,84,86
180035,ST ELIZABETH EDGEWOOD,EDGEWOOD,KY,4,92,91,89,89
180012,BAPTIST HEALTH HARDIN,ELIZABETHTOWN,KY,4,93,92,86,88
180780,FLEMING COUNTY HOSPITAL,FLEMINGSBURG,KY,,,,,
180045,ST ELIZABETH FLORENCE,FLORENCE,KY,3,91,90,88,87
180001,ST ELIZABETH FT THOMAS,FORT THOMAS,KY,4,93,92,88,87
180127,FRANKFORT REGIONAL MEDICAL CENTER,FRANKFORT,KY,2,88,88,81,78
181318,THE MEDICAL CENTER AT FRANKLIN,FRANKLIN,KY,,,,,
18003F,Blanchfield ACH (FT Campbell),Fort Campbell,KY,4,93,92,90,89
180101,GEORGETOWN COMMUNITY HOSPITAL,GEORGETOWN,KY,3,91,90,88,84
180017,T J SAMSON COMMUNITY HOSPITAL,GLASGOW,KY,4,93,90,88,87
181325,JANE TODD CRAWFORD HOSPITAL,GREENSBURG,KY,,,,,
180004,OWENSBORO HEALTH MUHLENBERG COMMUNITY HOSPITAL,GREENVILLE,KY,4,92,94,88,89
181319,BRECKINRIDGE MEMORIAL HOSPITAL,HARDINSBURG,KY,,,,,
180050,HARLAN ARH HOSPITAL,HARLAN,KY,2,90,88,73,82
181302,THE JAMES B. HAGGIN MEMORIAL HOSPITAL,HARRODSBURG,KY,,,,,
181323,OHIO COUNTY HOSPITAL,HARTFORD,KY,,,,,
180029,HAZARD ARH REGIONAL MEDICAL CENTER,HAZARD,KY,3,90,91,82,81
180056,DEACONESS HENDERSON HOSPITAL,HENDERSON,KY,3,91,89,83,82
180051,JENNIE STUART MEDICAL CENTER,HOPKINSVILLE,KY,3,90,91,84,82
181314,CAVERNA MEMORIAL HOSPITAL,HORSE CAVE,KY,,,,,
181316,MARY BRECKINRIDGE ARH HOSPITAL,HYDEN,KY,,,,,
181301,MARCUM AND WALLACE MEMORIAL HOSPITAL,IRVINE,KY,,,,,
181334,KENTUCKY RIVER MEDICAL CENTER,JACKSON,KY,,,,,
180138,BAPTIST HEALTH LAGRANGE,LA GRANGE,KY,4,94,93,91,92
180024,SPRING VIEW HOSPITAL,LEBANON,KY,4,94,95,89,86
180070,OWENSBORO HEALTH TWIN LAKES MEDICAL CENTER,LEITCHFIELD,KY,4,92,92,86,88
180103,BAPTIST HEALTH LEXINGTON,LEXINGTON,KY,4,93,93,89,94
18007F,LEXINGTON VA MEDICAL CENTER,LEXINGTON,KY,4,94,94,91,91
180143,SAINT JOSEPH EAST,LEXINGTON,KY,3,90,89,83,85
180010,SAINT JOSEPH HOSPITAL,LEXINGTON,KY,3,89,90,84,84
180067,UNIVERSITY OF KENTUCKY HOSPITAL,LEXINGTON,KY,4,92,92,87,89
181309,CASEY COUNTY HOSPITAL,LIBERTY,KY,,,,,
180011,SAINT JOSEPH LONDON,LONDON,KY,4,93,92,86,88
180128,THREE RIVERS MEDICAL CENTER,LOUISA,KY,4,95,94,86,92
180130,BAPTIST HEALTH LOUISVILLE,LOUISVILLE,KY,3,91,91,86,90
18006F,LOUISVILLE VA MEDICAL CENTER,LOUISVILLE,KY,3,92,91,89,89
180088,"NORTON HOSPITALS, INC",LOUISVILLE,KY,3,90,90,87,88
180141,UNIVERSITY OF LOUISVILLE HOSPITAL,LOUISVILLE,KY,2,88,88,82,85
180040,UOFL HEALTH - JEWISH HOSPITAL and Mary & Elizabeth Hospital,LOUISVILLE,KY,2,88,87,82,84
180093,BAPTIST HEALTH DEACONESS MADISONVILLE,MADISONVILLE,KY,3,92,90,84,85
180043,AdventHealthManchester,MANCHESTER,KY,4,94,93,89,90
180779,CRITTENDEN COMMUNITY HOSPITAL,MARION,KY,,,,,
181305,ARH OUR LADY OF THE WAY,MARTIN,KY,,,,,
180116,JACKSON PURCHASE MEDICAL CENTER,MAYFIELD,KY,3,91,91,81,84
180019,MEADOWVIEW REGIONAL MEDICAL CENTER,MAYSVILLE,KY,4,92,91,90,81
181331,MCDOWELL ARH HOSPITAL,MC DOWELL,KY,,,,,
180020,MIDDLESBORO ARH HOSPITAL,MIDDLESBORO,KY,3,93,90,79,80
181321,WAYNE COUNTY HOSPITAL,MONTICELLO,KY,,,,,
180018,ST CLAIRE REGIONAL MEDICAL CENTER,MOREHEAD,KY,4,93,92,87,87
181306,METHODIST HOSPITAL UNION COUNTY,MORGANFIELD,KY,4,94,90,82,89
180064,SAINT JOSEPH MOUNT STERLING,MOUNT STERLING,KY,4,96,93,90,90
180115,"ROCKCASTLE COUNTY HOSPITAL, INC.",MOUNT VERNON,KY,,,,,
180027,MURRAY-CALLOWAY COUNTY HOSPITAL,MURRAY,KY,4,93,92,85,89
180038,OWENSBORO HEALTH REGIONAL HOSPITAL,OWENSBORO,KY,3,92,89,85,87
180104,BAPTIST HEALTH PADUCAH,PADUCAH,KY,4,93,92,86,91
180102,MERCY HEALTH - LOURDES HOSPITAL,PADUCAH,KY,3,90,90,82,86
180078,PAINTSVILLE ARH HOSPITAL,PAINTSVILLE,KY,3,91,93,86,82
180046,BOURBON COMMUNITY HOSPITAL,PARIS,KY,,,,,
180044,PIKEVILLE MEDICAL CENTER,PIKEVILLE,KY,2,89,89,81,85
180154,"PINEVILLE COMMUNITY HEALTH CENTER, INC",PINEVILLE,KY,,,,,
180005,HIGHLANDS ARH REGIONAL MEDICAL CENTER,PRESTONSBURG,KY,3,92,92,85,84
181322,CALDWELL MEDICAL CENTER,PRINCETON,KY,,,,,
180049,BAPTIST HEALTH RICHMOND,RICHMOND,KY,4,94,94,90,92
181330,RUSSELL COUNTY HOSPITAL,RUSSELL SPRINGS,KY,,,,,
180066,The Medical Center at Russellville,RUSSELLVILLE,KY,,,,,
181320,"LIVINGSTON HOSPITAL AND HEALTHCARE SERVICES, INC",SALEM,KY,,,,,
181324,THE MEDICAL CENTER AT SCOTTSVILLE,SCOTTSVILLE,KY,,,,,
180016,UOFL HEALTH - SHELBYVILLE HOSPITAL,SHELBYVILLE,KY,3,92,90,87,84
180132,LAKE CUMBERLAND REGIONAL HOSPITAL,SOMERSET,KY,3,90,90,83,80
180069,TUG VALLEY ARH REGIONAL MEDICAL CENTER,SOUTH WILLIAMSON,KY,2,89,91,75,79
181315,EPHRAIM MCDOWELL FORT LOGAN HOSPITAL,STANFORD,KY,5,96,95,89,93
180105,MONROE COUNTY MEDICAL CENTER,TOMPKINSVILLE,KY,4,92,97,83,88
181308,BLUEGRASS COMMUNITY HOSPITAL,VERSAILLES,KY,,,,,
181307,MORGAN COUNTY ARH HOSPITAL,WEST LIBERTY,KY,,,,,
180002,WHITESBURG ARH HOSPITAL,WHITESBURG,KY,4,94,93,90,86
181311,ST ELIZABETH GRANT,WILLIAMSTOWN,KY,,,,,
180092,CLARK REGIONAL MEDICAL CENTER,WINCHESTER,KY,3,92,91,86,87
190034,ABBEVILLE GENERAL HOSPITAL,ABBEVILLE,LA,5,96,96,89,89
190319,ALEXANDRIA HOSPITAL,ALEXANDRIA,LA,,,,,
190298,CHRISTUS CENTRAL LOUISIANA SURGICAL HOSPITAL,ALEXANDRIA,LA,,,,,
190019,CHRISTUS ST FRANCES CABRINI HOSPITAL,ALEXANDRIA,LA,3,90,90,81,86
190026,RAPIDES REGIONAL MEDICAL CENTER,ALEXANDRIA,LA,2,87,87,77,81
191309,HOOD MEMORIAL HOSPITAL,AMITE,LA,,,,,
191320,BIENVILLE MEDICAL CENTER,ARCADIA,LA,,,,,
190116,MOREHOUSE GENERAL HOSPITAL,BASTROP,LA,,,,,
190065,BATON ROUGE GENERAL MEDICAL CENTER,BATON ROUGE,LA,3,91,92,87,88
190202,OCHSNER MEDICAL CENTER - BATON ROUGE,BATON ROUGE,LA,3,91,91,87,86
190064,OUR LADY OF THE LAKE REGIONAL MEDICAL CENTER,BATON ROUGE,LA,3,92,93,86,88
190251,SURGICAL SPECIALTY CENTER OF BATON ROUGE,BATON ROUGE,LA,,,,,
190316,THE GENERAL,BATON ROUGE,LA,,,,,
190266,THE SPINE HOSPITAL OF LOUISIANA,BATON ROUGE,LA,4,96,94,88,95
190128,WOMANS HOSPITAL,BATON ROUGE,LA,4,92,93,89,93
191326,REEVES MEMORIAL MEDICAL CENTER,BERNICE,LA,,,,,
190312,OUR LADY OF THE ANGELS HOSPITAL,BOGALUSA,LA,5,95,95,90,89
191302,OCHSNER ST MARTIN HOSPITAL,BREAUX BRIDGE,LA,5,96,95,89,93
191311,BUNKIE GENERAL HOSPITAL,BUNKIE,LA,,,,,
190308,ST BERNARD PARISH HOSPITAL,CHALMETTE,LA,4,92,91,88,85
191319,ACADIA ST LANDRY,CHURCH POINT,LA,,,,,
190190,"CALDWELL MEMORIAL HOSPITAL, INC",COLUMBIA,LA,,,,,
190184,CITIZENS MEDICAL CENTER,COLUMBIA,LA,5,99,99,94,97
191312,CHRISTUS COUSHATTA HEALTH CARE CENTER,COUSHATTA,LA,,,,,
190267,AVALA,COVINGTON,LA,5,97,95,92,96
190045,ST TAMMANY PARISH HOSPITAL,COVINGTON,LA,4,94,93,90,92
190044,ACADIA GENERAL HOSPITAL,CROWLEY,LA,3,91,94,84,86
191325,LADY OF THE SEA GENERAL HOSPITAL,CUT OFF,LA,,,,,
191323,RICHLAND PARISH HOSPITAL-DELHI,DELHI,LA,,,,,
191307,DEQUINCY MEMORIAL HOSPITAL,DEQUINCY,LA,,,,,
190050,BEAUREGARD MEMORIAL HOSPITAL,DERIDDER,LA,4,95,94,86,89
191308,PREVOST MEMORIAL HOSPITAL,DONALDSONVILLE,LA,,,,,
190318,ACADIAN MEDICAL CENTER,EUNICE,LA,3,88,90,80,84
191301,UNION GENERAL HOSPITAL,FARMERVILLE,LA,,,,,
191318,RIVERLAND MEDICAL CENTER,FERRIDAY,LA,,,,,
191310,BAYOU BEND HEALTH SYSTEM,FRANKLIN,LA,,,,,
191313,RIVERSIDE MEDICAL CENTER,FRANKLINTON,LA,,,,,
19050F,Bayne-Jones ACH (Ft Johnson),Fort Johnson,LA,,,,,
191300,ST HELENA PARISH HOSPITAL,GREENSBURG,LA,,,,,
190303,CYPRESS POINTE SURGICAL HOSPITAL,HAMMOND,LA,5,95,92,89,94
190015,NORTH OAKS MEDICAL CENTER,HAMMOND,LA,3,91,91,83,85
190114,CLAIBORNE MEMORIAL MEDICAL CENTER,HOMER,LA,4,94,96,86,92
190183,LEONARD J CHABERT MEDICAL CENTER,HOUMA,LA,4,93,94,90,90
190241,PHYSICIANS MEDICAL CENTER,HOUMA,LA,,,,,
190008,TERREBONNE GENERAL MEDICAL CENTER - PARISH,HOUMA,LA,4,93,93,88,88
191321,LALLIE KEMP MEDICAL CENTER,INDEPENDENCE,LA,,,,,
190145,LASALLE GENERAL HOSPITAL,JENA,LA,,,,,
190053,OCHSNER AMERICAN LEGION HOSPITAL,JENNINGS,LA,4,94,92,89,87
191317,JACKSON PARISH HOSPITAL,JONESBORO,LA,,,,,
191322,ABROM KAPLAN MEMORIAL HOSPITAL,KAPLAN,LA,,,,,
190274,OCHSNER MEDICAL CENTER-KENNER,KENNER,LA,3,90,91,90,85
190133,ALLEN PARISH HOSPITAL,KINDER,LA,,,,,
190259,LAFAYETTE SURGICAL SPECIALTY HOSPITAL,LAFAYETTE,LA,5,95,94,93,95
190002,OCHSNER LAFAYETTE GENERAL MEDICAL CENTER,LAFAYETTE,LA,4,92,91,86,89
190006,OCHSNER UNIVERSITY HOSPITAL AND CLINICS,LAFAYETTE,LA,4,94,94,89,90
190102,"OUR LADY OF LOURDES REGIONAL MEDICAL CENTER, INC",LAFAYETTE,LA,4,93,94,87,92
190255,PARK PLACE SURGICAL HOSPITAL,LAFAYETTE,LA,,,,,
190201,CHRISTUS OCHSNER LAKE AREA HOSPITAL,LAKE CHARLES,LA,4,90,93,88,91
190027,CHRISTUS OCHSNER ST PATRICK HOSPITAL,LAKE CHARLES,LA,3,90,92,85,84
190060,LAKE CHARLES MEMORIAL HOSPITAL,LAKE CHARLES,LA,3,90,92,84,87
190208,EAST CARROLL PARISH HOSPITAL,LAKE PROVIDENCE,LA,,,,,
190164,BYRD REGIONAL HOSPITAL,LEESVILLE,LA,3,91,90,85,86
190079,ST CHARLES PARISH HOSPITAL,LULING,LA,5,95,95,92,91
191305,ST JAMES PARISH HOSPITAL,LUTCHER,LA,,,,,
190025,SAVOY MEDICAL CENTER,MAMOU,LA,,,,,
190118,DESOTO REGIONAL HEALTH SYSTEM,MANSFIELD,LA,,,,,
190218,SABINE MEDICAL CENTER,MANY,LA,,,,,
190099,AVOYELLES HOSPITAL,MARKSVILLE,LA,,,,,
190039,WEST JEFFERSON MEDICAL CENTER,MARRERO,LA,3,91,92,85,89
190176,EAST JEFFERSON GENERAL HOSPITAL,METAIRIE,LA,4,92,92,85,89
190302,"OMEGA HOSPITAL, LLC",METAIRIE,LA,,,,,
190144,MINDEN MEDICAL CENTER,MINDEN,LA,3,90,90,83,87
190245,MONROE SURGICAL HOSPITAL,MONROE,LA,,,,,
190011,OCHSNER LSU HEALTH MONROE,MONROE,LA,4,93,93,82,91
190125,ST FRANCIS MEDICAL CENTER,MONROE,LA,4,92,92,85,90
190014,OCHSNER ST MARY,MORGAN CITY,LA,4,92,95,90,84
190779,ASSUMPTION COMMUNITY HOSPITAL,NAPOLEONVILLE,LA,,,,,
190007,NATCHITOCHES REGIONAL MEDICAL CENTER,NATCHITOCHES,LA,4,94,94,87,86
190054,IBERIA MEDICAL CENTER,NEW IBERIA,LA,4,93,93,87,84
193300,CHILDRENS HOSPITAL,NEW ORLEANS,LA,,,,,
190313,NEW ORLEANS EAST HOSPITAL,NEW ORLEANS,LA,,,,,
190036,OCHSNER MEDICAL CENTER ACUTE,NEW ORLEANS,LA,3,91,92,87,88
19047F,SOUTHEAST LOUISIANA VETERANS HEALTH CARE SYSTEM,NEW ORLEANS,LA,4,91,95,86,91
190300,ST CHARLES SURGICAL HOSPITAL,NEW ORLEANS,LA,,,,,
190046,TOURO INFIRMARY,NEW ORLEANS,LA,4,92,92,86,89
190005,UNIVERSITY MEDICAL CENTER NEW ORLEANS,NEW ORLEANS,LA,4,90,93,84,90
191316,POINTE COUPEE GENERAL HOSPITAL,NEW ROADS,LA,,,,,
191327,WEST CARROLL MEMORIAL HOSPITAL,OAK GROVE,LA,,,,,
190106,OAKDALE COMMUNITY HOSPITAL,OAKDALE,LA,,,,,
191315,HARDTNER MEDICAL CENTER,OLLA,LA,,,,,
190017,OPELOUSAS GENERAL HEALTH SYSTEM,OPELOUSAS,LA,4,93,93,89,86
19043F,ALEXANDRIA VA MEDICAL CENTER,PINEVILLE,LA,,,,,
191324,OCHSNER ST ANNE GENERAL HOSPITAL,RACELAND,LA,5,97,96,90,95
190151,RICHARDSON MEDICAL CENTER,RAYVILLE,LA,,,,,
190086,NORTHERN LOUISIANA MEDICAL CENTER,RUSTON,LA,2,87,90,74,74
191306,WEST FELICIANA PARISH HOSPITAL,SAINT FRANCISVILLE,LA,,,,,
190041,CHRISTUS SHREVEPORT-BOSSIER HEALTH SYSTEM,SHREVEPORT,LA,3,89,90,80,87
190098,OCHSNER LSU HEALTH SHREVEPORT,SHREVEPORT,LA,3,89,91,82,87
190317,OCHSNER LSU HEALTH SHREVEPORT-ST MARY MEDICAL CENT,SHREVEPORT,LA,4,92,91,87,88
19048F,OVERTON BROOKS VA MEDICAL CENTER (SHREVEPORT),SHREVEPORT,LA,3,91,90,81,86
190278,SPECIALISTS HOSPITAL SHREVEPORT,SHREVEPORT,LA,4,92,93,91,91
190111,WILLIS KNIGHTON MEDICAL CENTER,SHREVEPORT,LA,3,91,91,82,87
190270,OUR LADY OF THE LAKE SURGICAL HOSPITAL,SLIDELL,LA,,,,,
190040,SLIDELL MEMORIAL HOSPITAL,SLIDELL,LA,3,90,89,87,84
190256,STERLING SURGICAL HOSPITAL,SLIDELL,LA,,,,,
190088,SPRINGHILL MEDICAL CENTER,SPRINGHILL,LA,,,,,
190013,WEST CALCASIEU CAMERON HOSPITAL,SULPHUR,LA,4,93,94,86,89
191314,MADISON PARISH HOSPITAL,TALLULAH,LA,,,,,
190004,THIBODAUX REGIONAL MEDICAL CENTER,THIBODAUX,LA,4,93,94,90,92
190167,MERCY REGIONAL MEDICAL CENTER,VILLE PLATTE,LA,,,,,
191304,NORTH CADDO MEDICAL CENTER,VIVIAN,LA,,,,,
190160,GLENWOOD REGIONAL MEDICAL CENTER,WEST MONROE,LA,4,94,94,81,88
190090,WINN PARISH MEDICAL CENTER,WINNFIELD,LA,,,,,
190140,FRANKLIN MEDICAL CENTER,WINNSBORO,LA,,,,,
190020,LANE REGIONAL MEDICAL CENTER,ZACHARY,LA,4,93,92,84,87
221303,ATHOL MEMORIAL HOSPITAL,ATHOL,MA,,,,,
220008,STURDY MEMORIAL HOSPITAL,ATTLEBORO,MA,3,92,90,85,86
220098,NASHOBA VALLEY MEDICAL CENTER,AYER,MA,,,,,
22001F,BEDFORD VA MEDICAL CENTER,BEDFORD,MA,,,,,
220033,NORTHEAST HOSPITAL CORPORATION,BEVERLY,MA,3,90,90,82,85
220086,BETH ISRAEL DEACONESS MEDICAL CENTER,BOSTON,MA,4,93,92,87,91
223302,BOSTON CHILDREN'S HOSPITAL,BOSTON,MA,,,,,
220031,BOSTON MEDICAL CENTER,BOSTON,MA,3,91,91,87,89
220110,BRIGHAM AND WOMEN'S HOSPITAL,BOSTON,MA,4,92,92,88,92
220017,CARNEY HOSPITAL,BOSTON,MA,,,,,
220075,MASSACHUSETTS EYE AND EAR INFIRMARY -,BOSTON,MA,4,94,92,89,93
220071,MASSACHUSETTS GENERAL HOSPITAL,BOSTON,MA,4,93,93,89,94
220088,NEW ENGLAND BAPTIST HOSPITAL,BOSTON,MA,4,94,93,92,94
223304,THE SHRINERS' HOSPITAL FOR CHILDREN - BOSTON,BOSTON,MA,,,,,
220116,TUFTS MEDICAL CENTER,BOSTON,MA,4,94,93,89,92
220036,BOSTON MEDICAL CENTER-BRIGHTON,BRIGHTON,MA,3,92,92,86,87
223300,FRANCISCAN CHILDREN'S HOSPITAL & REHAB CENTER,BRIGHTON,MA,,,,,
220111,GOOD SAMARITAN MEDICAL CENTER,BROCKTON,MA,2,87,89,86,77
220052,SIGNATURE HEALTHCARE BROCKTON HOSPITAL,BROCKTON,MA,2,88,86,86,83
220171,"LAHEY HOSPITAL & MEDICAL CENTER, BURLINGTON",BURLINGTON,MA,3,91,92,86,88
220011,CAMBRIDGE HEALTH ALLIANCE,CAMBRIDGE,MA,3,88,90,84,84
220002,MOUNT AUBURN HOSPITAL,CAMBRIDGE,MA,3,91,91,87,89
220020,SAINT ANNE'S HOSPITAL,FALL RIVER,MA,4,94,92,91,89
220074,SOUTHCOAST HOSPITALS GROUP,FALL RIVER,MA,3,91,91,88,87
220135,FALMOUTH HOSPITAL,FALMOUTH,MA,3,92,89,87,89
220175,METROWEST MEDICAL CENTER,FRAMINGHAM,MA,1,85,88,80,72
220095,HEYWOOD HOSPITAL -,GARDNER,MA,4,92,90,88,87
221302,FAIRVIEW HOSPITAL,GREAT BARRINGTON,MA,5,97,95,95,97
220016,BAYSTATE FRANKLIN MEDICAL CENTER,GREENFIELD,MA,3,93,91,88,86
220024,HOLYOKE MEDICAL CENTER,HOLYOKE,MA,3,92,90,84,88
220012,CAPE COD HOSPITAL,HYANNIS,MA,3,91,91,89,89
220119,BRIGHAM AND WOMEN FAULKNER HOSPITAL,JAMAICA PLAIN,MA,3,90,91,87,87
22010F,VA BOSTON HEALTHCARE SYSTEM - JAMAICA PLAIN,JAMAICA PLAIN,MA,4,93,92,90,89
220010,MERRIMACK HEALTH LAWRENCE HOSPITAL,LAWRENCE,MA,3,90,89,85,84
22009F,NORTHAMPTON VA MEDICAL CENTER,LEEDS,MA,,,,,
220001,UMASS MEMORIAL HEALTHALLIANCE HOSPITALS,LEOMINSTER,MA,2,89,88,87,80
220063,LOWELL GENERAL HOSPITAL,LOWELL,MA,3,91,89,85,85
220049,UMASS MEMORIAL HEALTHCARE-MARLBOROUGH HOSPITAL,MARLBOROUGH,MA,3,90,90,84,82
220070,MELROSEWAKEFIELD HEALTHCARE,MELROSE,MA,3,93,90,85,84
220080,HOLY FAMILY HOSPITAL,METHUEN,MA,2,87,87,84,78
220090,MILFORD REGIONAL MEDICAL CENTER,MILFORD,MA,4,93,93,90,91
220108,BETH ISRAEL DEACONESS HOSPITAL - MILTON,MILTON,MA,3,91,92,87,87
220177,NANTUCKET COTTAGE HOSPITAL,NANTUCKET,MA,,,,,
220083,BETH ISRAEL DEACONESS HOSPITAL - NEEDHAM,NEEDHAM,MA,3,92,91,86,88
220029,ANNA JAQUES HOSPITAL,NEWBURYPORT,MA,3,91,88,85,83
220101,NEWTON-WELLESLEY HOSPITAL,NEWTON,MA,4,92,93,89,92
221304,NORTH ADAMS REGIONAL HOSPITAL CORPORATION,NORTH ADAMS,MA,5,97,97,96,95
220015,"COOLEY DICKINSON HOSPITAL INC,THE",NORTHAMPTON,MA,3,92,91,88,89
220126,NORWOOD HOSPITAL,NORWOOD,MA,,,,,
221300,MARTHA'S VINEYARD HOSPITAL INC,OAK BLUFFS,MA,4,95,93,90,93
220030,BAYSTATE WING HOSPITAL,PALMER,MA,3,92,92,85,86
220046,BERKSHIRE MEDICAL CENTER,PITTSFIELD,MA,3,91,90,87,82
220060,BETH ISRAEL DEACONESS HOSPITAL PLYMOUTH,PLYMOUTH,MA,3,91,90,88,85
220035,NORTH SHORE MEDICAL CENTER -,SALEM,MA,4,92,92,89,87
220100,SOUTH SHORE HOSPITAL,SOUTH WEYMOUTH,MA,3,91,90,87,85
220019,UMASS MEMORIAL HEALTH - HARRINGTON HOSPITAL,SOUTHBRIDGE,MA,3,90,89,86,84
220077,BAYSTATE MEDICAL CENTER,SPRINGFIELD,MA,2,89,89,83,84
220066,MERCY MEDICAL CTR,SPRINGFIELD,MA,3,90,90,85,87
220073,BROWN UNIVERSITY HEALTH MORTON HOSPITAL,TAUNTON,MA,2,88,86,84,76
220084,EMERSON HOSPITAL -,W CONCORD,MA,4,92,92,88,91
220065,BAYSTATE NOBLE HOSPITAL,WESTFIELD,MA,3,91,91,88,85
220105,WINCHESTER HOSPITAL,WINCHESTER,MA,3,93,90,86,89
220062,ADCARE HOSPITAL OF WORCESTER INC,WORCESTER,MA,,,,,
220176,ST VINCENT HOSPITAL,WORCESTER,MA,2,86,87,83,77
220163,UMASS MEMORIAL MEDICAL CENTER/UNIVERSITY CAMPUS,WORCESTER,MA,3,91,90,87,88
210023,"LUMINIS HEALTH ANNE ARUNDEL MEDICAL CENTER, INC",ANNAPOLIS,MD,3,90,90,83,88
210044,GREATER BALTIMORE MEDICAL CENTER,BALTIMORE,MD,3,92,92,85,91
210029,JOHNS HOPKINS BAYVIEW MEDICAL CENTER,BALTIMORE,MD,3,90,90,89,85
210009,"JOHNS HOPKINS HOSPITAL, THE",BALTIMORE,MD,4,92,92,89,92
213301,KENNEDY KRIEGER INSTITUTE,BALTIMORE,MD,,,,,
210064,LEVINDALE HEBREW GERIATRIC CENTER AND HOSPITAL,BALTIMORE,MD,,,,,
210056,MEDSTAR GOOD SAMARITAN HOSPITAL,BALTIMORE,MD,2,87,89,84,82
210034,MEDSTAR HARBOR HOSPITAL,BALTIMORE,MD,3,88,91,85,83
210024,MEDSTAR UNION MEMORIAL HOSPITAL,BALTIMORE,MD,3,89,91,85,87
210008,MERCY MEDICAL CENTER INC,BALTIMORE,MD,4,91,90,87,91
213300,MOUNT WASHINGTON PEDIATRIC HOSPITAL,BALTIMORE,MD,,,,,
210011,SAINT AGNES HOSPITAL,BALTIMORE,MD,2,85,89,81,79
210012,SINAI HOSPITAL OF BALTIMORE,BALTIMORE,MD,2,88,90,86,82
210058,UMD REHABILITATION &  ORTHOPAEDIC INSTITUTE,BALTIMORE,MD,,,,,
210002,UNIVERSITY OF MARYLAND MEDICAL CENTER,BALTIMORE,MD,3,90,91,86,87
210038,UNIVERSITY OF MD MEDICAL CENTER MIDTOWN CAMPUS,BALTIMORE,MD,2,87,89,85,83
21020F,VA MARYLAND HEALTHCARE SYSTEM - BALTIMORE,BALTIMORE,MD,2,89,91,84,82
210049,UMD UPPER CHESAPEAKE MEDICAL CENTER,BEL AIR,MD,2,89,87,84,81
210061,ATLANTIC GENERAL HOSPITAL,BERLIN,MD,4,93,93,89,90
210022,SUBURBAN HOSPITAL,BETHESDA,MD,4,91,92,85,92
21007F,Walter Reed National Military Med Cen,Bethesda,MD,4,93,94,90,93
210030,UNIVERSITY OF MD SHORE MEDICAL CTR AT CHESTERTOWN,CHESTERTOWN,MD,,,,,
210062,MEDSTAR SOUTHERN MARYLAND HOSPITAL CENTER,CLINTON,MD,1,85,87,76,74
210048,JOHNS HOPKINS HOWARD COUNTY MEDICAL CENTER,COLUMBIA,MD,3,90,90,87,87
210027,WESTERN MARYLAND REGIONAL MEDICAL CENTER,CUMBERLAND,MD,3,91,89,88,81
210037,UNIVERSITY OF MD SHORE MEDICAL CENTER AT EASTON,EASTON,MD,2,89,88,83,79
210032,UNION HOSPITAL OF CECIL COUNTY,ELKTON,MD,3,90,90,88,84
210060,ADVENTIST HEALTHCARE FORT WASHINGTON MEDICAL CTR,FORT WASHINGTON,MD,3,91,92,87,84
210005,FREDERICK HEALTH HOSPITAL,FREDERICK,MD,3,90,88,86,83
210065,HOLY CROSS GERMANTOWN HOSPITAL,GERMANTOWN,MD,2,89,88,80,85
210043,UNIVERSITY OF MD BALTIMORE WASHINGTON MEDICAL CENTER,GLEN BURNIE,MD,3,90,89,84,85
210001,MERITUS MEDICAL CENTER,HAGERSTOWN,MD,3,91,90,87,87
210035,UNIVERSITY OF MD CHARLES REGIONAL  MEDICAL CENTER,LA PLATA,MD,3,90,88,87,81
210051,"LUMINIS HEALTH DOCTORS COMMUNITY MEDICAL CTR, INC",LANHAM,MD,2,87,88,82,81
210028,MEDSTAR SAINT MARY'S HOSPITAL,LEONARDTOWN,MD,3,92,92,86,84
210017,GARRETT REGIONAL MEDICAL CENTER,OAKLAND,MD,4,94,94,87,91
210018,MEDSTAR MONTGOMERY MEDICAL CENTER,OLNEY,MD,3,87,90,83,84
21010F,VA MARYLAND HEALTHCARE SYSTEM - PERRY POINT,PERRY POINT,MD,,,,,
210039,CALVERTHEALTH MEDICAL CENTER,PRINCE FREDERICK,MD,4,93,89,89,88
210040,NORTHWEST HOSPITAL CENTER,RANDALLSTOWN,MD,2,87,87,83,80
210057,ADVENTIST HEALTHCARE SHADY GROVE MEDICAL CENTER,ROCKVILLE,MD,3,90,89,85,86
210015,MEDSTAR FRANKLIN SQUARE MEDICAL CENTER,ROSEDALE,MD,2,88,90,83,81
210019,"TIDALHEALTH PENINSULA REGIONAL, INC",SALISBURY,MD,3,92,90,88,86
210016,ADVENTIST HEALTHCARE WHITE OAK MEDICAL CENTER,SILVER SPRING,MD,3,90,90,85,89
210004,HOLY CROSS HOSPITAL,SILVER SPRING,MD,3,89,90,82,86
210063,UNIVERSITY OF MD ST JOSEPH MEDICAL CENTER,TOWSON,MD,4,92,92,87,92
210003,UNIVERSITY OF MD CAPITAL REGION MEDICAL CENTER,UPPER MARLBORO,MD,2,84,87,78,78
210033,CARROLL HOSPITAL CENTER,WESTMINSTER,MD,3,90,89,89,83
200039,MAINE GENERAL MEDICAL CENTER,AUGUSTA,ME,4,94,93,88,89
20003F,TOGUS VA MEDICAL CENTER,AUGUSTA,ME,5,96,96,91,94
200033,NORTHERN LIGHT EASTERN MAINE MEDICAL CENTER,BANGOR,ME,2,89,90,85,82
200001,ST JOSEPH HOSPITAL,BANGOR,ME,4,94,93,86,94
201304,MOUNT DESERT ISLAND HOSPITAL,BAR HARBOR,ME,5,97,98,94,97
201312,MAINEHEALTH WALDO HOSPITAL,BELFAST,ME,4,94,94,89,91
201300,NORTHERN LIGHT BLUE HILL MEMORIAL HOSPITAL,BLUE HILL,ME,,,,,
201310,BRIDGTON HOSPITAL,BRIDGTON,ME,4,91,92,91,86
200021,MAINEHEALTH MID COAST HOSPITAL,BRUNSWICK,ME,3,92,93,85,90
201305,CALAIS COMMUNITY HOSPITAL,CALAIS,ME,,,,,
200031,CARY MEDICAL CENTER,CARIBOU,ME,4,93,94,87,91
201302,LINCOLNHEALTH,DAMARISCOTTA,ME,4,95,94,88,93
201309,NORTHERN LIGHT MAYO HOSPITAL,DOVER FOXCROFT,ME,3,90,89,86,85
200050,NORTHERN LIGHT MAINE COAST HOSPITAL,ELLSWORTH,ME,3,92,91,85,81
201316,MAINEHEALTH FRANKLIN HOSPITAL,FARMINGTON,ME,4,94,92,88,88
201317,NORTHERN MAINE MEDICAL CENTER,FORT KENT,ME,4,95,95,88,92
201301,NORTHERN LIGHT C A DEAN HOSPITAL,GREENVILLE,ME,,,,,
201308,HOULTON REGIONAL HOSPITAL,HOULTON,ME,4,95,96,87,84
200024,CENTRAL MAINE MEDICAL CENTER,LEWISTON,ME,3,91,91,87,86
200034,ST MARY'S REGIONAL MEDICAL CENTER,LEWISTON,ME,4,92,95,87,91
201303,PENOBSCOT VALLEY HOSPITAL,LINCOLN,ME,,,,,
201311,DOWN EAST COMMUNITY HOSPITAL,MACHIAS,ME,,,,,
201307,MILLINOCKET REGIONAL HOSPITAL,MILLINOCKET,ME,,,,,
201315,MAINEHEALTH STEPHENS HOSPITAL,NORWAY,ME,5,95,95,93,91
201313,NORTHERN LIGHT SEBASTICOOK VALLEY HOSPITAL,PITTSFIELD,ME,3,92,85,86,85
200009,MAINEHEALTH MAINE MEDICAL CENTER,PORTLAND,ME,3,93,92,86,88
200008,NORTHERN LIGHT MERCY HOSPITAL,PORTLAND,ME,4,95,93,90,95
200018,NORTHERN LIGHT  A R GOULD HOSPITAL,PRESQUE ISLE,ME,3,93,92,87,84
200063,MAINEHEALTH PEN BAY HOSPITAL,ROCKPORT,ME,4,93,94,87,88
201306,RUMFORD  HOSPITAL,RUMFORD,ME,,,,,
201314,REDINGTON FAIRVIEW GENERAL HOSPITAL,SKOWHEGAN,ME,5,94,93,91,92
200020,YORK HOSPITAL,YORK,ME,5,95,95,90,90
230005,PROMEDICA CHARLES AND VIRGINIA HICKMAN HOSPITAL,ADRIAN,MI,3,92,89,85,82
231328,ASCENSION BORGESS ALLEGAN HOSPITAL,ALLEGAN,MI,,,,,
230030,MYMICHIGAN MEDICAL CENTER ALMA,ALMA,MI,4,94,92,90,91
230036,MYMICHIGAN MEDICAL CENTER ALPENA,ALPENA,MI,4,94,91,88,89
230156,TRINITY HEALTH ANN ARBOR HOSPITAL,ANN ARBOR,MI,3,92,91,88,91
230046,UNIVERSITY OF MICHIGAN HEALTH SYSTEM,ANN ARBOR,MI,4,94,93,89,94
23011F,VA ANN ARBOR HEALTHCARE SYSTEM,ANN ARBOR,MI,5,95,95,90,95
231340,MCLAREN THUMB REGION,BAD AXE,MI,4,94,92,91,86
23012F,BATTLE CREEK VA MEDICAL CENTER,BATTLE CREEK,MI,,,,,
230075,BRONSON BATTLE CREEK HOSPITAL,BATTLE CREEK,MI,3,91,91,88,85
230041,MCLAREN BAY REGION,BAY CITY,MI,2,90,88,85,79
230093,COREWELL HEALTH BIG RAPIDS HOSPITAL,BIG RAPIDS,MI,4,91,92,90,87
230279,HENRY FORD HEALTH BRIGHTON CENTER FOR RECOVERY,BRIGHTON,MI,,,,,
230081,MUNSON HEALTHCARE CADILLAC HOSPITAL,CADILLAC,MI,4,92,93,89,88
231329,MCLAREN CARO REGION,CARO,MI,,,,,
230208,UNIVERSITY OF MICHIGAN HEALTH-SPARROW CARSON,CARSON CITY,MI,5,97,93,94,95
231316,HILLS & DALES GENERAL HOSPITAL,CASS CITY,MI,5,97,97,92,98
231322,CHARLEVOIX AREA HOSPITAL,CHARLEVOIX,MI,4,94,94,86,92
231327,UNIVERSITY OF MICHIGAN HEALTH - SPARROW EATON,CHARLOTTE,MI,4,93,89,92,90
230259,CHELSEA HOSPITAL,CHELSEA,MI,5,95,95,90,95
230180,MYMICHIGAN MEDICAL CENTER CLARE,CLARE,MI,3,92,89,86,87
230047,HENRY FORD MACOMB HOSPITAL,CLINTON TOWNSHIP,MI,2,89,88,84,85
230022,INSIGHT HOSPITAL AND MEDICAL CENTER COLDWATER,COLDWATER,MI,4,94,89,90,82
230277,HURON VALLEY-SINAI HOSPITAL,COMMERCE TOWNSHIP,MI,3,90,89,83,82
230020,BEAUMONT HOSPITAL - DEARBORN,DEARBORN,MI,2,88,87,80,76
231311,DECKERVILLE COMMUNITY HOSPITAL,DECKERVILLE,MI,,,,,
233300,CHILDREN'S HOSPITAL OF MICHIGAN,DETROIT,MI,,,,,
23037F,DETROIT (JOHN D. DINGELL) VA MEDICAL CENTER,DETROIT,MI,4,91,91,88,87
230273,DETROIT RECEIVING HOSPITAL,DETROIT,MI,1,81,85,69,69
230104,HARPER UNIVERSITY HOSPITAL,DETROIT,MI,1,84,87,76,74
230053,HENRY FORD HEALTH HOSPITAL,DETROIT,MI,3,91,91,85,87
230165,HENRY FORD HEALTH ST JOHN HOSPITAL,DETROIT,MI,2,88,87,80,79
230297,KARMANOS CANCER CENTER,DETROIT,MI,4,94,92,91,91
230024,SINAI-GRACE HOSPITAL,DETROIT,MI,1,81,85,73,65
231315,ASCENSION BORGESS LEE HOSPITAL,DOWAGIAC,MI,,,,,
230241,ASCENSION RIVER DISTRICT HOSPITAL,EAST CHINA,MI,,,,,
231324,EATON RAPIDS MEDICAL CENTER,EATON RAPIDS,MI,,,,,
231337,OSF ST FRANCIS HOSPITAL AND MEDICAL GROUP,ESCANABA,MI,4,93,95,89,88
230151,BEAUMONT HOSPITAL - FARMINGTON HILLS,FARMINGTON HILLS,MI,2,88,87,84,76
230132,HURLEY MEDICAL CENTER,FLINT,MI,2,89,87,77,84
230141,MCLAREN FLINT,FLINT,MI,2,91,85,82,81
231300,PAUL OLIVER MEMORIAL HOSPITAL,FRANKFORT,MI,,,,,
231338,COREWELL HEALTH GERBER HOSPITAL,FREMONT,MI,5,95,93,92,93
230244,GARDEN CITY HOSPITAL,GARDEN CITY,MI,1,84,85,73,75
230133,MUNSON HEALTHCARE OTSEGO MEMORIAL HOSPITAL,GAYLORD,MI,3,91,92,91,83
231325,MYMICHIGAN MEDICAL CENTER GLADWIN,GLADWIN,MI,5,97,95,89,94
230197,ASCENSION GENESYS HOSPITAL,GRAND BLANC,MI,2,90,87,85,83
230174,TRINITY HEALTH GRAND HAVEN HOSPITAL,GRAND HAVEN,MI,3,93,93,85,86
230059,MERCY HEALTH SAINT MARY'S,GRAND RAPIDS,MI,4,92,92,87,91
230038,SPECTRUM HEALTH,GRAND RAPIDS,MI,3,92,91,89,89
230058,MUNSON HEALTHCARE GRAYLING HOSPITAL,GRAYLING,MI,4,92,93,90,88
230035,SPECTRUM HEALTH UNITED HOSPITAL,GREENVILLE,MI,4,93,94,93,89
230089,BEAUMONT HOSPITAL - GROSSE POINTE,GROSSE POINTE,MI,3,90,89,84,85
230108,UP HEALTH SYSTEM PORTAGE,HANCOCK,MI,5,96,94,93,92
231313,HARBOR BEACH COMMUNITY HOSPITAL,HARBOR BEACH,MI,,,,,
231339,COREWELL HEALTH PENNOCK HOSPITAL,HASTINGS,MI,4,92,92,88,87
230037,HILLSDALE HOSPITAL,HILLSDALE,MI,4,94,94,91,87
230072,HOLLAND COMMUNITY HOSPITAL,HOLLAND,MI,4,94,92,91,91
230069,TRINITY HEALTH LIVINGSTON HOSPITAL,HOWELL,MI,4,93,92,88,88
231331,SPARROW IONIA HOSPITAL,IONIA,MI,4,92,88,88,89
230055,DICKINSON COUNTY MEMORIAL HOSPITAL,IRON MOUNTAIN,MI,3,91,91,88,84
23005F,IRON MOUNTAIN MI VA MEDICAL CENTER,IRON MOUNTAIN,MI,,,,,
231318,"ASPIRUS IRON RIVER HOSPITAL & CLINICS, INC",IRON RIVER,MI,,,,,
231333,ASPIRUS IRONWOOD HOSPITAL,IRONWOOD,MI,3,91,91,86,84
231321,BELL HOSPITAL,ISHPEMING,MI,4,94,94,89,94
230092,HENRY FORD ALLEGIANCE HEALTH,JACKSON,MI,3,90,90,84,82
230117,BORGESS MEDICAL CENTER,KALAMAZOO,MI,2,88,88,85,82
230017,BRONSON METHODIST HOSPITAL,KALAMAZOO,MI,3,91,91,87,90
231301,KALKASKA MEMORIAL HEALTH CENTER,KALKASKA,MI,,,,,
231307,BARAGA COUNTY MEMORIAL HOSPITAL,L' ANSE,MI,,,,,
230230,EDWARD W SPARROW HOSPITAL,LANSING,MI,3,90,89,84,85
230167,MCLAREN GREATER LANSING,LANSING,MI,3,91,90,84,87
230193,MCLAREN LAPEER REGION,LAPEER,MI,2,90,86,79,76
231319,ASPIRUS KEWEENAW HOSPITAL AND CLINICS,LAURIUM,MI,,,,,
230002,ST JOE MERCY HOSPITAL SYSTEM LIVONIA,LIVONIA,MI,2,91,87,83,85
230110,COREWELL HEALTH LUDINGTON HOSPITAL,LUDINGTON,MI,4,93,94,91,87
230303,MUNSON HEALTHCARE MANISTEE HOSPITAL,MANISTEE,MI,4,92,92,87,84
231303,SCHOOLCRAFT MEMORIAL HOSPITAL,MANISTIQUE,MI,,,,,
231330,MARLETTE REGIONAL HOSPITAL,MARLETTE,MI,,,,,
230054,UPHS MARQUETTE DLP HOSPITAL,MARQUETTE,MI,4,93,93,90,84
230217,OAKLAWN HOSPITAL,MARSHALL,MI,4,93,93,88,89
230222,MYMICHIGAN MEDICAL CENTER MIDLAND,MIDLAND,MI,4,93,92,89,93
230099,PROMEDICA MONROE REGIONAL HOSPITAL,MONROE,MI,2,91,89,83,79
230227,MCLAREN MACOMB,MOUNT CLEMENS,MI,2,88,90,83,78
230080,MCLAREN CENTRAL MICHIGAN,MOUNT PLEASANT,MI,3,90,92,86,86
231308,MUNISING MEMORIAL HOSPITAL,MUNISING,MI,,,,,
230066,TRINITY HEALTH MUSKEGON HOSPITAL,MUSKEGON,MI,3,90,91,84,83
231304,HELEN NEWBERRY JOY HOSPITAL,NEWBERRY,MI,,,,,
230121,MEMORIAL HEALTHCARE,OWOSSO,MI,3,91,90,87,85
231332,BRONSON LAKEVIEW HOSPITAL,PAW PAW,MI,5,94,92,93,94
230105,MCLAREN NORTHERN MICHIGAN,PETOSKEY,MI,3,91,90,86,84
231310,SCHEURER HOSPITAL,PIGEON,MI,,,,,
230207,MCLAREN OAKLAND,PONTIAC,MI,2,87,85,79,73
230029,TRINITY HEALTH OAKLAND HOSPITAL,PONTIAC,MI,2,88,87,86,84
230031,LAKE HURON MEDICAL CENTER,PORT HURON,MI,2,88,83,83,83
230216,MCLAREN PORT HURON,PORT HURON,MI,3,92,89,87,85
231323,COREWELL HEALTH REED CITY HOSPITAL,REED CITY,MI,,,,,
230254,ASCENSION PROVIDENCE ROCHESTER HOSPITAL,ROCHESTER,MI,2,88,87,85,81
230130,BEAUMONT HOSPITAL ROYAL OAK,ROYAL OAK,MI,2,90,89,82,84
230070,COVENANT MEDICAL CENTER,SAGINAW,MI,3,92,91,84,88
230275,HEALTHSOURCE SAGINAW,SAGINAW,MI,,,,,
230077,MYMICHIGAN MEDICAL CENTER SAGINAW,SAGINAW,MI,3,90,88,86,85
231306,MACKINAC STRAITS HOSPITAL AND HEALTH CENTER,SAINT IGNACE,MI,,,,,
231326,UNIVERSITY OF MICHIGAN HEALTH- SPARROW CLINTON,SAINT JOHNS,MI,5,94,93,90,93
231314,MCKENZIE HEALTH SYSTEM,SANDUSKY,MI,,,,,
230239,CHIPPEWA COUNTY WAR MEMORIAL HOSPITAL,SAULT STE MARIE,MI,4,93,92,87,87
231320,MERCY HEALTH LAKESHORE CAMPUS,SHELBY,MI,4,95,94,88,94
231312,SHERIDAN COMMUNITY HOSPITAL,SHERIDAN,MI,,,,,
230085,BRONSON SOUTH HAVEN HOSPITAL,SOUTH HAVEN,MI,,,,,
230019,"ASCENSION PROVIDENCE HOSPITAL, SOUTHFIELD AND NOVI",SOUTHFIELD,MI,2,89,88,82,84
230071,STRAITH HOSPITAL FOR SPECIAL SURGERY,SOUTHFIELD,MI,,,,,
230301,SURGEONS CHOICE MEDICAL CENTER,SOUTHFIELD,MI,,,,,
230021,"LAKELAND HOSPITAL, ST JOSEPH",ST JOSEPH,MI,3,91,91,85,84
231305,SAINT MARY'S STANDISH COMMUNITY HOSPITAL,STANDISH,MI,,,,,
230779,STURGIS HOSPITAL,STURGIS,MI,,,,,
230100,TAWAS ST JOSEPH HOSPITAL,TAWAS CITY,MI,3,91,91,85,85
230270,BEAUMONT HOSPITAL - TAYLOR,TAYLOR,MI,2,89,86,80,79
230015,THREE RIVERS HEALTH,THREE RIVERS,MI,3,92,88,83,84
230097,MUNSON MEDICAL CENTER,TRAVERSE CITY,MI,3,93,92,87,89
230176,COREWELL HEALTH TRENTON HOSPITAL,TRENTON,MI,3,93,87,86,86
230269,"BEAUMONT HOSPITAL, TROY",TROY,MI,2,90,87,82,84
230302,HENRY FORD HEALTH WEST BLOOMFIELD HOSPITAL,W BLOOMFIELD,MI,3,91,90,84,88
230195,Henry Ford Health Warren Hospital,WARREN,MI,2,86,85,79,75
230264,SOUTHEAST MICHIGAN SURGICAL HOSPITAL LLC,WARREN,MI,,,,,
230078,COREWELL HEALTH WATERVLIET HOSPITAL,WATERVLIET,MI,,,,,
230142,COREWELL HEALTH WAYNE HOSPITAL,WAYNE,MI,2,87,85,79,73
230095,MYMICHIGAN MEDICAL CENTER WEST BRANCH,WEST BRANCH,MI,4,93,92,88,92
230146,WYANDOTTE HOSPITAL AND MEDICAL CENTER,WYANDOTTE,MI,3,91,88,84,84
230236,UNIVERSITY OF MICHIGAN HEALTH - WEST,WYOMING,MI,4,92,92,87,90
230144,FOREST HEALTH MEDICAL CENTER,YPSILANTI,MI,,,,,
230003,COREWELL HEALTH ZEELAND HOSPITAL,ZEELAND,MI,5,94,93,90,94
241313,ESSENTIA HEALTH ADA,ADA,MN,,,,,
241305,RIVERWOOD HEALTHCARE CENTER,AITKIN,MN,5,95,95,92,95
240043,MAYO CLINIC HEALTH SYSTEM - ALBERT LEA AND AUSTIN,ALBERT LEA,MN,4,92,93,88,86
240030,ALOMERE HEALTH,ALEXANDRIA,MN,4,93,94,89,89
241341,APPLETON AREA HEALTH,APPLETON,MN,,,,,
241311,RIDGEVIEW SIBLEY MEDICAL CENTER,ARLINGTON,MN,,,,,
241340,ESSENTIA HEALTH NORTHERN PINES MEDICAL CENTER,AURORA,MN,,,,,
241328,SANFORD BAGLEY MEDICAL CENTER,BAGLEY,MN,,,,,
241301,LAKEWOOD HEALTH CENTER,BAUDETTE,MN,,,,,
240100,SANFORD BEMIDJI MEDICAL CENTER,BEMIDJI,MN,3,91,90,85,86
241365,CENTRACARE - BENSON,BENSON,MN,,,,,
241316,BIGFORK VALLEY HOSPITAL,BIGFORK,MN,,,,,
241369,UNITED HOSPITAL DISTRICT,BLUE EARTH,MN,4,93,93,89,93
240075,ESSENTIA HEALTH ST JOSEPH'S MEDICAL CENTER,BRAINERD,MN,3,92,92,89,85
241377,ST FRANCIS MEDICAL CENTER,BRECKENRIDGE,MN,,,,,
240076,BUFFALO HOSPITAL,BUFFALO,MN,4,94,94,90,90
240207,M HEALTH FAIRVIEW RIDGES HOSPITAL,BURNSVILLE,MN,3,91,90,83,86
240020,CAMBRIDGE MEDICAL CENTER,CAMBRIDGE,MN,3,92,92,90,86
241347,SANFORD CANBY MEDICAL CENTER,CANBY,MN,,,,,
241346,MAYO CLINIC HEALTH SYSTEM - CANNON FALLS,CANNON FALLS,MN,,,,,
241358,CASS LAKE INDIAN HEALTH SERVICES HOSPITAL,CASS LAKE,MN,,,,,
241364,COMMUNITY MEMORIAL HOSPITAL,CLOQUET,MN,4,94,92,87,93
241312,COOK HOSPITAL,COOK,MN,,,,,
240115,MERCY HOSPITAL,COON RAPIDS,MN,3,90,90,87,85
241320,RIVERVIEW HOSPITAL,CROOKSTON,MN,5,95,95,90,94
241353,CUYUNA REGIONAL MEDICAL CENTER,CROSBY,MN,4,95,93,91,95
241314,JOHNSON MEMORIAL HOSPITAL,DAWSON,MN,,,,,
241360,ESSENTIA HEALTH DEER RIVER,DEER RIVER,MN,,,,,
240101,ESSENTIA HEALTH ST MARYS - DETROIT LAKES,DETROIT LAKES,MN,4,93,93,88,90
240019,ESSENTIA HEALTH DULUTH,DULUTH,MN,3,90,90,85,84
240002,ESSENTIA HEALTH ST MARY'S MEDICAL CENTER,DULUTH,MN,3,92,91,86,89
240047,ST LUKES HOSPITAL,DULUTH,MN,3,91,90,87,88
240078,M HEALTH FAIRVIEW SOUTHDALE HOSPITAL,EDINA,MN,3,90,90,86,87
241379,PRAIRIE RIDGE HOSPITAL AND HEALTH SERVICES,ELBOW LAKE,MN,,,,,
241318,ELY - BLOOMENSON COMMUNITY HOSPITAL,ELY,MN,,,,,
240166,MAYO CLINIC HEALTH SYSTEM - FAIRMONT,FAIRMONT,MN,5,94,94,91,88
240071,ALLINA HEALTH FARIBAULT MEDICAL CENTER,FARIBAULT,MN,4,95,93,92,90
240052,LAKE REGION HEALTHCARE CORPORATION,FERGUS FALLS,MN,5,96,95,90,93
241357,ESSENTIA HEALTH FOSSTON,FOSSTON,MN,,,,,
241355,GLENCOE REGIONAL HEALTH,GLENCOE,MN,5,94,94,93,92
241376,GLACIAL RIDGE HOSPITAL,GLENWOOD,MN,5,96,95,90,95
241321,ESSENTIA HEALTH HOLY TRINITY HOSPITAL,GRACEVILLE,MN,,,,,
241317,NORTH SHORE HEALTH,GRAND MARAIS,MN,,,,,
240064,GRAND ITASCA CLINIC AND HOSPITAL,GRAND RAPIDS,MN,4,93,94,87,88
241343,AVERA GRANITE FALLS,GRANITE FALLS,MN,,,,,
241336,KITTSON HEALTHCARE,HALLOCK,MN,,,,,
241339,HENDRICKS COMMUNITY HOSPITAL,HENDRICKS,MN,,,,,
240040,RANGE REGIONAL HEALTH SERVICES,HIBBING,MN,4,93,93,85,87
240187,HUTCHINSON HEALTH,HUTCHINSON,MN,4,94,92,92,91
241322,RAINY LAKE MEDICAL CENTER,INTERNATIONAL FALLS,MN,,,,,
241315,SANFORD JACKSON MEDICAL CENTER,JACKSON,MN,,,,,
241338,MAYO CLINIC HEALTH SYSTEM - LAKE CITY,LAKE CITY,MN,4,93,90,83,90
241375,MINNESOTA VALLEY HEALTH CENTER  INC,LE SUEUR,MN,,,,,
241366,MEEKER MEMORIAL HOSPITAL,LITCHFIELD,MN,4,94,90,86,90
241370,ST GABRIELS HOSPITAL,LITTLE FALLS,MN,4,92,92,91,87
241326,CENTRACARE HEALTH SYSTEM - LONG PRAIRIE,LONG PRAIRIE,MN,,,,,
241371,SANFORD LUVERNE MEDICAL CENTER,LUVERNE,MN,,,,,
241323,MADELIA HEALTH,MADELIA,MN,,,,,
241372,MADISON HOSPITAL,MADISON,MN,,,,,
240779,MAHNOMEN HEALTH CENTER,MAHNOMEN,MN,,,,,
240093,MAYO CLINIC HEALTH SYSTEM - MANKATO,MANKATO,MN,4,93,92,88,90
240214,MAPLE GROVE HOSPITAL,MAPLE GROVE,MN,4,92,91,88,91
240210,M HEALTH FAIRVIEW ST JOHN'S HOSPITAL,MAPLEWOOD,MN,3,90,90,87,84
241359,AVERA MARSHALL REGIONAL MEDICAL CTR,MARSHALL,MN,4,92,93,90,83
241330,CENTRACARE HEALTH SYSTEM - MELROSE HOSPITAL,MELROSE,MN,,,,,
240057,ABBOTT NORTHWESTERN HOSPITAL,MINNEAPOLIS,MN,3,92,92,87,89
243302,CHILDREN'S HOSPITALS & CLINICS OF MN,MINNEAPOLIS,MN,,,,,
240004,HENNEPIN COUNTY MEDICAL CENTER,MINNEAPOLIS,MN,2,87,90,85,84
240080,M HEALTH FAIRVIEW UNIVERSITY OF MN MEDICAL CENTER,MINNEAPOLIS,MN,3,91,92,88,88
24003F,MINNEAPOLIS VA MEDICAL CENTER,MINNEAPOLIS,MN,4,93,95,91,92
241325,CHIPPEWA COUNTY HOSPITAL,MONTEVIDEO,MN,4,94,95,87,92
241362,CENTRACARE HEALTH - MONTICELLO,MONTICELLO,MN,4,94,93,89,90
241350,ESSENTIA HEALTH MOOSE LAKE,MOOSE LAKE,MN,,,,,
241367,WELIA HEALTH,MORA,MN,5,95,94,92,92
241363,STEVENS COMMUNITY MEDICAL CENTER INC,MORRIS,MN,,,,,
241361,MAYO CLINIC HEALTH SYSTEM NEW PRAGUE,NEW PRAGUE,MN,5,95,95,93,91
241378,NEW ULM MEDICAL CENTER,NEW ULM,MN,4,95,94,92,92
240014,NORTHFIELD HOSPITAL,NORTHFIELD,MN,4,94,94,93,93
241306,OLIVIA HOSPITAL & CLINIC,OLIVIA,MN,,,,,
241356,MILLE LACS HEALTH SYSTEM,ONAMIA,MN,,,,,
241342,ORTONVILLE AREA HEALTH SERVICES,ORTONVILLE,MN,,,,,
240069,OWATONNA HOSPITAL,OWATONNA,MN,4,93,92,86,86
241380,ST JOSEPHS AREA  HEALTH SERVICES,PARK RAPIDS,MN,5,96,96,91,90
241349,CENTRACARE - PAYNESVILLE HOSPITAL,PAYNESVILLE,MN,,,,,
241373,PERHAM HEALTH,PERHAM,MN,5,95,96,92,96
241374,PIPESTONE COUNTY  MEDICAL CENTER,PIPESTONE,MN,,,,,
240141,FAIRVIEW NORTHLAND REGIONAL HOSPITAL,PRINCETON,MN,4,93,92,89,89
240018,MAYO CLINIC HEALTH SYSTEM IN RED WING,RED WING,MN,4,94,92,89,90
240206,RED LAKE HOSPITAL,REDLAKE,MN,,,,,
241351,CENTRACARE - REDWOOD,REDWOOD FALLS,MN,,,,,
240001,NORTH MEMORIAL HEALTH HOSPITAL,ROBBINSDALE,MN,3,90,91,86,86
240010,MAYO CLINIC HOSPITAL ROCHESTER,ROCHESTER,MN,5,94,94,91,95
240006,OLMSTED MEDICAL CENTER,ROCHESTER,MN,4,92,91,87,92
241344,LIFECARE MEDICAL CENTER,ROSEAU,MN,,,,,
240036,ST CLOUD HOSPITAL,SAINT CLOUD,MN,4,92,90,88,88
240053,PARK NICOLLET METHODIST HOSPITAL,SAINT LOUIS PARK,MN,4,93,93,88,93
240038,ALLINA UNITED HOSPITAL,SAINT PAUL,MN,3,91,90,86,85
243300,GILLETTE CHILDRENS SPECIALTY HOSPITAL,SAINT PAUL,MN,,,,,
240106,REGIONS HOSPITAL,SAINT PAUL,MN,3,91,91,89,90
241309,ESSENTIA HEALTH SANDSTONE,SANDSTONE,MN,,,,,
241368,CENTRACARE HEALTH SYSTEM - SAUK CENTRE,SAUK CENTRE,MN,,,,,
240104,ST FRANCIS REGIONAL MEDICAL CENTER,SHAKOPEE,MN,3,90,91,88,87
241319,MURRAY COUNTY MEMORIAL HOSPITAL,SLAYTON,MN,,,,,
241327,SLEEPY EYE MEDICAL CENTER,SLEEPY EYE,MN,,,,,
241333,MAYO CLINIC HEALTH SYSTEM ST. JAMES,ST JAMES,MN,4,92,93,83,91
241334,RIVER'S EDGE HOSPITAL & CLINIC,ST PETER,MN,5,95,93,91,94
24002F,ST CLOUD VA MEDICAL CENTER,ST. CLOUD,MN,,,,,
241329,LAKEWOOD HEALTH SYSTEM,STAPLES,MN,4,93,93,86,92
240066,LAKEVIEW MEMORIAL HOSPITAL,STILLWATER,MN,5,94,95,91,93
241381,SANFORD THIEF RIVER FALLS MEDICAL CENTER,THIEF RIVER FALLS,MN,4,94,92,83,87
241303,SANFORD TRACY MEDICAL CENTER,TRACY,MN,,,,,
241308,LAKE VIEW MEMORIAL HOSPITAL,TWO HARBORS,MN,,,,,
241348,AVERA TYLER HOSPITAL,TYLER,MN,,,,,
240084,ESSENTIA HEALTH VIRGINIA,VIRGINIA,MN,3,92,91,84,85
241335,ST ELIZABETH MEDICAL CENTER,WABASHA,MN,,,,,
240056,RIDGEVIEW MEDICAL CENTER,WACONIA,MN,4,92,92,89,93
241354,ASTERA HEALTH,WADENA,MN,4,94,93,87,88
241337,NORTH VALLEY HEALTH CENTER,WARREN,MN,,,,,
241345,MAYO CLINIC HEALTH SYSTEM - WASECA,WASECA,MN,5,95,95,92,95
241302,SANFORD WESTBROOK MEDICAL CENTER,WESTBROOK,MN,,,,,
241304,SANFORD WHEATON MEDICAL CENTER,WHEATON,MN,,,,,
240088,CENTRACARE- RICE MEMORIAL HOSPITAL,WILLMAR,MN,3,92,90,85,81
241332,WINDOM AREA HEALTH,WINDOM,MN,,,,,
240044,WINONA HEALTH SERVICES,WINONA,MN,4,92,93,89,85
240213,M HEALTH FAIRVIEW WOODWINDS HOSPITAL,WOODBURY,MN,3,90,91,84,86
240022,SANFORD WORTHINGTON MEDICAL CENTER,WORTHINGTON,MN,4,92,91,89,88
240050,FAIRVIEW LAKES HEALTH SERVICES,WYOMING,MN,3,92,91,85,86
261328,MOSAIC MEDICAL CENTER ALBANY,ALBANY,MO,,,,,
261301,ELLETT MEMORIAL HOSPITAL,APPLETON CITY,MO,,,,,
261316,MERCY HOSPITAL AURORA,AURORA,MO,5,95,97,89,93
260214,BELTON REGIONAL MEDICAL CENTER,BELTON,MO,2,88,85,77,81
261312,HARRISON COUNTY COMMUNITY HOSPITAL,BETHANY,MO,,,,,
260193,ST MARY'S MEDICAL CENTER,BLUE SPRINGS,MO,2,87,86,78,82
260195,CITIZENS MEMORIAL HOSPITAL,BOLIVAR,MO,3,91,93,88,88
260779,PARKLAND HEALTH CENTER - BONNE TERRE,BONNE TERRE,MO,,,,,
260094,COX MEDICAL CENTER BRANSON,BRANSON,MO,3,91,91,87,87
260104,SSM HEALTH DEPAUL HOSPITAL ST LOUIS,BRIDGETON,MO,2,87,88,81,75
261307,PERSHING MEMORIAL HOSPITAL,BROOKFIELD,MO,,,,,
260034,BATES COUNTY MEMORIAL HOSPITAL,BUTLER,MO,,,,,
260057,CAMERON REGIONAL MEDICAL CENTER,CAMERON,MO,3,91,91,88,84
260110,MERCY HOSPITAL SOUTHEAST,CAPE GIRARDEAU,MO,3,90,89,86,84
260183,SAINT FRANCIS MEDICAL CENTER,CAPE GIRARDEAU,MO,3,91,92,86,92
261332,CARROLL COUNTY MEMORIAL HOSPITAL,CARROLLTON,MO,,,,,
261338,MERCY HOSPITAL CARTHAGE,CARTHAGE,MO,4,91,90,90,92
261317,MERCY HOSPITAL - CASSVILLE,CASSVILLE,MO,,,,,
260179,ST LUKES HOSPITAL,CHESTERFIELD,MO,3,91,91,89,91
261321,HEDRICK MEDICAL CENTER,CHILLICOTHE,MO,5,95,96,95,90
260175,GOLDEN VALLEY MEMORIAL HOSPITAL,CLINTON,MO,4,92,91,88,87
260068,BOONE HOSPITAL CENTER,COLUMBIA,MO,3,91,91,87,91
26023F,COLUMBIA MO VA MEDICAL CENTER,COLUMBIA,MO,4,94,92,89,94
260141,UNIVERSITY OF MISSOURI HEALTH CARE,COLUMBIA,MO,3,90,89,85,88
260162,BARNES-JEWISH WEST COUNTY HOSPITAL,CREVE COEUR,MO,4,94,92,90,95
260023,MERCY HOSPITAL JEFFERSON,CRYSTAL CITY,MO,4,93,91,88,91
260160,MERCY HOSPITAL STODDARD,DEXTER,MO,,,,,
261323,CEDAR COUNTY MEMORIAL HOSPITAL,EL DORADO SPRINGS,MO,,,,,
261322,EXCELSIOR SPRINGS HOSPITAL,EXCELSIOR SPRINGS,MO,,,,,
261303,COMMUNITY HOSPITAL ASSOCIATION,FAIRFAX,MO,,,,,
260163,PARKLAND HEALTH CENTER,FARMINGTON,MO,4,93,93,90,88
260081,SSM ST CLARE HEALTH CENTER,FENTON,MO,3,91,89,83,87
261302,MADISON MEDICAL CENTER,FREDERICKTOWN,MO,,,,,
26002F,General Leonard Wood ACH (FT Leonard Wood),Fort Leonard Wood,MO,4,94,89,88,86
260025,HANNIBAL REGIONAL HOSPITAL,HANNIBAL,MO,3,92,90,88,88
261324,CASS REGIONAL MEDICAL CENTER,HARRISONVILLE,MO,3,92,89,83,88
260070,PEMISCOT COUNTY MEMORIAL HOSPITAL,HAYTI,MO,,,,,
261314,HERMANN AREA DISTRICT HOSPITAL,HERMANN,MO,,,,,
260024,TEXAS COUNTY MEMORIAL HOSPITAL,HOUSTON,MO,4,95,94,90,89
260095,CENTERPOINT MEDICAL CENTER,INDEPENDENCE,MO,2,88,86,85,80
260011,SSM HEALTH ST. MARY'S HOSPITAL - JEFFERSON CITY,JEFFERSON CITY,MO,4,91,91,91,86
260137,FREEMAN HEALTH SYSTEM - FREEMAN WEST,JOPLIN,MO,3,91,90,86,87
260001,MERCY HOSPITAL JOPLIN,JOPLIN,MO,3,89,89,86,90
26004F,KANSAS CITY VA MEDICAL CENTER,KANSAS CITY,MO,3,91,91,85,86
260027,RESEARCH MEDICAL CENTER,KANSAS CITY,MO,2,86,86,80,80
260062,SAINT LUKES NORTH HOSPITAL,KANSAS CITY,MO,4,92,91,88,90
260085,ST JOSEPH MEDICAL CENTER,KANSAS CITY,MO,2,87,88,81,84
260138,ST LUKES HOSPITAL OF KANSAS CITY,KANSAS CITY,MO,4,93,92,89,91
263302,THE CHILDREN'S MERCY HOSPITAL,KANSAS CITY,MO,,,,,
260048,TRUMAN MEDICAL CENTER HOSPITAL HILL,KANSAS CITY,MO,2,88,89,82,83
260102,UNIVERSITY HEALTH LAKEWOOD MEDICAL CENTER,KANSAS CITY,MO,2,87,88,83,85
260022,NORTHEAST REGIONAL MEDICAL CENTER,KIRKSVILLE,MO,3,91,90,83,83
260200,SSM ST JOSEPH HOSPITAL WEST,LAKE SAINT LOUIS,MO,2,91,89,83,81
261325,COX BARTON COUNTY HOSPITAL,LAMAR,MO,5,97,95,93,94
260059,MERCY HOSPITAL LEBANON,LEBANON,MO,3,92,89,85,84
260190,LEE'S SUMMIT MEDICAL CENTER,LEES SUMMIT,MO,3,91,90,86,88
260216,SAINT LUKE'S EAST  HOSPITAL,LEES SUMMIT,MO,4,92,91,89,91
261320,LAFAYETTE REGIONAL HEALTH CENTER,LEXINGTON,MO,5,95,95,93,93
260177,LIBERTY HOSPITAL,LIBERTY,MO,3,91,91,88,87
261333,PIKE COUNTY MEMORIAL HOSPITAL,LOUISIANA,MO,,,,,
261313,MACON COUNTY SAMARITAN MEMORIAL HOSPITAL,MACON,MO,,,,,
260142,FITZGIBBON HOSPITAL,MARSHALL,MO,3,91,92,86,85
263303,RANKEN JORDAN PEDIATRIC BRIDGE HOSPITAL,MARYLAND HEIGHTS,MO,,,,,
261340,MOSAIC MEDICAL CENTER - MARYVILLE,MARYVILLE,MO,,,,,
261310,SCOTLAND COUNTY  HOSPITAL,MEMPHIS,MO,,,,,
261306,SULLIVAN COUNTY MEMORIAL HOSPITAL,MILAN,MO,,,,,
260074,MOBERLY REGIONAL MEDICAL CENTER,MOBERLY,MO,3,92,92,86,85
261329,COX MONETT HOSPITAL,MONETT,MO,5,94,95,93,95
261335,MERCY ST FRANCIS HOSPITAL,MOUNTAIN VIEW,MO,,,,,
261331,FREEMAN NEOSHO HOSPITAL,NEOSHO,MO,5,95,95,91,93
260061,NEVADA REGIONAL MEDICAL CENTER,NEVADA,MO,,,,,
260096,NKC HEALTH,NORTH KANSAS CITY,MO,3,90,90,87,90
260219,PROGRESS WEST HOSPITAL,OFALLON,MO,4,94,91,91,93
260186,LAKE REGIONAL HEALTH SYSTEM,OSAGE BEACH,MO,4,92,92,89,87
261311,MERCY HOSPITAL PERRY,PERRYVILLE,MO,4,91,95,89,86
261336,IRON COUNTY MEDICAL CENTER,PILOT KNOB,MO,,,,,
260119,POPLAR BLUFF REGIONAL MEDICAL CENTER,POPLAR BLUFF,MO,3,89,90,83,81
26007F,POPLAR BLUFF VA MEDICAL CENTER,POPLAR BLUFF,MO,,,,,
261308,WASHINGTON COUNTY MEMORIAL HOSPITAL,POTOSI,MO,,,,,
261327,RAY COUNTY MEMORIAL HOSPITAL,RICHMOND,MO,,,,,
260017,PHELPS COUNTY REGIONAL MEDICAL CENTER,ROLLA,MO,3,90,89,87,88
260005,SSM ST JOSEPH HEALTH CENTER,SAINT CHARLES,MO,3,91,88,86,81
260006,MOSAIC LIFE CARE AT ST JOSEPH,SAINT JOSEPH,MO,3,91,92,88,86
260032,BARNES JEWISH HOSPITAL,SAINT LOUIS,MO,4,92,92,90,92
260180,CHRISTIAN HOSPITAL NORTHEAST,SAINT LOUIS,MO,3,91,90,86,86
260077,MERCY HOSPITAL SOUTH,SAINT LOUIS,MO,2,88,87,85,83
260020,MERCY HOSPITAL ST LOUIS,SAINT LOUIS,MO,4,93,91,87,91
260108,MISSOURI BAPTIST MEDICAL CENTER,SAINT LOUIS,MO,4,93,92,89,93
263304,SHRINERS HOSPITALS FOR CHILDREN,SAINT LOUIS,MO,,,,,
260105,SSM HEALTH SAINT LOUIS UNIVERSITY HOSPITAL,SAINT LOUIS,MO,2,88,89,82,80
260091,SSM HEALTH ST MARY'S HOSPITAL - ST LOUIS,SAINT LOUIS,MO,2,90,89,82,79
263301,ST LOUIS CHILDRENS HOSPITAL,SAINT LOUIS,MO,,,,,
260191,BARNES-JEWISH ST PETERS HOSPITAL,SAINT PETERS,MO,3,92,90,87,86
261330,STE GENEVIEVE COUNTY MEMORIAL HOSPITAL,SAINTE GENEVIEVE,MO,,,,,
261318,SALEM MEMORIAL DISTRICT HOSPITAL,SALEM,MO,,,,,
260009,BOTHWELL REGIONAL HEALTH CENTER,SEDALIA,MO,3,91,91,87,85
260113,MISSOURI DELTA MEDICAL CENTER,SIKESTON,MO,3,90,91,82,82
260040,COX MEDICAL CENTERS,SPRINGFIELD,MO,3,89,89,87,88
260065,MERCY HOSPITAL SPRINGFIELD,SPRINGFIELD,MO,3,90,88,88,87
260176,ST LUKES DES PERES HOSPITAL,ST LOUIS,MO,4,92,94,91,91
26009F,ST LOUIS-JOHN COCHRAN VA MEDICAL CENTER,ST. LOUIS,MO,3,91,93,86,84
261337,MISSOURI BAPTIST SULLIVAN HOSPITAL,SULLIVAN,MO,4,94,93,87,91
261309,WRIGHT MEMORIAL HOSPITAL,TRENTON,MO,,,,,
261319,MERCY HOSPITAL LINCOLN,TROY,MO,3,90,89,84,87
261305,PUTNAM COUNTY MEMORIAL HOSPITAL,UNIONVILLE,MO,,,,,
260097,WESTERN MISSOURI MEDICAL CENTER,WARRENSBURG,MO,4,92,91,90,86
260052,MERCY HOSPITAL WASHINGTON,WASHINGTON,MO,3,90,89,89,86
260078,OZARKS HEALTHCARE,WEST PLAINS,MO,3,92,92,86,83
660001,COMMONWEALTH HEALTH CENTER,GARAPAN,MP,,,,,
251302,MONROE REGIONAL HOSPITAL,ABERDEEN,MS,,,,,
251334,CHOCTAW REGIONAL MEDICAL CENTER,ACKERMAN,MS,,,,,
250025,NORTH MISSISSIPPI MEDICAL CENTER-GILMORE AMORY,AMORY,MS,4,95,94,86,91
250781,PANOLA MEDICAL CENTER,BATESVILLE,MS,,,,,
250162,OCHSNER MEDICAL CENTER-HANCOCK,BAY SAINT LOUIS,MS,4,93,92,90,89
250018,JASPER GENERAL HOSPITAL,BAY SPRINGS,MS,,,,,
250007,Memorial Hospital Biloxi,BILOXI,MS,2,87,89,75,75
25042F,VA GULF COAST HEALTHCARE SYSTEM,BILOXI,MS,4,94,92,85,91
250044,BAPTIST MEMORIAL HOSPITAL BOONEVILLE,BOONEVILLE,MS,,,,,
250096,CROSSGATES RIVER OAKS HOSPITAL,BRANDON,MS,,,,,
250057,KING'S DAUGHTERS MEDICAL CENTER-BROOKHAVEN,BROOKHAVEN,MS,4,93,91,87,91
25039F,81st Medical Group (Keesler AFB),Biloxi,MS,5,97,96,94,97
251331,BMH-CALHOUN,CALHOUN CITY,MS,,,,,
250038,MERIT HEALTH MADISON,CANTON,MS,4,92,92,82,89
251315,BAPTIST MEDICAL CENTER-LEAKE,CARTHAGE,MS,,,,,
251309,FIELD HEALTH SYSTEM,CENTREVILLE,MS,,,,,
251304,TALLAHATCHIE GENERAL HOSPITAL-CAH,CHARLESTON,MS,,,,,
250042,NORTHWEST MISSISSISSIPPI REGIONAL MEDICAL CENTER,CLARKSDALE,MS,,,,,
250093,BOLIVAR MEDICAL CENTER,CLEVELAND,MS,3,91,94,77,83
251325,COVINGTON COUNTY HOSPITAL CAH,COLLINS,MS,,,,,
250085,MARION GENERAL HOSPITAL,COLUMBIA,MS,,,,,
250100,BMH-GOLDEN TRIANGLE,COLUMBUS,MS,4,95,94,90,89
250009,MAGNOLIA REGIONAL HEALTH CENTER,CORINTH,MS,4,91,92,89,89
251335,OCHSNER STENNIS MEMORIAL HOSPITAL,DE KALB,MS,,,,,
250020,WEBSTER GENERAL HOSPITAL/ SWING BED,EUPORA,MS,4,96,93,81,91
250780,JEFFERSON COUNTY HOSPITAL,FAYETTE,MS,,,,,
250138,MERIT HEALTH RIVER OAKS,FLOWOOD,MS,1,84,88,74,74
250136,MERIT HEALTH WOMEN'S HOSPITAL,FLOWOOD,MS,4,93,93,88,91
251300,S E LACKEY MEMORIAL HOSPITAL,FOREST,MS,,,,,
250082,DELTA HEALTH SYSTEM - THE MEDICAL CENTER,GREENVILLE,MS,3,89,92,81,83
250099,GREENWOOD LEFLORE HOSPITAL,GREENWOOD,MS,,,,,
250168,UNIVERSITY OF MISSISSIPPI MEDICAL CENTER- GRENADA,GRENADA,MS,4,93,94,89,88
250019,MEMORIAL HOSPITAL AT GULFPORT,GULFPORT,MS,3,91,90,89,87
250123,SINGING RIVER GULFPORT,GULFPORT,MS,4,91,92,87,89
250078,FORREST GENERAL HOSPITAL,HATTIESBURG,MS,4,92,92,84,90
250094,MERIT HEALTH WESLEY,HATTIESBURG,MS,3,90,92,80,85
251327,COPIAH COUNTY MEDICAL CENTER,HAZLEHURST,MS,,,,,
250174,"ALLIANCE HEALTHCARE SYSTEM, INC",HOLLY SPRINGS,MS,,,,,
250017,PROGRESSIVE HEALTH GROUP OF HOUSTON,HOUSTON,MS,,,,,
250785,PROGRESSIVE HEALTH GROUP OF HOUSTON,HOUSTON,MS,,,,,
250095,SOUTH SUNFLOWER COUNTY HOSPITAL,INDIANOLA,MS,,,,,
250002,TISHOMINGO HEALTH SERVICES INC,IUKA,MS,5,96,97,90,93
25043F,G. V. (SONNY) MONTGOMERY VA MEDICAL CENTER (JACKSON),JACKSON,MS,4,90,94,87,86
250072,MERIT HEALTH CENTRAL,JACKSON,MS,,,,,
250102,MISSISSIPPI BAPTIST MEDICAL CENTER,JACKSON,MS,3,92,93,83,90
250152,MISSISSIPPI METHODIST REHAB CTR,JACKSON,MS,,,,,
250048,ST DOMINIC-JACKSON MEMORIAL HOSPITAL,JACKSON,MS,3,91,92,79,88
250001,UNIVERSITY OF MISSISSIPPI MED CENTER,JACKSON,MS,3,91,93,83,89
251336,BAPTIST MEDICAL CENTER ATTALA,KOSCIUSKO,MS,,,,,
250058,SOUTH CENTRAL REG MED CTR,LAUREL,MS,3,92,93,84,88
250782,GREENE COUNTY HOSPITAL,LEAKESVILLE,MS,,,,,
251319,HOLMES COUNTY HOSPITAL AND CLINICS,LEXINGTON,MS,,,,,
250027,WINSTON MEDICAL CENTER,LOUISVILLE,MS,,,,,
250036,GEORGE REGIONAL HEALTH SYSTEM,LUCEDALE,MS,4,94,94,88,90
251307,NOXUBEE GENERAL CRITICAL ACCESS HOSP,MACON,MS,,,,,
250124,MAGEE GENERAL HOSPITAL,MAGEE,MS,,,,,
250049,BEACHAM MEMORIAL HOSPITAL,MAGNOLIA,MS,,,,,
251339,QUITMAN COMMUNITY HOSPITAL,MARKS,MS,,,,,
250097,SOUTHWEST MS REGIONAL MEDICAL CENTER,MCCOMB,MS,3,92,91,85,86
251330,FRANKLIN COUNTY MEMORIAL HOSPITAL,MEADVILLE,MS,,,,,
251317,SIMPSON GENERAL HOSPITAL CAH,MENDENHALL,MS,,,,,
250151,ALLIANCE HEALTH CENTER,MERIDIAN,MS,,,,,
250104,ANDERSON REGIONAL MEDICAL CENTER,MERIDIAN,MS,2,88,89,81,81
250081,ANDERSON REGIONAL MEDICAL CENTER SOUTH CAMPUS,MERIDIAN,MS,,,,,
250069,OCHSNER RUSH HOSPITAL,MERIDIAN,MS,4,91,93,87,87
251305,LAWRENCE COUNTY HOSPITAL CAH,MONTICELLO,MS,,,,,
251323,OCHSNER SCOTT REGIONAL,MORTON,MS,,,,,
250084,MERIT HEALTH NATCHEZ,NATCHEZ,MS,2,90,88,79,79
250006,BAPTIST MEMORIAL HOSPITAL UNION COUNTY,NEW ALBANY,MS,4,93,94,89,90
250167,METHODIST HEALTHCARE - OLIVE BRANCH HOSPITAL,OLIVE BRANCH,MS,3,91,92,81,90
250034,BAPTIST MEMORIAL HOSPITAL NORTH MS,OXFORD,MS,4,94,92,84,92
250040,SINGING RIVER HEALTH SYSTEM,PASCAGOULA,MS,3,91,91,84,87
250127,CHOCTAW HEALTH CENTER,PHILADELPHIA,MS,,,,,
250043,NESHOBA COUNTY GENERAL HOSPITAL,PHILADELPHIA,MS,,,,,
250117,HIGHLAND COMMUNITY  HOSPITAL,PICAYUNE,MS,,,,,
251308,PONTOTOC HEALTH SERVICE INC CAH,PONTOTOC,MS,,,,,
251333,PEARL RIVER COUNTY HOSPITAL,POPLARVILLE,MS,,,,,
251320,CLAIBORNE COUNTY HOSPITAL,PORT GIBSON,MS,,,,,
251326,JEFFERSON DAVIS COMMUNITY HOSPITAL CAH,PRENTISS,MS,,,,,
251316,OCHSNER WATKINS HOSPITAL,QUITMAN,MS,,,,,
250786,SMITH COUNTY  EMERGENCY HOSPITAL,RALEIGH,MS,,,,,
250783,PERRY COUNTY GENERAL HOSPITAL,RICHTON,MS,,,,,
251337,TIPPAH COUNTY HOSPITAL,RIPLEY,MS,,,,,
250784,SHARKEY ISSAQUENA COMMUNITY HOSPITAL,ROLLING FORK,MS,,,,,
251318,NORTH SUNFLOWER MEDICAL CENTER CAH,RULEVILLE,MS,,,,,
250172,HIGHLAND HILLS MEDICAL CENTER,SENATOBIA,MS,,,,,
250141,BAPTIST MEMORIAL HOSPITAL DESOTO,SOUTHAVEN,MS,3,90,89,83,86
250050,BAPTIST MEMORIAL HOSPITAL-OKTIBBEHA COUNTY,STARKVILLE,MS,3,90,92,84,84
250004,NORTH MISSISSIPPI MEDICAL CENTER,TUPELO,MS,3,91,91,86,86
251324,WALTHALL COUNTY GENERAL HOSPITAL CAH,TYLERTOWN,MS,,,,,
251322,OCHSNER LAIRD HOSPITAL,UNION,MS,,,,,
250031,MERIT HEALTH RIVER REGION,VICKSBURG,MS,2,88,90,82,78
250061,YALOBUSHA GENERAL HOSPITAL,WATER VALLEY,MS,,,,,
250077,WAYNE GENERAL HOSPITAL,WAYNESBORO,MS,,,,,
250067,CLAY COUNTY MEDICAL CORPORATION,WEST POINT,MS,4,93,95,86,88
250134,WHITFIELD MEDICAL SURGICAL HOSPITAL,WHITFIELD,MS,,,,,
251312,TYLER HOLMES MEMORIAL HOSPITAL CAH,WINONA,MS,,,,,
251313,BAPTIST MEDICAL CENTER-YAZOO,YAZOO CITY,MS,,,,,
271335,COMMUNITY HOSPITAL OF ANACONDA,ANACONDA,MT,5,95,97,90,95
271301,FALLON MEDICAL COMPLEX HOSPITAL,BAKER,MT,,,,,
271311,BIG SANDY MEDICAL CENTER,BIG SANDY,MT,,,,,
271389,BOZEMAN HEALTH BIG SKY MEDICAL CENTER,BIG SKY,MT,,,,,
271313,PIONEER MEDICAL CENTER,BIG TIMBER,MT,,,,,
270004,BILLINGS CLINIC,BILLINGS,MT,3,91,90,86,88
270049,INTERMOUNTAIN HEALTH ST VINCENT REGIONAL HOSPITAL,BILLINGS,MT,4,92,91,87,91
270057,BOZEMAN HEALTH DEACONESS HOSPITAL,BOZEMAN,MT,4,93,91,89,90
270074,P H S INDIAN HOSPITAL AT BROWNING - BLACKFEET,BROWNING,MT,,,,,
270017,ST JAMES HOSPITAL,BUTTE,MT,4,92,92,89,85
271334,LOGAN HEALTH - CHESTER,CHESTER,MT,,,,,
271307,BENEFIS TETON MEDICAL CENTER,CHOTEAU,MT,,,,,
271305,MCCONE COUNTY HEALTH CENTER,CIRCLE,MT,,,,,
271330,STILLWATER BILLINGS CLINIC,COLUMBUS,MT,,,,,
271324,PONDERA MEDICAL CENTER,CONRAD,MT,,,,,
271339,P H S INDIAN HOSPITAL CROW / NORTHERN CHEYENNE,CROW AGENCY,MT,,,,,
271308,ROOSEVELT MEDICAL CENTER,CULBERTSON,MT,,,,,
271337,NORTHERN ROCKIES MEDICAL CENTER,CUT BANK,MT,,,,,
271314,DEER LODGE MEDICAL CENTER,DEER LODGE,MT,,,,,
271318,BARRETT HOSPITAL & HEALTHCARE,DILLON,MT,,,,,
271302,DAHL MEMORIAL HEALTHCARE ASSOCIATION INC,EKALAKA,MT,,,,,
271329,MADISON VALLEY MEDICAL CENTER,ENNIS,MT,,,,,
271327,ROSEBUD HEALTH CARE CENTER,FORSYTH,MT,,,,,
271304,MISSOURI RIVER MEDICAL CENTER,FORT BENTON,MT,,,,,
27003F,VA MONTANA HEALTHCARE SYSTEM,FORT HARRISON,MT,5,95,96,94,94
271316,FRANCES MAHON DEACONESS HOSPITAL,GLASGOW,MT,,,,,
271332,GLENDIVE MEDICAL CENTER,GLENDIVE,MT,4,96,93,86,89
270012,BENEFIS HOSPITALS INC,GREAT FALLS,MT,3,89,89,83,84
270086,GREAT FALLS CLINIC HOSPITAL,GREAT FALLS,MT,4,92,91,92,92
271340,BITTERROOT HEALTH - DALY HOSPITAL,HAMILTON,MT,4,93,94,92,90
271338,BIG HORN HOSPITAL,HARDIN,MT,,,,,
271315,P H S INDIAN HOSPITAL-FT BELKNAP AT HARLEM - CAH,HARLEM,MT,,,,,
271321,WHEATLAND MEMORIAL HOSPITAL,HARLOWTON,MT,,,,,
271348,NORTHERN MONTANA HOSPITAL,HAVRE,MT,,,,,
270003,ST PETERS HEALTH,HELENA,MT,3,92,93,86,82
271310,GARFIELD COUNTY HEALTH CENTER,JORDAN,MT,,,,,
270051,LOGAN HEALTH MEDICAL CENTER,KALISPELL,MT,3,90,89,87,85
271345,CENTRAL MONTANA MEDICAL CENTER,LEWISTOWN,MT,4,92,94,86,87
271320,CABINET PEAKS MEDICAL CENTER,LIBBY,MT,4,94,91,87,91
271317,LIVINGSTON HEALTHCARE,LIVINGSTON,MT,4,94,93,89,91
271312,PHILLIPS COUNTY HOSPITAL - CAH,MALTA,MT,,,,,
271347,HOLY ROSARY HOSPITAL,MILES CITY,MT,4,94,94,89,88
270023,COMMUNITY MEDICAL CENTER,MISSOULA,MT,3,89,90,87,86
270014,ST. PATRICK HOSPITAL,MISSOULA,MT,4,94,94,87,93
271303,GRANITE COUNTY MEDICAL CENTER,PHILIPSBURG,MT,,,,,
271323,CLARK FORK VALLEY HOSPITAL,PLAINS,MT,,,,,
271322,SHERIDAN MEMORIAL HOSPTIAL,PLENTYWOOD,MT,,,,,
271343,PROVIDENCE ST JOSEPH MEDICAL CENTER,POLSON,MT,,,,,
271300,POPLAR COMMUNITY HOSPITAL,POPLAR,MT,,,,,
271326,BEARTOOTH BILLINGS CLINIC,RED LODGE,MT,,,,,
271325,ST LUKE COMMUNITY HOSPITAL,RONAN,MT,,,,,
271346,ROUNDUP MEMORIAL HEALTHCARE,ROUNDUP,MT,,,,,
271342,DANIELS MEMORIAL HOSPITAL,SCOBEY,MT,,,,,
271328,LOGAN HEALTH - SHELBY,SHELBY,MT,,,,,
271319,RUBY VALLEY MEDICAL CENTER,SHERIDAN,MT,,,,,
271344,SIDNEY HEALTH CENTER,SIDNEY,MT,4,94,91,88,92
271331,MINERAL COMMUNITY HOSPITAL,SUPERIOR,MT,,,,,
271309,PRAIRIE COMMUNITY CAH,TERRY,MT,,,,,
271333,BILLINGS CLINIC BROADWATER,TOWNSEND,MT,,,,,
271306,MOUNTAINVIEW MEDICAL CENTER,WHITE SULPHUR SPRING,MT,,,,,
271336,LOGAN HEALTH - WHITEFISH,WHITEFISH,MT,4,92,91,89,92
271341,TRINITY HOSPITAL,WOLF POINT,MT,,,,,
340099,VIDANT ROANOKE CHOWAN HOSPITAL,AHOSKIE,NC,3,91,92,84,80
340119,STANLY REGIONAL MEDICAL CENTER,ALBEMARLE,NC,3,91,91,88,85
340123,RANDOLPH HOSPITAL,ASHEBORO,NC,3,92,92,88,83
34036F,ASHEVILLE-OTEEN VA MEDICAL CENTER,ASHEVILLE,NC,5,96,97,93,97
340002,MEMORIAL MISSION HOSPITAL AND ASHEVILLE SURGERY CE,ASHEVILLE,NC,2,88,88,81,78
340051,WATAUGA MEDICAL CENTER,BOONE,NC,4,93,94,89,90
341319,"TRANSYLVANIA REGIONAL HOSPITAL, INC",BREVARD,NC,3,92,91,84,87
341305,DLP SWAIN COUNTY HOSPITAL LLC,BRYSON CITY,NC,,,,,
341307,PENDER MEMORIAL HOSPITAL,BURGAW,NC,,,,,
340070,ALAMANCE REGIONAL MEDICAL CENTER,BURLINGTON,NC,2,89,91,85,82
340173,"WAKEMED, CARY HOSPITAL",CARY,NC,4,93,92,86,93
340061,UNC HOSPITALS,CHAPEL HILL,NC,4,92,92,88,92
340098,ATRIUM HEALTH PINEVILLE,CHARLOTTE,NC,3,90,90,83,89
340166,ATRIUM HEALTH UNIVERSITY CITY,CHARLOTTE,NC,3,90,90,82,83
340113,CAROLINAS MEDICAL CENTER/BEHAV HEALTH,CHARLOTTE,NC,3,90,91,86,88
340195,NOVANT HEALTH BALLANTYNE MEDICAL CENTER,CHARLOTTE,NC,4,92,93,88,92
340190,NOVANT HEALTH MINT HILL MEDICAL CENTER,CHARLOTTE,NC,4,93,92,89,93
340053,NOVANT HEALTH PRESBYTERIAN MEDICAL CENTER,CHARLOTTE,NC,3,88,90,84,87
340156,CHEROKEE INDIAN HOSPITAL AUTHORITY,CHEROKEE,NC,,,,,
340024,SAMPSON REGIONAL MEDICAL CENTER,CLINTON,NC,4,94,94,91,83
340184,HAYWOOD REGIONAL MEDICAL CENTER,CLYDE,NC,3,91,89,86,85
341322,ADVENT HEALTH POLK,COLUMBUS,NC,4,94,92,83,89
340001,CAROLINAS MEDICAL CENTER-NORTHEAST,CONCORD,NC,3,91,91,87,88
34011F,NMC Camp Lejeune,Camp Lejeune,NC,4,94,95,92,90
341317,LIFEBRITE COMMUNITY HOSPITAL OF STOKES,DANBURY,NC,,,,,
340071,BETSY JOHNSON REGIONAL HOSPITAL,DUNN,NC,3,92,90,83,83
340155,DUKE REGIONAL HOSPITAL,DURHAM,NC,4,92,93,88,90
340030,DUKE UNIVERSITY HOSPITAL,DURHAM,NC,4,93,93,90,92
34012F,DURHAM VA MEDICAL CENTER,DURHAM,NC,4,93,95,90,91
340049,NORTH CAROLINA SPECIALTY HOSPITAL,DURHAM,NC,4,93,92,87,91
340060,UNC ROCKINGHAM,EDEN,NC,4,93,94,86,85
341318,VIDANT CHOWAN HOSPITAL,EDENTON,NC,4,93,93,90,93
340109,SENTARA ALBEMARLE MEDICAL CENTER,ELIZABETH CITY,NC,4,94,92,89,86
341315,CAPE FEAR VALLEY-BLADEN COUNTY HOSPITAL,ELIZABETHTOWN,NC,,,,,
340097,HUGH CHATHAM MEMORIAL HOSPITAL,ELKIN,NC,4,92,91,89,87
340028,CAPE FEAR VALLEY MEDICAL CENTER,FAYETTEVILLE,NC,3,90,90,85,80
34013F,FAYETTEVILLE NC VA MEDICAL CENTER,FAYETTEVILLE,NC,4,95,94,89,89
341326,ANGEL MEDICAL CENTER,FRANKLIN,NC,3,91,91,84,89
34014F,Womack AMC (FT Bragg),Fort Bragg,NC,4,94,93,92,90
340032,CAROMONT REGIONAL MEDICAL CENTER,GASTONIA,NC,3,90,91,85,86
340010,UNC HEALTH CARE WAYNE,GOLDSBORO,NC,3,91,90,81,80
340091,"MOSES H. CONE MEMORIAL HOSPITAL, THE",GREENSBORO,NC,3,91,92,87,88
340040,ECU HEALTH MEDICAL CENTER,GREENVILLE,NC,3,91,91,84,87
340132,MARIA PARHAM MEDICAL CENTER,HENDERSON,NC,2,84,86,82,73
340023,ADVENTHEALTH HENDERSONVILLE,HENDERSONVILLE,NC,4,93,93,87,94
340017,PARDEE HOSPITAL HENDERSON COUNTY,HENDERSONVILLE,NC,4,93,93,86,91
340143,CATAWBA VALLEY MEDICAL CENTER,HICKORY,NC,4,92,92,88,90
340116,FRYE REGIONAL MEDICAL CENTER,HICKORY,NC,3,89,89,85,83
340004,HIGH POINT REGIONAL HEALTH SYSTEM,HIGH POINT,NC,2,89,89,82,84
341316,HIGHLANDS CASHIERS HOSPITAL,HIGHLANDS,NC,4,96,96,82,91
340183,NOVANT HEALTH HUNTERSVILLE MEDICAL CENTER,HUNTERSVILLE,NC,3,90,91,85,87
340042,ONSLOW MEMORIAL HOSPITAL,JACKSONVILLE,NC,2,90,87,83,78
341325,ASHE MEMORIAL HOSPITAL,JEFFERSON,NC,,,,,
340120,VIDANT DUPLIN HOSPITAL,KENANSVILLE,NC,4,92,95,86,89
340027,UNC LENOIR HEALTH CARE,KINSTON,NC,3,91,92,86,82
340008,SCOTLAND MEMORIAL HOSPITAL,LAURINBURG,NC,3,92,92,82,88
340041,CALDWELL MEMORIAL HOSPITAL,LENOIR,NC,3,91,91,86,82
340096,LEXINGTON MEMORIAL HOSPITAL INC,LEXINGTON,NC,4,92,92,85,88
340145,ATRIUM HEALTH LINCOLN,LINCOLNTON,NC,4,93,92,88,91
341323,CHARLES A CANNON JR MEMORIAL HOSPITAL,LINVILLE,NC,,,,,
340050,SOUTHEASTERN REGIONAL MEDICAL CENTER,LUMBERTON,NC,3,91,90,83,84
340087,THE MCDOWELL HOSPITAL,MARION,NC,4,92,91,87,88
340171,NOVANT HEALTH MATTHEWS MEDICAL CENTER,MATTHEWS,NC,3,91,92,88,88
340130,ATRIUM HEALTH UNION,MONROE,NC,4,92,92,85,89
340129,DUKE HEALTH LAKE NORMAN HOSPITAL,MOORESVILLE,NC,2,85,88,81,77
340142,CARTERET GENERAL HOSPITAL,MOREHEAD CITY,NC,4,93,93,90,88
340075,"BLUE RIDGE HEALTHCARE HOSPITALS, INC",MORGANTON,NC,3,90,91,86,84
340003,NORTHERN REGIONAL HOSPITAL,MOUNT AIRY,NC,4,94,95,92,90
341328,ERLANGER MURPHY MEDICAL CENTER,MURPHY,NC,4,95,96,83,91
341324,"THE OUTER BANKS HOSPITAL, INC",NAGS HEAD,NC,4,95,93,90,90
340131,CAROLINA EAST MEDICAL CENTER,NEW BERN,NC,3,92,91,86,90
340064,WILKES REGIONAL MEDICAL CENTER,NORTH WILKESBORO,NC,3,91,92,84,84
340127,GRANVILLE HEALTH SYSTEMS,OXFORD,NC,3,89,89,83,82
340115,FIRSTHEALTH MOORE REGIONAL HOSPITAL,PINEHURST,NC,4,93,93,87,92
341314,WASHINGTON COUNTY HOSP INC,PLYMOUTH,NC,,,,,
340188,CAPE FEAR VALLEY HOKE HOSPITAL,RAEFORD,NC,4,92,91,88,91
340114,REX HOSPITAL,RALEIGH,NC,4,93,92,87,92
340069,"WAKEMED, RALEIGH CAMPUS",RALEIGH,NC,3,92,91,87,89
340151,ECU HEALTH NORTH HOSPITAL,ROANOKE RAPIDS,NC,2,88,91,80,78
340147,UNC HEALTH NASH,ROCKY MOUNT,NC,3,92,91,85,84
340159,PERSON MEMORIAL HOSPITAL,ROXBORO,NC,,,,,
340013,RUTHERFORD REGIONAL MEDICAL CENTER,RUTHERFORDTON,NC,3,91,91,86,80
340015,NOVANT HEALTH ROWAN MEDICAL CENTER,SALISBURY,NC,2,89,90,81,82
34017F,W.G. (BILL) HEFNER SALISBURY VA MEDICAL CENTER (SALSBURY),SALISBURY,NC,4,93,93,91,90
340020,CENTRAL CAROLINA HOSPITAL,SANFORD,NC,3,90,92,87,78
340021,ATRIUM HEALTH CLEVELAND,SHELBY,NC,3,92,90,88,86
341311,CHATHAM HOSPITAL INC,SILER CITY,NC,5,94,95,89,94
340090,JOHNSTON HEALTH,SMITHFIELD,NC,4,93,91,89,89
341327,J ARTHUR DOSHER MEMORIAL HOSPITAL,SOUTHPORT,NC,5,95,95,90,93
341320,ALLEGHANY  MEMORIAL HOSPITAL,SPARTA,NC,,,,,
341329,BLUE RIDGE REGIONAL HOSPITAL,SPRUCE PINE,NC,3,92,89,83,86
340039,IREDELL MEMORIAL HOSPITAL INC,STATESVILLE,NC,3,91,90,88,88
340158,NOVANT HEALTH BRUNSWICK MEDICAL CENTER,SUPPLY,NC,4,92,93,87,89
340016,HARRIS REGIONAL HOSPITAL,SYLVA,NC,3,92,92,86,86
340107,VIDANT EDGECOMBE HOSPITAL,TARBORO,NC,4,93,93,88,90
340085,NOVANT HEALTH THOMASVILLE MEDICAL CENTER,THOMASVILLE,NC,3,91,91,83,86
341303,FIRSTHEALTH MONTGOMERY MEMORIAL HOSP,TROY,NC,,,,,
340084,ATRIUM HEALTH ANSON,WADESBORO,NC,,,,,
340068,COLUMBUS REGIONAL HEALTHCARE SYSTEM,WHITEVILLE,NC,3,90,89,87,79
340141,NOVANT HEALTH NEW HANOVER REGIONAL MEDICAL CENTER,WILMINGTON,NC,2,89,89,83,78
340168,WILMINGTON TREATMENT CENTER,WILMINGTON,NC,,,,,
340126,WILSON MEDICAL CENTER,WILSON,NC,2,88,89,82,76
341304,ECU HEALTH BERTIE HOSPITAL,WINDSOR,NC,,,,,
340047,NORTH CAROLINA BAPTIST HOSPITAL,WINSTON-SALEM,NC,3,91,90,84,89
340014,NOVANT HEALTH FORSYTH MEDICAL CENTER,WINSTON-SALEM,NC,3,90,92,81,89
340148,NOVANT HEALTH MEDICAL PARK HOSPITAL,WINSTON-SALEM,NC,5,96,94,90,95
351322,ASHLEY MEDICAL CENTER,ASHLEY,ND,,,,,
350063,P H S INDIAN HOSP AT BELCOURT-QUENTIN N BURDICK,BELCOURT,ND,,,,,
350002,CHI ST ALEXIUS HEALTH,BISMARCK,ND,3,92,92,88,86
350015,SANFORD MEDICAL CENTER BISMARCK,BISMARCK,ND,3,90,89,84,85
351307,ST ANDREW'S HOSPITAL,BOTTINEAU,ND,,,,,
351313,SOUTHWEST HEALTHCARE SERVICES,BOWMAN,ND,,,,,
351331,TOWNER COUNTY MEDICAL CENTER,CANDO,ND,,,,,
351318,CARRINGTON HEALTH CENTER,CARRINGTON,ND,,,,,
351319,PEMBINA COUNTY MEMORIAL HOSPITAL,CAVALIER,ND,,,,,
351306,COOPERSTOWN MEDICAL CENTER,COOPERSTOWN,ND,,,,,
351325,ST LUKE'S HOSPITAL,CROSBY,ND,,,,,
351333,CHI ST ALEXIUS HEALTH DEVILS LAKE,DEVILS LAKE,ND,,,,,
351336,CHI ST ALEXIUS HEALTH DICKINSON,DICKINSON,ND,4,92,92,90,83
351314,JACOBSON MEMORIAL HOSPITAL CARE CENTER,ELGIN,ND,,,,,
350070,ESSENTIA HEALTH,FARGO,ND,3,91,90,85,90
35002F,FARGO VA MEDICAL CENTER,FARGO,ND,5,95,95,93,94
350011,SANFORD MEDICAL CENTER FARGO,FARGO,ND,3,88,88,86,88
351364,STANDING ROCK SERVICE UNIT,"FORT YATES,",ND,,,,,
351303,GARRISON MEMORIAL HOSPITAL,GARRISON,ND,,,,,
351320,UNITY MEDICAL CENTER,GRAFTON,ND,,,,,
350019,ALTRU HOSPITAL,GRAND FORKS,ND,2,88,89,80,81
351327,SMP HEALTH ST ALOISIUS,HARVEY,ND,,,,,
351310,SAKAKAWEA MEDICAL CENTER - CAH,HAZEN,ND,,,,,
351330,WEST RIVER REGIONAL MEDICAL CENTER,HETTINGER,ND,4,93,94,87,91
351329,SANFORD HILLSBORO,HILLSBORO,ND,,,,,
351335,JAMESTOWN REGIONAL MEDICAL CENTER,JAMESTOWN,ND,4,95,93,87,92
351305,TRINITY KENMARE COMMUNITY HOSPITAL,KENMARE,ND,,,,,
351323,CAVALIER COUNTY MEMORIAL HOSPITAL ASSOCIATION,LANGDON,ND,,,,,
351328,LINTON HOSPITAL - CAH,LINTON,ND,,,,,
351311,LISBON AREA HEALTH SERVICES,LISBON,ND,,,,,
351309,SANFORD MAYVILLE,MAYVILLE,ND,,,,,
351308,NELSON COUNTY HEALTH SYSTEM,MCVILLE,ND,,,,,
350006,TRINITY HOSPITALS,MINOT,ND,2,88,88,80,84
351312,NORTHWOOD DEACONESS HEALTH CENTER,NORTHWOOD,ND,,,,,
351315,CHI OAKES HOSPITAL,OAKES,ND,,,,,
351326,FIRST CARE HEALTH CENTER,PARK RIVER,ND,,,,,
351316,PRESENTATION MEDICAL CENTER,ROLLA,ND,,,,,
351332,HEART OF AMERICA MEDICAL CENTER,RUGBY,ND,,,,,
351301,MOUNTRAIL COUNTY MEDICAL CENTER INC,STANLEY,ND,,,,,
351300,TIOGA MEDICAL CENTER,TIOGA,ND,,,,,
351304,CHI ST ALEXIUS HEALTH TURTLE LAKE,TURTLE LAKE,ND,,,,,
351324,CHI MERCY HEALTH,VALLEY CITY,ND,,,,,
351302,MCKENZIE COUNTY HEALTHCARE SYSTEMS INC,WATFORD CITY,ND,,,,,
351334,CHI ST ALEXIUS HEALTH WILLISTON,WILLISTON,ND,3,89,89,88,80
351321,SOUTH CENTRAL HEALTH,WISHEK,ND,,,,,
281325,BROWN COUNTY HOSPITAL,AINSWORTH,NE,,,,,
281334,BOONE COUNTY HEALTH CENTER,ALBION,NE,5,97,98,88,97
281360,BOX BUTTE GENERAL HOSPITAL,ALLIANCE,NE,3,89,90,92,86
281300,HARLAN COUNTY HEALTH SYSTEM,ALMA,NE,,,,,
281343,WEST HOLT MEMORIAL HOSPITAL,ATKINSON,NE,,,,,
281324,NEMAHA COUNTY HOSPITAL,AUBURN,NE,,,,,
281320,MEMORIAL HOSPITAL,AURORA,NE,,,,,
281333,ROCK COUNTY HOSPITAL,BASSETT,NE,,,,,
281364,"BEATRICE COMMUNITY HOSPITAL & HEALTH CENTER, INC",BEATRICE,NE,4,94,92,90,90
280132,BELLEVUE MEDICAL CENTER,BELLEVUE,NE,4,91,92,87,90
281340,DUNDY COUNTY HOSPITAL,BENKELMAN,NE,,,,,
281359,MEMORIAL COMMUNITY HOSPITAL & HEALTH SYSTEM,BLAIR,NE,4,92,90,85,90
283300,BOYS TOWN NATIONAL RESEARCH HOSPITAL,BOYS TOWN,NE,,,,,
281318,MORRILL COUNTY COMMUNITY HOSPITAL,BRIDGEPORT,NE,,,,,
281365,JENNIE M MELHAM MEMORIAL MEDICAL CENTER,BROKEN BOW,NE,,,,,
281335,CALLAWAY DISTRICT HOSPITAL,CALLAWAY,NE,,,,,
281348,TRI VALLEY HEALTH SYSTEM,CAMBRIDGE,NE,,,,,
281328,MERRICK MEDICAL CENTER,CENTRAL CITY,NE,,,,,
281341,CHADRON HOSPITAL,CHADRON,NE,,,,,
280111,"COLUMBUS COMMUNITY HOSPITAL, INC",COLUMBUS,NE,4,93,93,90,88
281327,COZAD COMMUNITY HOSPITAL,COZAD,NE,,,,,
281331,AVERA CREIGHTON HOSPITAL,CREIGHTON,NE,,,,,
281354,CRETE AREA MEDICAL CENTER,CRETE,NE,,,,,
281332,BUTLER COUNTY HEALTH,DAVID CITY,NE,,,,,
281319,JEFFERSON COMMUNITY HEALTH & LIFE,FAIRBURY,NE,,,,,
281352,"COMMUNITY MEDICAL CENTER, INC",FALLS CITY,NE,5,95,98,90,95
281311,FRANKLIN COUNTY MEMORIAL HOSPITAL,FRANKLIN,NE,,,,,
280077,METHODIST FREMONT HEALTH,FREMONT,NE,4,91,89,91,87
280779,FRIEND COMMUNITY HEALTHCARE SYSTEM,FRIEND,NE,,,,,
281301,FILLMORE COUNTY HOSPITAL,GENEVA,NE,,,,,
281312,GENOA COMMUNITY HOSPITAL,GENOA,NE,,,,,
281358,GORDON MEMORIAL HOSPITAL DISTRICT,GORDON,NE,,,,,
281313,GOTHENBURG HEALTH,GOTHENBURG,NE,,,,,
280023,CHI HEALTH ST. FRANCIS,GRAND ISLAND,NE,3,92,91,88,85
280139,GRAND ISLAND REGIONAL MEDICAL CENTER,GRAND ISLAND,NE,3,91,92,84,89
281356,PERKINS COUNTY HEALTH SERVICES,GRANT,NE,,,,,
280032,MARY LANNING HEALTHCARE,HASTINGS,NE,3,91,91,86,88
281304,THAYER COUNTY HEALTH SERVICES,HEBRON,NE,5,97,96,84,93
281308,HENDERSON COMMUNITY HOSPITAL,HENDERSON,NE,,,,,
281362,PHELPS MEMORIAL HEALTH CENTER,HOLDREGE,NE,5,94,95,92,93
281351,CHASE COUNTY COMMUNITY HOSPITAL,IMPERIAL,NE,,,,,
280009,CHI HEALTH GOOD SAMARITAN,KEARNEY,NE,4,91,90,90,90
280134,KEARNEY REGIONAL MEDICAL CENTER,KEARNEY,NE,4,92,92,88,91
281305,KIMBALL HEALTH SERVICES,KIMBALL,NE,,,,,
281361,LEXINGTON REGIONAL HEALTH CENTER,LEXINGTON,NE,,,,,
280003,BRYAN MEDICAL CENTER,LINCOLN,NE,3,92,91,89,91
280128,CHI HEALTH NEBRASKA HEART,LINCOLN,NE,4,96,92,88,94
280020,CHI HEALTH ST. ELIZABETH,LINCOLN,NE,3,89,90,88,85
280127,LINCOLN SURGICAL HOSPITAL,LINCOLN,NE,,,,,
281303,NIOBRARA VALLEY HOSPITAL,LYNCH,NE,,,,,
281363,COMMUNITY HOSPITAL,MCCOOK,NE,,,,,
281306,KEARNEY COUNTY HEALTH SERVICES HOSPITAL,MINDEN,NE,,,,,
281342,CHI HEALTH ST. MARYS,NEBRASKA CITY,NE,,,,,
281326,ANTELOPE MEMORIAL HOSPITAL,NELIGH,NE,,,,,
280125,FAITH REGIONAL HEALTH SERVICES,NORFOLK,NE,4,93,90,91,88
280065,GREAT PLAINS HEALTH,NORTH PLATTE,NE,3,88,90,83,83
281329,AVERA ST ANTHONY'S HOSPITAL,O' NEILL,NE,5,95,95,87,92
281355,OGALLALA COMMUNITY HOSPITAL,OGALLALA,NE,,,,,
280060,CHI HEALTH BERGAN MERCY,OMAHA,NE,2,89,88,88,82
280081,CHI HEALTH IMMANUEL,OMAHA,NE,3,91,90,87,85
280130,CHI HEALTH LAKESIDE,OMAHA,NE,3,91,90,86,85
283301,CHILDREN'S NEBRASKA,OMAHA,NE,,,,,
280131,MIDWEST SURGICAL HOSPITAL LLC,OMAHA,NE,5,95,95,92,95
280129,NEBRASKA ORTHOPAEDIC HOSPITAL,OMAHA,NE,5,95,95,92,95
280133,"NEBRASKA SPINE HOSPITAL, LLC",OMAHA,NE,5,95,95,93,94
28006F,OMAHA VA MEDICAL CENTER (VA NEBRASKA WESTERN IOWA HEALTHCARE SYSTEM),OMAHA,NE,4,93,93,89,89
280013,THE NEBRASKA MEDICAL CENTER,OMAHA,NE,3,90,91,87,88
280040,THE NEBRASKA METHODIST HOSPITAL,OMAHA,NE,4,93,92,89,93
281353,VALLEY COUNTY HEALTH SYSTEM,ORD,NE,,,,,
281314,ANNIE JEFFREY MEMORIAL COUNTY HEALTH CENTER,OSCEOLA,NE,,,,,
281310,GARDEN COUNTY HEALTH SERVICES,OSHKOSH,NE,,,,,
281347,OSMOND GENERAL HOSPITAL,OSMOND,NE,,,,,
280105,CHI HEALTH MIDLANDS,PAPILLION,NE,4,94,92,83,89
281302,PAWNEE COUNTY MEMORIAL HOSPITAL,PAWNEE CITY,NE,,,,,
281349,PENDER COMMUNITY HOSPITAL,PENDER,NE,,,,,
281346,CHI HEALTH PLAINVIEW HOSPITAL,PLAINVIEW,NE,,,,,
281316,WEBSTER COUNTY COMMUNITY HOSPITAL,RED CLOUD,NE,,,,,
281323,CHI HEALTH SCHUYLER,SCHUYLER,NE,,,,,
280061,REGIONAL WEST MEDICAL CENTER,SCOTTSBLUFF,NE,2,87,89,82,77
281339,MEMORIAL HEALTH CARE SYSTEMS,SEWARD,NE,,,,,
281357,SIDNEY REGIONAL MEDICAL CENTER,SIDNEY,NE,5,95,94,91,93
281338,HOWARD COUNTY MEDICAL CENTER,ST PAUL,NE,,,,,
281315,BRODSTONE HEALTHCARE,SUPERIOR,NE,5,95,95,93,96
281309,SYRACUSE AREA HEALTH,SYRACUSE,NE,,,,,
281350,JOHNSON COUNTY HOSPITAL,TECUMSEH,NE,,,,,
281344,CHERRY COUNTY HOSPITAL,VALENTINE,NE,,,,,
281307,SAUNDERS MEDICAL CENTER,WAHOO,NE,,,,,
281345,PROVIDENCE MEDICAL CENTER,WAYNE,NE,,,,,
281322,ST FRANCIS MEMORIAL HOSPITAL,WEST POINT,NE,,,,,
280059,TWELVE CLANS UNITY HOSPITAL,WINNEBAGO,NE,,,,,
281336,YORK GENERAL HEALTH CARE SERVICES,YORK,NE,4,93,94,93,89
301310,ANDROSCOGGIN VALLEY HOSPITAL,BERLIN,NH,4,92,93,94,83
301308,VALLEY REGIONAL HOSPITAL,CLAREMONT,NH,,,,,
301300,UPPER CONNECTICUT VALLEY HOSPITAL,COLEBROOK,NH,,,,,
300001,CONCORD HOSPITAL,CONCORD,NH,3,92,91,89,89
300017,PARKLAND MEDICAL CENTER,DERRY,NH,3,92,89,85,83
300018,WENTWORTH-DOUGLASS HOSPITAL,DOVER,NH,4,93,92,92,92
300023,EXETER HOSPITAL INC,EXETER,NH,3,92,92,89,88
301306,CONCORD HOSPITAL- FRANKLIN,FRANKLIN,NH,,,,,
300019,CHESHIRE MEDICAL CENTER,KEENE,NH,3,91,91,87,87
300005,CONCORD HOSPITAL- LACONIA,LACONIA,NH,3,91,92,88,85
301303,WEEKS MEDICAL CENTER,LANCASTER,NH,,,,,
301305,ALICE PECK DAY MEMORIAL HOSPITAL,LEBANON,NH,5,95,94,91,97
300003,MARY HITCHCOCK MEMORIAL HOSPITAL,LEBANON,NH,3,91,91,87,91
301302,LITTLETON REGIONAL HEALTHCARE,LITTLETON,NH,5,95,95,89,92
300034,CATHOLIC MEDICAL CENTER,MANCHESTER,NH,3,93,91,88,88
300012,ELLIOT HOSPITAL,MANCHESTER,NH,4,93,92,87,91
300020,SOUTHERN NH MEDICAL CENTER,NASHUA,NH,3,91,90,86,87
300011,ST JOSEPH HOSPITAL,NASHUA,NH,3,92,89,84,87
301304,NEW LONDON HOSPITAL,NEW LONDON,NH,4,93,92,86,92
301307,"MEMORIAL HOSPITAL, THE",NORTH CONWAY,NH,4,95,94,88,92
301309,MONADNOCK COMMUNITY HOSPITAL,PETERBOROUGH,NH,4,92,92,88,88
301311,SPEARE MEMORIAL HOSPITAL,PLYMOUTH,NH,4,95,91,92,89
300029,PORTSMOUTH REGIONAL HOSPITAL,PORTSMOUTH,NH,3,90,90,84,86
300014,FRISBIE MEMORIAL HOSPITAL,ROCHESTER,NH,4,94,90,91,88
301312,HUGGINS HOSPITAL,WOLFEBORO,NH,4,94,93,88,89
301301,COTTAGE HOSPITAL,WOODSVILLE,NH,,,,,
310064,ATLANTICARE REGIONAL MEDICAL CENTER - CITY CAMPUS,ATLANTIC CITY,NJ,3,91,89,83,85
310025,CAREPOINT HEALTH - BAYONNE MEDICAL CENTER,BAYONNE,NJ,2,85,87,83,76
310009,CLARA MAASS MEDICAL CENTER,BELLEVILLE,NJ,3,90,90,84,84
310052,OCEAN MEDICAL CENTER,BRICK,NJ,3,91,89,85,87
310031,DEBORAH HEART AND LUNG CENTER,BROWNS MILLS,NJ,4,93,92,90,93
310014,COOPER UNIVERSITY HOSPITAL,CAMDEN,NJ,3,90,90,86,86
310029,VIRTUA OUR LADY OF LOURDES HOSPITAL,CAMDEN,NJ,2,90,88,81,82
310011,CAPE REGIONAL MEDICAL CENTER INC,CAPE MAY COURT HOUSE,NJ,,,,,
310050,SAINT CLARE'S HOSPITAL/ DENVILLE CAMPUS,DENVILLE,NJ,2,88,87,83,81
310083,CAREWELL HEALTH MEDICAL CENTER,EAST ORANGE,NJ,1,81,81,65,68
31001F,VA NEW JERSEY HEALTH CARE SYSTEM,EAST ORANGE,NJ,3,90,91,84,85
310108,JFK UNIVERSITY MEDICAL CENTER,EDISON,NJ,2,87,87,82,81
310027,TRINITAS REGIONAL MEDICAL CENTER,ELIZABETH,NJ,2,87,88,82,83
310069,INSPIRA MEDICAL CENTER MULLICA HILL,ELMER,NJ,4,92,90,88,87
310045,ENGLEWOOD HOSPITAL AND MEDICAL CENTER,ENGLEWOOD,NJ,3,92,91,82,91
310005,HUNTERDON MEDICAL CENTER,FLEMINGTON,NJ,3,92,92,86,85
310111,CENTRASTATE MEDICAL CENTER,FREEHOLD,NJ,3,91,89,82,84
310001,HACKENSACK UNIVERSITY MEDICAL CENTER,HACKENSACK,NJ,3,90,90,86,88
310115,AHS HOSPITAL CORP,HACKETTSTOWN,NJ,3,89,87,87,81
310110,ROBERT WOOD JOHNSON UNIVERSITY HOSPITAL AT HAMILTON,HAMILTON,NJ,3,93,91,83,85
310040,CAREPOINT HEALTH-HOBOKEN UNIVERSITY MEDICAL CENTER,HOBOKEN,NJ,2,87,87,76,76
310112,BAYSHORE MEDICAL CENTER,HOLMDEL,NJ,3,91,87,83,86
310016,HEIGHTS UNIVERSITY HOSPITAL,JERSEY CITY,NJ,2,89,88,79,81
310074,JERSEY CITY MEDICAL CENTER,JERSEY CITY,NJ,3,90,90,85,88
310084,MONMOUTH MEDICAL CENTER-SOUTHERN CAMPUS,LAKEWOOD,NJ,3,91,90,83,85
310076,COOPERMAN BARNABAS MEDICAL CENTER,LIVINGSTON,NJ,3,91,90,82,87
310075,MONMOUTH MEDICAL CENTER,LONG BRANCH,NJ,4,92,90,87,89
310113,SOUTHERN OCEAN MEDICAL CENTER,MANAHAWKIN,NJ,3,91,88,84,84
313302,WEISMAN CHILDRENS REHABILITATION HOSPITAL,MARLTON,NJ,,,,,
310054,HACKENSACK MERIDIAN MOUNTAINSIDE MEDICAL,MONTCLAIR,NJ,2,89,89,81,83
310015,MORRISTOWN MEDICAL CENTER,MORRISTOWN,NJ,3,91,90,86,91
310057,VIRTUA MOUNT HOLLY HOSPITAL,MOUNT HOLLY,NJ,2,90,88,78,80
310073,JERSEY SHORE UNIVERSITY MEDICAL CENTER,NEPTUNE,NJ,3,90,88,83,86
313300,CHILDREN'S SPECIALIZED HOSPITAL,NEW BRUNSWICK,NJ,,,,,
310038,ROBERT WOOD JOHNSON UNIVERSITY HOSPITAL,NEW BRUNSWICK,NJ,3,91,90,86,86
310070,SAINT PETER'S UNIVERSITY HOSPITAL,NEW BRUNSWICK,NJ,3,92,89,86,89
310002,NEWARK BETH ISRAEL MEDICAL CENTER,NEWARK,NJ,2,87,89,79,83
310096,SAINT MICHAEL'S MEDICAL CENTER,NEWARK,NJ,3,90,90,78,88
310119,THE UNIVERSITY HOSPITAL,NEWARK,NJ,2,86,89,76,80
310028,NEWTON MEDICAL CENTER,NEWTON,NJ,3,91,88,84,83
310003,PALISADES MEDICAL CENTER,NORTH BERGEN,NJ,2,88,87,82,81
310058,BERGEN NEW BRIDGE MEDICAL CENTER,PARAMUS,NJ,,,,,
310012,VALLEY HOSPITAL,PARAMUS,NJ,4,92,91,85,91
310006,ST MARY'S GENERAL HOSPITAL,PASSAIC,NJ,3,89,89,79,83
310019,ST JOSEPH'S UNIVERSITY MEDICAL CENTER INC,PATERSON,NJ,2,87,88,81,81
310044,CAPITAL HEALTH MEDICAL CENTER - HOPEWELL,PENNINGTON,NJ,2,88,87,84,85
310039,RARITAN BAY MEDICAL CENTER,PERTH AMBOY,NJ,2,89,87,82,82
310060,ST LUKE'S WARREN HOSPITAL,PHILLIPSBURG,NJ,3,92,92,86,88
310010,UNIVERSITY MEDICAL CENTER OF PRINCETON AT PLAINSBORO,PLAINSBORO,NJ,3,91,90,84,90
310017,CHILTON MEDICAL CENTER,POMPTON PLAINS,NJ,3,92,90,87,86
310024,ROBERT WOOD JOHNSON UNIVERSITY HOSPITAL AT RAHWAY,RAHWAY,NJ,3,91,90,83,85
310034,RIVERVIEW MEDICAL CENTER,RED BANK,NJ,3,93,91,85,89
310118,HUDSON REGIONAL HOSPITAL,SECAUCUS,NJ,2,88,88,76,83
310047,SHORE MEDICAL CENTER,SOMERS POINT,NJ,3,91,90,86,85
310048,ROBERT WOOD JOHNSON UNIVERSITY HOSPITAL - SOMERSET,SOMERVILLE,NJ,3,92,90,85,87
310086,JEFFERSON STRATFORD HOSPITAL,STRATFORD,NJ,3,91,89,84,84
310051,OVERLOOK MEDICAL CENTER,SUMMIT,NJ,3,90,90,84,88
310008,HOLY NAME MEDICAL CENTER,TEANECK,NJ,3,91,91,84,89
310041,COMMUNITY MEDICAL CENTER,TOMS RIVER,NJ,2,90,88,84,82
310092,CAPITAL HEALTH REGIONAL MEDICAL CENTER,TRENTON,NJ,2,85,87,82,76
310032,INSPIRA MEDICAL CENTER VINELAND,VINELAND,NJ,3,91,90,88,83
310022,WEST JERSEY HOSPITAL,VOORHEES,NJ,3,91,89,83,87
310130,HACKENSACK MERIDIAN HEALTH PASCACK VALLEY MEDICAL,WESTWOOD,NJ,3,91,88,85,87
310061,VIRTUA WILLINGBORO HOSPITAL,WILLINGBORO,NJ,2,87,88,81,80
320004,CHRISTUS SOUTHERN NEW MEXICO,ALAMOGORDO,NM,3,91,89,86,87
320009,LOVELACE MEDICAL CENTER,ALBUQUERQUE,NM,3,90,89,80,85
320074,LOVELACE WESTSIDE HOSPITAL,ALBUQUERQUE,NM,3,91,91,86,88
320017,LOVELACE WOMEN'S HOSPITAL,ALBUQUERQUE,NM,2,87,87,81,83
320021,PRESBYTERIAN HOSPITAL,ALBUQUERQUE,NM,3,90,89,82,86
320001,UNM HOSPITAL,ALBUQUERQUE,NM,2,89,90,84,84
32005F,VA NEW MEXICO HEALTHCARE SYSTEM,ALBUQUERQUE,NM,4,92,93,88,89
320030,ARTESIA GENERAL HOSPITAL,ARTESIA,NM,,,,,
320063,CARLSBAD MEDICAL CENTER,CARLSBAD,NM,2,88,85,78,74
321304,UNION COUNTY GENERAL HOSPITAL,CLAYTON,NM,,,,,
320022,PLAINS REGIONAL MEDICAL CENTER,CLOVIS,NM,3,91,87,84,80
320062,CROWNPOINT HEALTHCARE FACILITY,CROWNPOINT,NM,,,,,
321309,MIMBRES VALLEY MEDICAL CENTER,DEMING,NM,3,91,89,88,85
320011,PRESBYTERIAN ESPANOLA HOSPITAL,ESPANOLA,NM,4,93,93,86,91
320005,SAN JUAN REGIONAL MEDICAL CENTER INC,FARMINGTON,NM,2,87,88,82,81
320061,GALLUP INDIAN MEDICAL CENTER,GALLUP,NM,2,80,86,76,73
321313,REHOBOTH MCKINLEY CHRISTIAN HEALTH CARE SERVICES,GALLUP,NM,,,,,
321308,CIBOLA GENERAL HOSPITAL,GRANTS,NM,,,,,
320065,COVENANT HEALTH HOBBS HOSPITAL,HOBBS,NM,4,94,94,87,88
320018,MEMORIAL MEDICAL CENTER,LAS CRUCES,NM,2,89,87,82,83
320085,MOUNTAIN VIEW REGIONAL MEDICAL CENTER,LAS CRUCES,NM,2,88,87,79,79
320091,THREE CROSSES REGIONAL HOSPITAL LLC,LAS CRUCES,NM,4,93,91,86,93
321312,ALTA VISTA REGIONAL HOSPITAL,LAS VEGAS,NM,,,,,
320033,LOS ALAMOS MEDICAL CENTER,LOS ALAMOS,NM,3,93,90,82,84
321305,NOR-LEA HOSPITAL DISTRICT,LOVINGTON,NM,,,,,
320084,ROOSEVELT GENERAL HOSPITAL,PORTALES,NM,,,,,
321307,MINERS' COLFAX MEDICAL CENTER,RATON,NM,,,,,
320006,EASTERN NEW MEXICO MEDICAL CENTER,ROSWELL,NM,2,86,85,79,78
320086,LOVELACE REGIONAL HOSPITAL - ROSWELL,ROSWELL,NM,3,93,92,81,86
321306,LINCOLN COUNTY MEDICAL CENTER,RUIDOSO,NM,4,92,91,85,91
320002,CHRISTUS ST VINCENT REGIONAL MEDICAL CENTER,SANTA FE,NM,3,91,92,82,88
320090,PRESBYTERIAN SANTA FE MEDICAL CENTER,SANTA FE,NM,3,90,90,80,88
320057,SANTA FE PHS INDIAN HOSPITAL,SANTA FE,NM,,,,,
320779,GUADALUPE COUNTY HOSPITAL,SANTA ROSA,NM,,,,,
320059,NORTHERN NAVAJO MEDICAL CENTER,SHIPROCK,NM,3,86,89,82,80
321311,GILA REGIONAL MEDICAL CENTER,SILVER CITY,NM,4,95,95,87,88
321301,SOCORRO GENERAL HOSPITAL,SOCORRO,NM,,,,,
321300,SIERRA VISTA HOSPITAL,T OR C,NM,,,,,
321310,HOLY CROSS HOSPITAL A DIV OF TAOS HEALTH SYSTEMS,TAOS,NM,3,92,91,81,84
321302,DR DAN C TRIGG MEMORIAL HOSPITAL,TUCUMCARI,NM,,,,,
320060,ZUNI COMPREHENSIVE COMMUNITY HEALTH CENTER,ZUNI,NM,,,,,
291303,BATTLE MOUNTAIN GENERAL HOSPITAL,BATTE MTN,NV,,,,,
291309,BOULDER CITY HOSPITAL,BOULDER CITY,NV,,,,,
291312,GROVER C DILS MEDICAL CENTER,CALIENTE,NV,,,,,
290019,CARSON TAHOE REGIONAL MEDICAL CENTER,CARSON CITY,NV,3,91,90,87,89
290008,NORTHEASTERN NEVADA REGIONAL HOSPITAL,ELKO,NV,3,90,86,84,76
291302,WILLIAM BEE RIRIE HOSPITAL,ELY,NV,,,,,
291313,BANNER CHURCHILL COMMUNITY HOSPITAL,FALLON,NV,4,93,93,86,89
291306,CARSON VALLEY HEALTH,GARDNERVILLE,NV,5,95,93,90,93
291300,MOUNT GRANT GENERAL HOSPITAL,HAWTHORNE,NV,,,,,
290057,HENDERSON HOSPITAL,HENDERSON,NV,2,86,83,79,80
290012,SAINT ROSE DOMINICAN HOSPITALS - ROSE DE LIMA,HENDERSON,NV,,,,,
290045,SAINT ROSE DOMINICAN HOSPITALS - SIENA CAMPUS,HENDERSON,NV,3,90,87,84,86
290062,WEST HENDERSON HOSPITAL,HENDERSON,NV,,,,,
291301,INCLINE VILLAGE COMMUNITY HOSPITAL,INCLINE VILLAGE,NV,,,,,
290054,CENTENNIAL HILLS HOSPITAL MEDICAL CENTER,LAS VEGAS,NV,2,86,85,78,81
290042,HARMON HOSPITAL,LAS VEGAS,NV,,,,,
290039,MOUNTAINVIEW HOSPITAL,LAS VEGAS,NV,3,90,87,84,86
290053,SAINT ROSE DOMINICAN HOSPITALS - SAN MARTIN CAMPUS,LAS VEGAS,NV,3,92,91,85,92
290047,SOUTHERN HILLS HOSPITAL AND MEDICAL CENTER,LAS VEGAS,NV,3,89,88,81,88
290046,SPRING VALLEY HOSPITAL MEDICAL CENTER,LAS VEGAS,NV,2,90,87,82,86
290041,SUMMERLIN HOSPITAL MEDICAL CENTER,LAS VEGAS,NV,2,89,85,80,85
290003,SUNRISE HOSPITAL AND MEDICAL CENTER,LAS VEGAS,NV,2,86,82,79,79
290007,UNIVERSITY MEDICAL CENTER,LAS VEGAS,NV,2,86,86,81,81
290021,VALLEY HOSPITAL MEDICAL CENTER,LAS VEGAS,NV,2,86,86,80,80
291304,PERSHING GENERAL HOSPITAL,LOVELOCK,NV,,,,,
291307,MESA VIEW REGIONAL HOSPITAL,MESQUITE,NV,3,89,90,86,81
29004F,VA SOUTHERN NEVADA HEALTHCARE SYSTEM,N. LAS VEGAS,NV,3,92,90,86,91
290005,NORTH VISTA HOSPITAL,NORTH LAS VEGAS,NV,2,85,85,78,80
290058,SAINT ROSE DOMINICAN HOSPITALS - NORTH LAS VEGAS,NORTH LAS VEGAS,NV,,,,,
29001F,99th Medical Group (Nellis AFB),Nellis AFB,NV,4,94,93,90,90
291311,DESERT VIEW HOSPITAL,PAHRUMP,NV,2,89,81,72,80
290001,RENOWN REGIONAL MEDICAL CENTER,RENO,NV,3,90,89,84,88
290049,RENOWN SOUTH MEADOWS MEDICAL CENTER,RENO,NV,3,91,91,86,90
290009,SAINT MARY'S REGIONAL MEDICAL CENTER,RENO,NV,3,88,88,84,87
29002F,VA SIERRA NEVADA HEALTHCARE SYSTEM,RENO,NV,3,91,91,86,89
290032,NORTHERN NEVADA MEDICAL CENTER,SPARKS,NV,3,90,90,85,89
291308,HUMBOLDT GENERAL HOSPITAL,WINNEMUCCA,NV,3,91,88,83,80
291314,SOUTH LYON MEDICAL CENTER,YERINGTON,NV,,,,,
330013,ALBANY MEDICAL CENTER HOSPITAL,ALBANY,NY,2,88,88,80,80
33009F,ALBANY VA MEDICAL CENTER,ALBANY,NY,3,92,91,87,89
330057,ST PETER'S HOSPITAL,ALBANY,NY,3,90,89,83,89
331309,RIVER HOSPITAL CLINICS,ALEXANDRIA BAY,NY,,,,,
330047,ST MARY'S HEALTHCARE,AMSTERDAM,NY,3,91,89,87,85
330235,AUBURN  COMMUNITY  HOSPITAL,AUBURN,NY,2,88,85,87,77
330073,UNITED MEMORIAL MEDICAL CENTER,BATAVIA,NY,3,90,89,86,83
33011F,BATH VA MEDICAL CENTER,BATH,NY,,,,,
330800,IRA DAVENPORT MEMORIAL HOSPITAL,BATH,NY,,,,,
330043,NS/LIJ HS SOUTHSIDE HOSPITAL,BAY SHORE,NY,3,91,90,84,85
330332,CHSLI ST JOSEPH HOSPITAL,BETHPAGE,NY,3,92,92,87,85
330011,"OUR LADY OF LOURDES MEMORIAL HOSPITAL, INC",BINGHAMTON,NY,2,89,86,82,81
330394,"UNITED HEALTH SERVICES HOSPITALS, INC",BINGHAMTON,NY,3,90,88,87,87
33016F,BRONX VA MEDICAL CENTER,BRONX,NY,3,89,92,83,86
330009,BRONXCARE HOSPITAL CENTER,BRONX,NY,2,86,88,81,79
330127,JACOBI MEDICAL CENTER,BRONX,NY,2,85,88,75,81
330080,LINCOLN MEDICAL & MENTAL HEALTH CENTER,BRONX,NY,2,84,87,74,79
330059,MONTEFIORE MEDICAL CENTER,BRONX,NY,2,89,90,80,84
330399,ST BARNABAS HOSPITAL,BRONX,NY,2,84,87,76,78
330233,BROOKDALE HOSPITAL MEDICAL CENTER,BROOKLYN,NY,1,82,86,72,71
330056,BROOKLYN HOSPITAL CENTER - DOWNTOWN CAMPUS,BROOKLYN,NY,2,86,87,79,79
330202,KINGS COUNTY HOSPITAL CENTER,BROOKLYN,NY,2,86,90,78,84
330194,MAIMONIDES MEDICAL CENTER,BROOKLYN,NY,2,87,88,82,83
330019,"NEW YORK COMMUNITY HOSPITAL OF BROOKLYN, INC.",BROOKLYN,NY,1,82,81,72,73
330196,SOUTH BROOKLYN HEALTH,BROOKLYN,NY,2,88,88,82,81
330350,SUNY/DOWNSTATE UNIVERSITY HOSPITAL OF BROOKLYN,BROOKLYN,NY,2,87,91,80,82
33020F,VA NEW YORK HARBOR HEALTHCARE SYSTEM - BROOKLYN,BROOKLYN,NY,,,,,
330396,WOODHULL MEDICAL & MENTAL HEALTH CENTER,BROOKLYN,NY,2,86,89,78,79
330221,WYCKOFF HEIGHTS MEDICAL CENTER,BROOKLYN,NY,2,86,88,78,82
330219,ERIE COUNTY MEDICAL CENTER,BUFFALO,NY,2,89,86,83,84
330005,KALEIDA HEALTH,BUFFALO,NY,2,90,88,86,86
330279,MERCY HOSPITAL OF BUFFALO,BUFFALO,NY,3,91,91,86,85
330078,SISTERS OF CHARITY HOSPITAL,BUFFALO,NY,3,91,90,85,86
33012F,UPSTATE NEW YORK VA HEALTHCARE SYSTEM (WESTERN NY VA HEALTHCARE SYSTEM),BUFFALO,NY,3,93,89,86,87
331303,GARNET HEALTH MEDICAL CENTER CATSKILLS,CALLICOON,NY,,,,,
330074,F F THOMPSON HOSPITAL,CANANDAIGUA,NY,3,91,93,87,90
330273,PUTNAM HOSPITAL CENTER,CARMEL,NY,4,93,92,88,87
330060,"CARTHAGE AREA HOSPITAL, INC",CARTHAGE,NY,,,,,
331318,"CARTHAGE AREA HOSPITAL, INC",CARTHAGE,NY,,,,,
330265,CLIFTON SPRINGS HOSPITAL AND CLINIC,CLIFTON SPRINGS,NY,3,91,92,87,90
331320,COBLESKILL REGIONAL HOSPITAL,COBLESKILL,NY,5,94,94,92,93
330136,BASSETT HEALTHCARE,COOPERSTOWN,NY,3,90,89,86,84
330277,CORNING HOSPITAL,CORNING,NY,3,91,90,88,87
330175,GUTHRIE CORTLAND REGIONAL MEDICAL CENTER,CORTLAND,NY,2,90,88,85,80
330267,HUDSON VALLEY HOSPITAL CENTER,CORTLANDT MANOR,NY,4,92,92,89,88
331301,"CUBA MEMORIAL HOSPITAL, INC",CUBA,NY,,,,,
330238,NICHOLAS H NOYES MEMORIAL HOSPITAL,DANSVILLE,NY,3,92,90,87,86
331305,O'CONNOR HOSPITAL,DELHI,NY,,,,,
330229,"BROOKS-TLC HOSPITAL SYSTEM, INC",DUNKIRK,NY,4,94,92,87,85
330027,NASSAU UNIVERSITY MEDICAL CENTER,EAST MEADOW,NY,1,81,84,72,73
331302,ELIZABETHTOWN COMMUNITY HOSPITAL,ELIZABETHTOWN,NY,,,,,
331310,ELLENVILLE REGIONAL HOSPITAL,ELLENVILLE,NY,,,,,
330128,ELMHURST HOSPITAL CENTER,ELMHURST,NY,2,85,88,83,80
330090,ARNOT OGDEN MEDICAL CENTER,ELMIRA,NY,3,91,87,86,84
330395,ST JOHN'S EPISCOPAL HOSPITAL AT SOUTH SHORE,FAR ROCKAWAY,NY,2,83,86,80,76
330193,FLUSHING HOSPITAL MEDICAL CENTER,FLUSHING,NY,3,89,88,84,84
330055,NEW YORK-PRESBYTERIAN/QUEENS,FLUSHING,NY,3,88,90,86,85
330058,GENEVA GENERAL HOSPITAL,GENEVA,NY,2,87,90,84,78
330181,NORTHWELL HOSPITAL GLEN COVE,GLEN COVE,NY,4,93,92,86,90
330191,GLENS FALLS HOSPITAL,GLENS FALLS,NY,3,92,91,83,84
330276,NATHAN LITTAUER HOSPITAL,GLOVERSVILLE,NY,3,91,85,87,82
331315,GOUVERNEUR HOSPITAL,GOUVERNEUR,NY,,,,,
331316,"COMMUNITY MEMORIAL HOSPITAL, INC",HAMILTON,NY,4,94,90,91,93
330386,GARNET HEALTH  MEDICAL CENTER CATSKILLS,HARRIS,NY,2,88,85,80,77
330151,ST JAMES HOSPITAL,HORNELL,NY,3,91,88,85,87
330094,COLUMBIA MEMORIAL HOSPITAL,HUDSON,NY,2,88,88,83,81
330045,NS/LIJ HS HUNTINGTON HOSPITAL,HUNTINGTON,NY,4,92,92,85,89
330307,CAYUGA MEDICAL CENTER AT ITHACA,ITHACA,NY,3,92,90,85,87
330014,JAMAICA HOSPITAL MEDICAL CENTER,JAMAICA,NY,2,87,87,80,81
330231,QUEENS HOSPITAL CENTER,JAMAICA,NY,3,88,89,81,85
330239,UPMC CHAUTAUQUA AT WCA,JAMESTOWN,NY,3,90,89,83,83
330102,KENMORE MERCY HOSPITAL,KENMORE,NY,4,93,92,89,91
330224,HEALTHALLIANCE HOSPITAL MARYS AVENUE CAMPUS,KINGSTON,NY,1,87,84,77,76
330188,MOUNT ST. MARY'S HOSPITAL & HEALTH CENTER,LEWISTON,NY,4,92,92,87,88
331311,LITTLE FALLS HOSPITAL,LITTLE FALLS,NY,4,93,94,84,93
331317,LEWIS COUNTY GENERAL HOSPITAL,LOWVILLE,NY,,,,,
331321,THE UNIVERSITY OF VERMONT HEALTH NETWORK-ALICE HY,MALONE,NY,3,91,94,90,82
330106,NORTH SHORE UNIVERSITY HOSPITAL,MANHASSET,NY,3,91,90,84,88
331304,MARGARETVILLE MEMORIAL HOSPITAL,MARGARETVILLE,NY,,,,,
331322,"SLHS MASSENA, INC",MASSENA,NY,,,,,
331319,MEDINA MEMORIAL HOSPITAL,MEDINA,NY,,,,,
330126,GARNET HEALTH MEDICAL CENTER,MIDDLETOWN,NY,3,92,88,84,85
331313,SCHUYLER HOSPITAL,MONTOUR FALLS,NY,,,,,
33015F,VA HUDSON VALLEY HEALTHCARE SYSTEM,MONTROSE,NY,,,,,
330162,NORTHERN WESTCHESTER HOSPITAL,MOUNT KISCO,NY,4,92,93,86,92
330086,MONTEFIORE MOUNT VERNON HOSPITAL,MOUNT VERNON,NY,2,87,88,79,82
330195,LONG ISLAND JEWISH MEDICAL CENTER,NEW HYDE PARK,NY,3,89,89,83,86
330184,MONTEFIORE NEW ROCHELLE HOSPITAL,NEW ROCHELLE,NY,2,88,90,79,78
330204,BELLEVUE HOSPITAL CENTER,NEW YORK,NY,2,87,89,80,83
330240,HARLEM HOSPITAL CENTER,NEW YORK,NY,1,84,86,74,74
330270,HOSPITAL FOR SPECIAL SURGERY,NEW YORK,NY,4,93,93,90,94
330119,LENOX HILL HOSPITAL,NEW YORK,NY,2,88,90,81,85
330199,METROPOLITAN HOSPITAL CENTER,NEW YORK,NY,2,86,88,79,84
330169,MOUNT SINAI BETH ISRAEL,NEW YORK,NY,2,87,87,75,80
330024,MOUNT SINAI HOSPITAL,NEW YORK,NY,3,90,90,85,87
330046,MOUNT SINAI WEST,NEW YORK,NY,2,87,90,83,83
330101,NEW YORK-PRESBYTERIAN HOSPITAL,NEW YORK,NY,3,90,91,86,88
330100,NY EYE AND EAR INFIRMARY OF MOUNT SINAI,NEW YORK,NY,,,,,
330214,NYU LANGONE HOSPITALS,NEW YORK,NY,3,92,91,86,89
33017F,VA NEW YORK HARBOR HEALTHCARE SYSTEM - NY DIV.,NEW YORK,NY,3,90,91,80,84
330030,NEWARK-WAYNE COMMUNITY HOSPITAL,NEWARK,NY,3,92,92,85,86
330264,MONTEFIORE ST LUKE'S CORNWALL,NEWBURGH,NY,3,90,89,84,82
330065,NIAGARA FALLS MEMORIAL MEDICAL CENTER,NIAGARA FALLS,NY,2,87,88,84,79
33019F,NORTHPORT VA MEDICAL CENTER,NORTHPORT,NY,4,93,93,90,87
330033,CHENANGO MEMORIAL HOSPITAL,NORWICH,NY,4,93,91,88,86
330104,NYACK HOSPITAL,NYACK,NY,2,89,87,78,82
330198,MOUNT SINAI SOUTH NASSAU,OCEANSIDE,NY,2,89,89,81,83
330103,OLEAN GENERAL HOSPITAL,OLEAN,NY,2,87,85,85,73
330115,ONEIDA HEALTH HOSPITAL,ONEIDA,NY,4,94,92,91,90
330085,AURELIA OSBORN FOX MEMORIAL HOSPITAL,ONEONTA,NY,3,91,90,90,83
330218,OSWEGO HOSPITAL,OSWEGO,NY,4,93,93,90,88
330141,LONG ISLAND COMMUNITY HOSPITAL,PATCHOGUE,NY,2,89,87,79,76
331314,SOLDIERS AND SAILORS MEMORIAL HOSPITAL OF YATES,PENN YAN,NY,,,,,
330331,PLAINVIEW HOSPITAL,PLAINVIEW,NY,3,91,90,87,86
330250,THE UNIVERSITY OF VERMONT HEALTH NETWORK  - CHAMPL,PLATTSBURGH,NY,3,91,92,85,82
330185,JOHN T MATHER MEMORIAL HOSPITAL  OF PORT JEFFERSON,PORT JEFFERSON,NY,4,92,92,88,90
330246,ST CHARLES HOSPITAL,PORT JEFFERSON,NY,3,93,91,85,90
330135,BON SECOURS COMMUNITY HOSPITAL,PORT JERVIS,NY,3,91,84,80,81
330197,CANTON-POTSDAM HOSPITAL,POTSDAM,NY,4,93,90,89,90
330023,VASSAR BROTHERS MEDICAL CENTER,POUGHKEEPSIE,NY,3,91,89,87,89
330049,NORTHERN DUTCHESS HOSPITAL,RHINEBECK,NY,4,93,92,90,93
330107,PECONIC BAY MEDICAL CENTER,RIVERHEAD,NY,3,91,89,87,87
330164,HIGHLAND HOSPITAL,ROCHESTER,NY,3,90,91,82,87
330125,ROCHESTER GENERAL HOSPITAL,ROCHESTER,NY,2,88,89,85,82
330285,STRONG MEMORIAL HOSPITAL,ROCHESTER,NY,3,90,90,86,86
330226,UNITY HOSPITAL,ROCHESTER,NY,2,88,89,86,83
330411,UNITY SPECIALTY HOSPITAL,ROCHESTER,NY,,,,,
330259,MERCY MEDICAL CENTER,ROCKVILLE CENTRE,NY,3,90,90,85,86
330215,"ROME MEMORIAL HOSPITAL, INC",ROME,NY,2,88,85,86,82
330182,ST FRANCIS HOSPITAL - THE HEART CENTER,ROSLYN,NY,4,94,91,89,93
330079,ADIRONDACK MEDICAL CENTER - SARANAC LAKE,SARANAC LAKE,NY,5,95,95,91,93
330222,SARATOGA HOSPITAL,SARATOGA SPRINGS,NY,4,93,91,86,89
330153,ELLIS HOSPITAL,SCHENECTADY,NY,2,89,88,83,82
330406,SUNNYVIEW HOSPITAL AND REHABILITATION CENTER,SCHENECTADY,NY,,,,,
330261,PHELPS HOSPITAL,SLEEPY HOLLOW,NY,3,90,90,88,87
330401,ST CATHERINE OF SIENA HOSPITAL,SMITHTOWN,NY,3,92,89,85,84
330111,BERTRAND CHAFFEE HOSPITAL,SPRINGVILLE,NY,3,93,93,81,88
330799,CLIFTON-FINE HOSPITAL,STAR LAKE,NY,,,,,
330028,RICHMOND UNIVERSITY MEDICAL CENTER,STATEN ISLAND,NY,2,86,88,79,74
330160,STATEN ISLAND UNIVERSITY HOSPITAL,STATEN ISLAND,NY,2,89,88,82,83
330393,SUNY/STONY BROOK UNIVERSITY HOSPITAL,STONY BROOK,NY,3,91,90,86,87
330158,GOOD SAMARITAN HOSPITAL OF SUFFERN,SUFFERN,NY,2,88,88,81,83
330203,CROUSE HOSPITAL,SYRACUSE,NY,3,89,89,86,87
330140,ST JOSEPH'S HOSPITAL HEALTH CENTER,SYRACUSE,NY,3,92,91,88,89
33024F,SYRACUSE VA MEDICAL CENTER,SYRACUSE,NY,4,94,90,88,91
330241,UNIVERSITY HOSPITAL S U N Y HEALTH SCIENCE CENTER,SYRACUSE,NY,3,92,90,88,88
330180,"SAMARITAN HOSPITAL OF TROY, NEW YORK",TROY,NY,3,91,89,83,85
330044,WYNN HOSPITAL,UTICA,NY,2,88,87,82,78
333301,BLYTHEDALE CHILDREN'S HOSPITAL,VALHALLA,NY,,,,,
330234,WESTCHESTER MEDICAL CENTER,VALHALLA,NY,2,87,87,81,80
331312,"DELAWARE VALLEY HOSPITAL, INC",WALTON,NY,4,96,92,87,93
331323,WYOMING COUNTY,WARSAW,NY,,,,,
330205,ST ANTHONY COMMUNITY HOSPITAL,WARWICK,NY,3,93,89,86,87
330157,SAMARITAN MEDICAL CENTER,WATERTOWN,NY,3,91,91,87,83
330096,JONES MEMORIAL HOSPITAL,WELLSVILLE,NY,3,92,90,89,88
330405,HELEN HAYES HOSPITAL,WEST HAVERSTRAW,NY,,,,,
330286,GOOD SAMARITAN HOSPITAL MEDICAL CENTER,WEST ISLIP,NY,2,89,87,83,82
330166,"WESTFIELD MEMORIAL HOSPITAL, INC",WESTFIELD,NY,,,,,
330304,WHITE PLAINS HOSPITAL CENTER,WHITE PLAINS,NY,3,91,91,87,90
33025F,Keller ACH (West Point),West Point,NY,,,,,
330208,ST JOHN'S RIVERSIDE HOSPITAL,YONKERS,NY,3,90,88,79,85
330006,ST JOSEPH'S MEDICAL CENTER,YONKERS,NY,1,78,82,75,72
363303,AKRON CHILDREN'S HOSPITAL,AKRON,OH,,,,,
360027,AKRON GENERAL MEDICAL CENTER,AKRON,OH,3,92,90,86,86
360351,CRYSTAL CLINIC ORTHOPAEDIC CENTER,AKRON,OH,5,96,94,93,95
360020,SUMMA HEALTH SYSTEM,AKRON,OH,3,91,91,85,88
360131,ALLIANCE COMMUNITY HOSPITAL,ALLIANCE,OH,3,91,89,88,86
360002,UNIVERSITY HOSPITALS SAMARITAN MEDICAL CENTER,ASHLAND,OH,4,94,90,93,88
360125,ASHTABULA COUNTY MEDICAL CENTER,ASHTABULA,OH,4,94,92,87,88
360014,OHIOHEALTH O'BLENESS HOSPITAL,ATHENS,OH,4,94,92,84,87
360364,CLEVELAND CLINIC AVON HOSPITAL,AVON,OH,4,94,92,89,94
361321,"BARNESVILLE HOSPITAL ASSOCIATION, INC",BARNESVILLE,OH,,,,,
360236,MERCY HEALTH - CLERMONT HOSPITAL,BATAVIA,OH,3,91,90,86,87
360367,LAKE HEALTH BEACHWOOD MEDICAL CENTER,BEACHWOOD,OH,,,,,
360359,UNIVERSITY HOSPITALS AHUJA MEDICAL CENTER,BEACHWOOD,OH,3,89,89,82,87
360360,SOIN MEDICAL CENTER,BEAVER CREEK,OH,4,91,91,89,91
360197,MARY RUTAN HOSPITAL,BELLEFONTAINE,OH,4,94,93,89,87
360107,BELLEVUE HOSPITAL,BELLEVUE,OH,4,93,94,88,91
361322,BLUFFTON HOSPITAL,BLUFFTON,OH,,,,,
360276,HMHP ST ELIZABETH BOARDMAN HEALTH CENTER,BOARDMAN,OH,3,92,89,84,86
360029,WOOD COUNTY HOSPITAL,BOWLING GREEN,OH,4,93,93,89,89
360121,COMMUNITY HOSPITALS AND WELLNESS CENTERS,BRYAN,OH,4,94,90,90,89
361316,BUCYRUS COMMUNITY HOSPITAL,BUCYRUS,OH,,,,,
361311,HARRISON COMMUNITY HOSPITAL,CADIZ,OH,,,,,
360203,SOUTHEASTERN OHIO REGIONAL MEDICAL CENTER,CAMBRIDGE,OH,3,91,90,86,82
360358,DILEY RIDGE MEDICAL CENTER,CANAL WINCHESTER,OH,,,,,
360084,AULTMAN HOSPITAL,CANTON,OH,3,90,89,85,87
360070,MERCY MEDICAL CENTER,CANTON,OH,3,90,89,84,83
360075,UH REGIONAL HOSPITALS,CHARDON,OH,4,94,92,89,90
360159,ADENA REGIONAL MEDICAL CENTER,CHILLICOTHE,OH,2,89,88,82,80
36008F,CHILLICOTHE VA MEDICAL CENTER,CHILLICOTHE,OH,,,,,
360179,BETHESDA NORTH,CINCINNATI,OH,3,92,91,87,88
360163,CHRIST HOSPITAL,CINCINNATI,OH,4,93,93,88,93
363300,CINCINNATI CHILDREN'S HOSPITAL MEDICAL CENTER,CINCINNATI,OH,,,,,
36003F,CINCINNATI VA MEDICAL CENTER,CINCINNATI,OH,4,93,92,89,88
360134,GOOD SAMARITAN HOSPITAL,CINCINNATI,OH,4,92,91,89,89
360234,MERCY HEALTH - WEST HOSPITAL,CINCINNATI,OH,3,92,90,85,87
360001,MERCY HEALTH-ANDERSON HOSPITAL,CINCINNATI,OH,3,92,91,86,86
360016,THE JEWISH HOSPITAL-MERCY HEALTH,CINCINNATI,OH,3,92,90,86,88
360003,"UNIVERSITY OF CINCINNATI MEDICAL CENTER, LLC",CINCINNATI,OH,3,90,89,86,87
360170,BERGER HOSPITAL,CIRCLEVILLE,OH,4,95,93,86,91
360180,CLEVELAND CLINIC,CLEVELAND,OH,3,91,92,88,92
363304,CLEVELAND CLINIC CHILDREN'S HOSPITAL FOR REHAB,CLEVELAND,OH,,,,,
360077,FAIRVIEW HOSPITAL,CLEVELAND,OH,4,92,91,88,89
36001F,LOUIS STOKES CLEVELAND VA MEDICAL CENTER,CLEVELAND,OH,4,92,92,87,89
360087,LUTHERAN HOSPITAL,CLEVELAND,OH,2,89,88,84,82
360059,METROHEALTH SYSTEM,CLEVELAND,OH,3,92,90,85,89
363302,RAINBOW BABIES AND CHILDRENS HOSPITAL,CLEVELAND,OH,,,,,
360137,UH CLEVELAND MEDICAL CENTER,CLEVELAND,OH,3,90,90,86,86
360058,MERCER COUNTY JOINT TOWNSHIP COMMUNITY HOSPITAL,COLDWATER,OH,4,94,93,90,91
360152,DOCTORS HOSPITAL,COLUMBUS,OH,3,90,91,83,86
360017,GRANT MEDICAL CENTER,COLUMBUS,OH,3,89,89,85,87
360035,MOUNT CARMEL EAST & WEST,COLUMBUS,OH,3,89,89,84,86
363305,NATIONWIDE CHILDREN'S HOSPITAL,COLUMBUS,OH,,,,,
360085,OHIO STATE UNIVERSITY STATE HEALTH SYSTEM,COLUMBUS,OH,3,91,91,87,88
360006,RIVERSIDE METHODIST HOSPITAL,COLUMBUS,OH,3,92,91,85,91
360098,LAKE HEALTH,CONCORD,OH,3,92,90,84,85
361308,UNIVERSITY HOSPITALS CONNEAUT MEDICAL CENTER,CONNEAUT,OH,5,96,92,92,90
360109,COSHOCTON REGIONAL MEDICAL CENTER,COSHOCTON,OH,3,91,88,87,87
360150,SUMMA WESTERN RESERVE HOSPITAL,CUYAHOGA FALLS,OH,3,93,90,86,90
363306,DAYTON CHILDRENS HOSPITAL,DAYTON,OH,,,,,
36007F,DAYTON VA MEDICAL CENTER,DAYTON,OH,4,93,92,90,90
360133,KETTERING HEALTH DAYTON,DAYTON,OH,3,91,90,86,86
360051,MIAMI VALLEY HOSPITAL,DAYTON,OH,2,87,87,84,82
363308,SHRINERS HOSPITALS FOR CHILDREN,DAYTON,OH,,,,,
360270,MERCY HEALTH - DEFIANCE HOSPITAL,DEFIANCE,OH,5,95,95,87,91
361328,PROMEDICA DEFIANCE REGIONAL HOSPITAL,DEFIANCE,OH,5,96,95,93,94
360210,GRADY MEMORIAL HOSPITAL,DELAWARE,OH,4,94,92,87,91
361302,TWIN CITY MEDICAL CENTER,DENNISON,OH,,,,,
360010,UNION HOSPITAL,DOVER,OH,3,92,91,86,84
360348,DUBLIN METHODIST HOSPITAL,DUBLIN,OH,4,92,92,89,92
360375,MOUNT CARMEL DUBLIN,DUBLIN,OH,,,,,
360096,EAST LIVERPOOL CITY HOSPITAL,EAST LIVERPOOL,OH,3,90,89,86,83
360145,UNIVERSITY HOSPITALS - ELYRIA MEDICAL CENTER,ELYRIA,OH,3,92,90,85,87
360082,EUCLID HOSPITAL,EUCLID,OH,3,91,89,82,82
360056,MERCY HEALTH - FAIRFIELD HOSPITAL,FAIRFIELD,OH,3,91,90,85,86
360095,BLANCHARD VALLEY HOSPITAL,FINDLAY,OH,4,94,92,87,88
361318,FOSTORIA COMMUNITY HOSPITAL,FOSTORIA,OH,4,92,92,88,88
360076,ATRIUM MEDICAL CENTER,FRANKLIN,OH,3,89,89,86,84
360156,MEMORIAL HOSPITAL,FREMONT,OH,3,93,92,85,84
361325,GALION COMMUNITY HOSPITAL,GALION,OH,4,93,92,88,88
360054,HOLZER MEDICAL CENTER,GALLIPOLIS,OH,4,94,93,89,87
360143,MARYMOUNT HOSPITAL,GARFIELD HEIGHTS,OH,3,91,92,85,86
361307,UHHS MEMORIAL HOSPITAL OF GENEVA,GENEVA,OH,5,96,94,90,93
361304,GREENFIELD AREA MEDICAL CENTER,GREENFIELD,OH,,,,,
361335,WAYNE HOSPITAL,GREENVILLE,OH,3,92,90,82,85
360132,FORT HAMILTON HUGHES MEMORIAL HOSPITAL,HAMILTON,OH,3,92,89,83,85
361332,HIGHLAND DISTRICT HOSPITAL,HILLSBORO,OH,4,93,92,90,92
361320,HOLZER MEDICAL CENTER JACKSON,JACKSON,OH,,,,,
361315,HARDIN MEMORIAL HOSPITAL,KENTON,OH,,,,,
360079,KETTERING HEALTH MAIN CAMPUS,KETTERING,OH,3,91,90,88,90
360072,FAIRFIELD MEDICAL CENTER,LANCASTER,OH,3,92,91,86,88
360263,INSTITUTE FOR ORTHOPAEDIC SURGERY,LIMA,OH,4,94,92,92,91
360009,LIMA MEMORIAL HEALTH SYSTEM,LIMA,OH,3,90,89,89,88
360066,MERCY HEALTH ST RITAS MEDICAL CENTER,LIMA,OH,3,92,89,88,87
361303,LODI COMMUNITY HOSPITAL,LODI,OH,4,94,88,94,95
361330,HOCKING VALLEY COMMUNITY HOSPITAL,LOGAN,OH,,,,,
360189,MADISON HEALTH,LONDON,OH,4,96,94,84,92
360172,MERCY REGIONAL MEDICAL CENTER,LORAIN,OH,2,89,90,84,81
360118,OHIOHEALTH MANSFIELD HOSPITAL,MANSFIELD,OH,3,91,90,82,87
360147,MARIETTA MEMORIAL HOSPITAL,MARIETTA,OH,4,92,90,90,88
361319,SELBY GENERAL HOSPITAL,MARIETTA,OH,4,93,92,91,91
360011,MARION GENERAL HOSPITAL,MARION,OH,3,92,90,86,84
360080,EAST OHIO REGIONAL HOSPITAL,MARTINS FERRY,OH,,,,,
360092,MEMORIAL HOSPITAL,MARYSVILLE,OH,4,95,94,89,92
360374,MERCY HEALTH KINGS MILLS HOSPITAL LLC,MASON,OH,3,92,90,84,88
360230,HILLCREST HOSPITAL,MAYFIELD HEIGHTS,OH,3,90,90,85,87
360091,MEDINA HOSPITAL,MEDINA,OH,3,92,91,87,86
360239,KETTERING HEALTH MIAMISBURG,MIAMISBURG,OH,4,92,91,87,91
360155,SOUTHWEST GENERAL HEALTH CENTER,MIDDLEBURG HEIGHTS,OH,3,92,90,86,89
360148,POMERENE HOSPITAL,MILLERSBURG,OH,4,95,93,85,88
361327,COMMUNITY HOSPITALS AND WELLNESS CENTERS,MONTPELIER,OH,,,,,
361313,OHIOHEALTH MORROW COUNTY HOSPITAL,MOUNT GILEAD,OH,,,,,
360040,KNOX COMMUNITY HOSPITAL,MOUNT VERNON,OH,3,92,89,88,84
361309,"HENRY COUNTY HOSPITAL, INC",NAPOLEON,OH,,,,,
360266,MOUNT CARMEL NEW ALBANY SURGICAL HOSPITAL,NEW ALBANY,OH,4,90,92,90,89
360218,LICKING MEMORIAL HOSPITAL,NEWARK,OH,3,92,90,89,86
360065,FISHER-TITUS HOSPITAL,NORWALK,OH,4,92,91,90,84
361306,MERCY ALLEN HOSPITAL,OBERLIN,OH,5,96,96,89,96
360365,AVITA ONTARIO,ONTARIO,OH,4,95,92,84,93
360259,BAY PARK COMMUNITY HOSPITAL,OREGON,OH,4,92,88,91,89
361323,AULTMAN ORRVILLE HOSPITAL,ORRVILLE,OH,4,92,93,87,89
360046,MCCULLOUGH-HYDE MEMORIAL HOSPITAL,OXFORD,OH,4,93,93,90,91
360041,PARMA COMMUNITY GENERAL HOSPITAL,PARMA,OH,3,93,92,86,87
361300,PAULDING COUNTY HOSPITAL,PAULDING,OH,,,,,
361314,MAGRUDER HOSPITAL,PORT CLINTON,OH,4,94,91,92,89
360361,KINGS DAUGHTERS MEDICAL CENTER OHIO,PORTSMOUTH,OH,,,,,
360008,SOUTHERN OHIO MEDICAL CENTER,PORTSMOUTH,OH,4,94,91,86,88
360078,UNIVERSITY HOSPITALS PORTAGE MEDICAL CENTER,RAVENNA,OH,3,92,91,86,87
360245,GLENBEIGH HEALTH SOURCES,ROCK CREEK,OH,,,,,
360032,GRAND LAKE HEALTH SYSTEM,SAINT MARYS,OH,4,93,89,85,87
360185,SALEM REGIONAL MEDICAL CENTER,SALEM,OH,3,90,89,88,82
360025,FIRELANDS REGIONAL MEDICAL CENTER,SANDUSKY,OH,3,92,91,88,86
361326,ADAMS COUNTY REGIONAL MEDICAL CENTER,SEAMAN,OH,,,,,
361324,OHIOHEALTH SHELBY HOSPITAL,SHELBY,OH,,,,,
360013,WILSON MEMORIAL HOSPITAL,SIDNEY,OH,3,90,90,85,83
360355,OHIO VALLEY SURGICAL HOSPITAL,SPRINGFIELD,OH,,,,,
360086,SPRINGFIELD REGIONAL MEDICAL CENTER,SPRINGFIELD,OH,2,90,88,84,81
360211,TRINITY MEDICAL CTR EAST &TRINITY MEDICAL CTR WEST,STEUBENVILLE,OH,2,91,91,82,82
360089,MERCY HEALTH - TIFFIN HOSPITAL,TIFFIN,OH,4,94,93,89,88
360112,MERCY ST VINCENT MEDICAL CENTER,TOLEDO,OH,3,92,89,85,87
363309,"NATIONWIDE CHILDREN'S HOSPITAL TOLEDO, LLC",TOLEDO,OH,,,,,
360068,PROMEDICA TOLEDO HOSPITAL,TOLEDO,OH,3,91,88,88,87
360048,UNIVERSITY OF TOLEDO MEDICAL CENTER,TOLEDO,OH,3,91,88,85,85
360368,KETTERING HEALTH TROY,TROY,OH,5,95,95,90,96
360174,UPPER VALLEY MEDICAL CENTER,TROY,OH,3,91,89,87,86
361329,WYANDOT MEMORIAL HOSPITAL,UPPER SANDUSKY,OH,4,93,91,91,89
361312,MERCY HEALTH - URBANA HOSPITAL,URBANA,OH,,,,,
360071,VAN WERT COUNTY HOSPITAL,VAN WERT,OH,4,95,92,87,87
360055,INSIGHT HOSPITAL AND MEDICAL CENTER TRUMBULL,WARREN,OH,,,,,
360161,MH ST JOSEPH WARREN HOSPITAL,WARREN,OH,2,89,89,85,84
360144,SOUTH POINTE HOSPITAL,WARRENSVILLE HEIGHTS,OH,3,91,90,84,85
361331,ADENA FAYETTE MEDICAL CENTER,WASHINGTON CH,OH,3,93,88,85,82
361333,FULTON COUNTY HEALTH CENTER,WAUSEON,OH,4,92,93,90,88
361334,ADENA PIKE MEDICAL CENTER,WAVERLY,OH,,,,,
360354,WEST CHESTER HOSPITAL,WEST CHESTER,OH,3,90,89,83,87
360012,MOUNT CARMEL ST ANN'S,WESTERVILLE,OH,2,89,90,84,86
360123,UH ST JOHN MEDICAL CENTER,WESTLAKE,OH,4,93,91,88,89
361310,MERCY HEALTH - WILLARD HOSPITAL,WILLARD,OH,,,,,
360175,CLINTON MEMORIAL HOSPITAL,WILMINGTON,OH,3,92,90,87,81
360036,WOOSTER COMMUNITY HOSPITAL,WOOSTER,OH,4,94,92,89,91
36006F,88th Medical Group (Wright-Patterson AFB),Wright-Patterson AFB,OH,5,97,96,93,95
360026,KETTERING HEALTH GREENE MEMORIAL,XENIA,OH,,,,,
360064,ST ELIZABETH YOUNGSTOWN HOSPITAL,YOUNGSTOWN,OH,2,90,88,83,80
360352,SURGICAL HOSPITAL AT SOUTHWOODS,YOUNGSTOWN,OH,5,96,95,93,97
360039,GENESIS HOSPITAL,ZANESVILLE,OH,4,93,92,90,89
370180,CHICKASAW NATION MEDICAL CENTER,ADA,OK,4,95,93,89,94
370020,MERCY HOSPITAL ADA,ADA,OK,3,93,90,86,87
370022,JACKSON COUNTY MEMORIAL HOSPITAL AUTHORITY,ALTUS,OK,4,93,92,88,89
371341,SHARE MEDICAL CENTER,ALVA,OK,,,,,
371314,THE PHYSICIANS' HOSPITAL IN ANADARKO,ANADARKO,OK,,,,,
370083,PUSHMATAHA HOSPITAL,ANTLERS,OK,,,,,
370247,EXCEPTIONAL COMMUNITY HOSPITAL ARDMORE,ARDMORE,OK,,,,,
370047,"MERCY HOSPITAL ARDMORE, INC",ARDMORE,OK,3,92,90,86,87
371300,ATOKA COUNTY MEDICAL CENTER,ATOKA,OK,,,,,
370018,ASCENSION ST JOHN JANE PHILLIPS,BARTLESVILLE,OK,4,92,92,83,87
371322,BEAVER COUNTY MEMORIAL HOSPITAL,BEAVER,OK,,,,,
373303,"THE CHILDREN'S CENTER, INC",BETHANY,OK,,,,,
370780,STILLWATER MEDICAL-BLACKWELL,BLACKWELL,OK,,,,,
371307,CIMARRON MEMORIAL HOSPITAL,BOISE CITY,OK,,,,,
370246,CARRUS LAKESIDE HOSPITAL,BRISTOW,OK,,,,,
370235,ASCENSION ST JOHN BROKEN ARROW,BROKEN ARROW,OK,4,93,94,87,90
370781,HARPER COUNTY COMMUNITY HOSPITAL,BUFFALO,OK,,,,,
371334,CARNEGIE TRI-COUNTY MUNICIPAL HOSPITAL,CARNEGIE,OK,,,,,
371303,ROGER MILLS MEMORIAL HOSPITAL,CHEYENNE,OK,,,,,
370054,GRADY MEMORIAL HOSPITAL,CHICKASHA,OK,3,92,90,91,86
370173,CLAREMORE INDIAN HOSPITAL,CLAREMORE,OK,,,,,
370039,HILLCREST HOSPITAL CLAREMORE,CLAREMORE,OK,3,91,89,79,87
371320,CLEVELAND AREA HOSPITAL,CLEVELAND,OK,,,,,
370245,CLINTON REGIONAL HOSPITAL,CLINTON,OK,,,,,
371319,"COAL COUNTY GENERAL HOSPITAL, INC.",COALGATE,OK,,,,,
371325,CORDELL MEMORIAL HOSPITAL,CORDELL,OK,,,,,
370099,HILLCREST HOSPITAL CUSHING,CUSHING,OK,,,,,
371331,DRUMRIGHT REGIONAL HOSPITAL,DRUMRIGHT,OK,,,,,
370023,"DUNCAN REGIONAL HOSPITAL, INC",DUNCAN,OK,3,91,92,88,86
370014,ALLIANCEHEALTH DURANT,DURANT,OK,2,90,87,79,78
370236,INTEGRIS HEALTH EDMOND HOSPITAL,EDMOND,OK,3,91,91,86,92
370225,"SUMMIT MEDICAL CENTER, LLC",EDMOND,OK,5,96,94,89,95
370019,GREAT PLAINS REGIONAL MEDICAL CENTER,ELK CITY,OK,3,91,91,86,86
370016,INTEGRIS HEALTH ENID HOSPITAL,ENID,OK,3,92,91,88,86
370026,ST MARY'S REGIONAL MEDICAL CENTER,ENID,OK,4,92,91,85,88
371318,RURAL WELLNESS FAIRFAX HOSPITAL,FAIRFAX,OK,,,,,
371329,FAIRVIEW REGIONAL MEDICAL CENTER AUTHORITY,FAIRVIEW,OK,,,,,
370113,INTEGRIS GROVE HOSPITAL,GROVE,OK,4,94,93,88,86
371317,MERCY HOSPITAL LOGAN COUNTY,GUTHRIE,OK,,,,,
371340,MEMORIAL HOSPITAL OF TEXAS COUNTY AUTHORITY,GUYMON,OK,,,,,
371310,"MERCY HOSPITAL HEALDTON, INC.",HEALDTON,OK,,,,,
370183,HILLCREST HOSPITAL HENRYETTA,HENRYETTA,OK,,,,,
370783,ELKVIEW GENERAL HOSPITAL,HOBART,OK,,,,,
371321,HOLDENVILLE GENERAL HOSPITAL,HOLDENVILLE,OK,,,,,
371338,HARMON MEMORIAL HOSPITAL,HOLLIS,OK,,,,,
370100,CHOCTAW MEMORIAL HOSPITAL,HUGO,OK,,,,,
371342,MCCURTAIN MEMORIAL HOSPITAL,IDABEL,OK,,,,,
371313,"MERCY HOSPITAL KINGFISHER, INC",KINGFISHER,OK,,,,,
370170,LAWTON INDIAN HOSPITAL,LAWTON,OK,,,,,
370056,MEMORIAL HEALTH,LAWTON,OK,2,88,88,84,82
370097,SOUTHWESTERN MEDICAL CENTER,LAWTON,OK,2,89,88,80,88
370214,LINDSAY MUNICIPAL HOSPITAL,LINDSAY,OK,,,,,
371326,ALLIANCEHEALTH MADILL,MADILL,OK,,,,,
371330,MANGUM REGIONAL MEDICAL CENTER,MANGUM,OK,,,,,
371306,MERCY HOSPITAL MARIETTA,MARIETTA,OK,,,,,
370034,MCALESTER REGIONAL HEALTH CENTER,MCALESTER,OK,3,91,90,82,79
370004,INTEGRIS MIAMI HOSPITAL,MIAMI,OK,4,95,94,88,86
370094,SSM HEALTH ST ANTHONY HOSPITAL - MIDWEST,MIDWEST CITY,OK,2,89,89,78,79
37012F,MUSKOGEE VA MEDICAL CENTER,MUSKOGEE,OK,4,93,94,90,91
370025,SAINT FRANCIS HOSPITAL MUSKOGEE,MUSKOGEE,OK,3,91,90,88,88
373300,J D MCCARTY CENTER FOR CHILDREN,NORMAN,OK,,,,,
370008,NORMAN REGIONAL,NORMAN,OK,3,90,90,84,85
371305,ASCENSION ST JOHN NOWATA,NOWATA,OK,,,,,
371327,OKEENE MUNICIPAL HOSPITAL,OKEENE,OK,,,,,
371333,CREEK NATION COMMUNITY HOSPITAL,OKEMAH,OK,,,,,
370203,"COMMUNITY HOSPITAL, LLC",OKLAHOMA CITY,OK,4,91,93,88,89
370028,"INTEGRIS BAPTIST MEDICAL CENTER, INC",OKLAHOMA CITY,OK,3,89,90,85,88
370240,INTEGRIS COMMUNITY HOSPITAL - COUNCIL CROSSING,OKLAHOMA CITY,OK,,,,,
370106,INTEGRIS SOUTHWEST MEDICAL CENTER,OKLAHOMA CITY,OK,3,90,90,85,84
370199,"LAKESIDE WOMEN'S HOSPITAL, A MEMBER OF INTEGRIS HE",OKLAHOMA CITY,OK,4,93,93,91,91
370222,MCBRIDE ORTHOPEDIC HOSPITAL,OKLAHOMA CITY,OK,4,93,94,91,94
370013,"MERCY HOSPITAL OKLAHOMA CITY, INC",OKLAHOMA CITY,OK,3,91,91,87,91
370192,NORTHWEST SURGICAL HOSPITAL,OKLAHOMA CITY,OK,,,,,
370093,O U MEDICAL CENTER,OKLAHOMA CITY,OK,2,88,89,82,82
370212,OKLAHOMA CENTER FOR ORTHOPAEDIC & MULTI-SP,OKLAHOMA CITY,OK,,,,,
37014F,OKLAHOMA CITY VA MEDICAL CENTER,OKLAHOMA CITY,OK,4,90,90,91,88
370234,"OKLAHOMA HEART HOSPITAL SOUTH, LLC",OKLAHOMA CITY,OK,5,95,93,89,97
370215,"OKLAHOMA HEART HOSPITAL, LLC",OKLAHOMA CITY,OK,5,95,95,88,96
370206,OKLAHOMA SPINE HOSPITAL,OKLAHOMA CITY,OK,4,92,92,86,92
370220,ONECORE HEALTH,OKLAHOMA CITY,OK,,,,,
370037,SSM HEALTH ST ANTHONY HOSPITAL - OKLAHOMA CITY,OKLAHOMA CITY,OK,3,91,92,85,85
370201,SURGICAL HOSPITAL OF OKLAHOMA,OKLAHOMA CITY,OK,,,,,
370057,MUSCOGEE (CREEK) NATION MEDICAL CENTER,OKMULGEE,OK,,,,,
370228,"BAILEY MEDICAL CENTER, LLC",OWASSO,OK,4,94,94,88,94
370227,ST JOHN OWASSO,OWASSO,OK,3,92,92,86,92
370243,VALLEY COMMUNITY HOSPITAL,PAULS VALLEY,OK,,,,,
371309,"PAWHUSKA HOSPITAL, INC",PAWHUSKA,OK,,,,,
370779,STILLWATER MEDICAL - PERRY,PERRY,OK,,,,,
370006,INTEGRIS HEALTH PONCA CITY,PONCA CITY,OK,3,90,90,82,81
371337,EASTERN OKLAHOMA MEDICAL CENTER,POTEAU,OK,,,,,
371301,PRAGUE REGIONAL MEMORIAL HOSPITAL,PRAGUE,OK,,,,,
370015,HILLCREST HOSPITAL PRYOR,PRYOR,OK,,,,,
370158,PURCELL MUNICIPAL HOSPITAL,PURCELL,OK,,,,,
370112,SEQUOYAH COUNTY-CITY OF SALLISAW HOSPITAL AUTHORIT,SALLISAW,OK,,,,,
371312,ASCENSION ST JOHN SAPULPA,SAPULPA,OK,,,,,
371332,SEILING MUNICIPAL HOSPITAL,SEILING,OK,,,,,
371336,NEWMAN MEMORIAL HOSPITAL,SHATTUCK,OK,,,,,
370149,SSM HEALTH ST ANTHONY HOSPITAL - SHAWNEE,SHAWNEE,OK,4,94,93,83,85
371335,"HASKELL REGIONAL HOSPITAL, INC",STIGLER,OK,,,,,
370049,STILLWATER MEDICAL CENTER,STILLWATER,OK,4,92,93,89,90
370178,MEMORIAL HOSPITAL,STILWELL,OK,,,,,
371316,RURAL WELLNESS STROUD HOSPITAL,STROUD,OK,,,,,
371328,ARBUCKLE MEMORIAL HOSPITAL,SULPHUR,OK,,,,,
370171,CHEROKEE NATION W W HASTINGS INDIAN HOSPITAL,TAHLEQUAH,OK,3,92,92,86,88
370089,NORTHEASTERN HEALTH SYSTEM,TAHLEQUAH,OK,3,91,89,85,83
370172,CHOCTAW NATION HEALTH SERVICES AUTHORITY,TALIHINA,OK,,,,,
371304,MERCY HOSPITAL TISHOMINGO INC,TISHOMINGO,OK,,,,,
370114,ASCENSION ST JOHN MEDICAL CENTER,TULSA,OK,2,86,87,79,83
370244,COUNCIL OAK COMPREHENSIVE HEALTHCARE,TULSA,OK,,,,,
370202,HILLCREST HOSPITAL SOUTH,TULSA,OK,3,90,90,82,88
370001,HILLCREST MEDICAL CENTER,TULSA,OK,3,90,88,82,86
370078,OKLAHOMA STATE UNIVERSITY MEDICAL CENTER,TULSA,OK,3,90,91,84,87
370210,"OKLAHOMA SURGICAL HOSPITAL, LLC",TULSA,OK,4,92,92,86,91
370218,"SAINT FRANCIS HOSPITAL SOUTH, LLC",TULSA,OK,4,92,89,87,92
370091,"SAINT FRANCIS HOSPITAL, INC",TULSA,OK,3,91,90,87,92
370216,TULSA SPINE & SPECIALTY HOSPITAL,TULSA,OK,5,97,95,89,96
370237,"SAINT FRANCIS HOSPITAL VINITA, INC",VINITA,OK,4,93,93,89,92
370166,WAGONER COMMUNITY HOSPITAL,WAGONER,OK,,,,,
371302,"MERCY HOSPITAL WATONGA, INC",WATONGA,OK,,,,,
371311,JEFFERSON COUNTY HOSPITAL,WAURIKA,OK,,,,,
371323,"WEATHERFORD REGIONAL HOSPITAL, INC OF WEATHERFORD",WEATHERFORD,OK,,,,,
370002,ALLIANCEHEALTH WOODWARD,WOODWARD,OK,3,91,90,81,84
370211,INTEGRIS CANADIAN VALLEY HOSPITAL,YUKON,OK,3,91,91,83,88
380022,SAMARITAN ALBANY GENERAL HOSPITAL,ALBANY,OR,4,93,95,91,89
380005,ASANTE ASHLAND COMMUNITY HOSPITAL,ASHLAND,OR,4,93,91,89,91
381320,COLUMBIA MEMORIAL HOSPITAL,ASTORIA,OR,4,93,92,90,91
381315,ST. ALPHONSUS MEDICAL CENTER - BAKER CITY,BAKER CITY,OR,,,,,
381304,SOUTHERN COOS HOSPITAL & HEALTH CENTER,BANDON,OR,,,,,
380047,ST CHARLES MEDICAL CENTER - BEND,BEND,OR,4,93,92,86,91
381307,HARNEY DISTRICT HOSPITAL,BURNS,OR,,,,,
380091,KAISER SUNNYSIDE MEDICAL CENTER,CLACKAMAS,OR,3,91,92,89,88
380090,BAY AREA HOSPITAL,COOS BAY,OR,3,91,89,86,86
381312,COQUILLE VALLEY HOSPITAL,COQUILLE,OR,,,,,
380014,GOOD SAMARITAN REGIONAL MEDICAL CENTER,CORVALLIS,OR,4,93,92,90,88
381301,PEACEHEALTH COTTAGE GROVE COMMUNITY MEDICAL CENTER,COTTAGE GROVE,OR,,,,,
381308,SALEM HEALTH WEST VALLEY HOSPITAL,DALLAS,OR,,,,,
381306,WALLOWA MEMORIAL HOSPITAL,ENTERPRISE,OR,,,,,
381316,PEACE HARBOR MEDICAL CENTER,FLORENCE,OR,5,95,96,90,92
381322,CURRY GENERAL HOSPITAL,GOLD BEACH,OR,,,,,
380002,ASANTE THREE RIVERS MEDICAL CENTER,GRANTS PASS,OR,4,92,90,89,87
380025,LEGACY MOUNT HOOD MEDICAL CENTER,GRESHAM,OR,3,91,91,86,87
381310,PIONEER MEMORIAL HOSPITAL,HEPPNER,OR,,,,,
381325,GOOD SHEPHERD MEDICAL CENTER,HERMISTON,OR,3,91,92,85,86
380021,HILLSBORO MEDICAL CENTER,HILLSBORO,OR,3,90,91,86,84
380103,KAISER FOUNDATION HOSPITAL WESTSIDE,HILLSBORO,OR,4,92,93,90,92
381318,PROVIDENCE HOOD RIVER MEMORIAL HOSPITAL,HOOD RIVER,OR,4,94,94,87,93
381305,BLUE MOUNTAIN HOSPITAL,JOHN DAY,OR,,,,,
380050,SKY LAKES MEDICAL CENTER,KLAMATH FALLS,OR,3,92,91,87,86
381321,GRANDE RONDE HOSPITAL,LA GRANDE,OR,5,95,94,90,90
381309,LAKE DISTRICT HOSPITAL,LAKEVIEW,OR,,,,,
381323,SAMARITAN LEBANON COMMUNITY HOSPITAL,LEBANON,OR,4,94,93,90,90
381302,SAMARITAN NORTH LINCOLN HOSPITAL,LINCOLN CITY,OR,4,95,92,88,88
381324,ST CHARLES MADRAS,MADRAS,OR,,,,,
380071,WILLAMETTE VALLEY MEDICAL CENTER,MCMINNVILLE,OR,3,91,93,84,85
380018,ASANTE ROGUE REGIONAL MEDICAL CENTER,MEDFORD,OR,3,91,91,86,89
380075,PROVIDENCE MEDFORD MEDICAL CENTER,MEDFORD,OR,3,92,90,88,91
380082,PROVIDENCE MILWAUKIE HOSPITAL,MILWAUKIE,OR,3,91,92,86,86
380037,PROVIDENCE NEWBERG MEDICAL CENTER,NEWBERG,OR,4,92,94,87,93
381314,SAMARITAN PACIFIC COMMUNITY HOSPITAL,NEWPORT,OR,4,94,91,90,90
380052,SAINT ALPHONSUS MEDICAL CENTER ONTARIO,ONTARIO,OR,4,92,91,84,88
380038,PROVIDENCE WILLAMETTE FALLS MEDICAL CENTER,OREGON CITY,OR,4,92,92,88,88
381319,ST ANTHONY HOSPITAL,PENDLETON,OR,4,95,94,86,89
380060,ADVENTIST HEALTH PORTLAND,PORTLAND,OR,3,90,90,86,88
380007,LEGACY EMANUEL MEDICAL CENTER,PORTLAND,OR,3,91,91,86,88
380017,LEGACY GOOD SAMARITAN MEDICAL CENTER,PORTLAND,OR,4,91,92,88,88
380009,OHSU HOSPITAL AND CLINICS,PORTLAND,OR,3,92,91,87,89
38003F,PORTLAND VA MEDICAL CENTER,PORTLAND,OR,4,94,93,90,92
380061,PROVIDENCE PORTLAND MEDICAL CENTER,PORTLAND,OR,4,93,92,90,91
380004,PROVIDENCE ST VINCENT MEDICAL CENTER,PORTLAND,OR,4,91,91,87,92
383300,SHRINERS HOSPITAL FOR CHILDREN - PORTLAND,PORTLAND,OR,,,,,
381313,ST CHARLES MEDICAL CENTER PRINEVILLE,PRINEVILLE,OR,5,94,95,92,90
381311,LOWER UMPQUA HOSPITAL DISTRICT,REEDSPORT,OR,,,,,
380027,MERCY MEDICAL CENTER,ROSEBURG,OR,3,91,90,85,83
38004F,VA ROSEBURG HEALTHCARE SYSTEM,ROSEBURG,OR,,,,,
380051,SALEM HOSPITAL,SALEM,OR,3,91,91,87,87
381303,PROVIDENCE SEASIDE HOSPITAL,SEASIDE,OR,4,93,94,91,91
380029,LEGACY SILVERTON MEDICAL CENTER,SILVERTON,OR,4,92,92,87,91
380020,MCKENZIE-WILLAMETTE MEDICAL CENTER,SPRINGFIELD,OR,4,92,90,88,91
380102,SACRED HEART MEDICAL CENTER - RIVERBEND,SPRINGFIELD,OR,4,92,90,88,91
380056,SANTIAM HOSPITAL & CLINICS,STAYTON,OR,4,93,94,89,90
380001,MID-COLUMBIA MEDICAL CENTER,THE DALLES,OR,4,94,93,89,83
381317,ADVENTIST HEALTH TILLAMOOK,TILLAMOOK,OR,4,92,90,91,88
380089,LEGACY MERIDIAN PARK MEDICAL CENTER,TUALATIN,OR,3,92,91,86,89
390231,JEFFERSON ABINGTON HOSPITAL,ABINGTON,PA,2,90,87,83,83
390133,LEHIGH VALLEY HOSPITAL,ALLENTOWN,PA,3,90,89,86,87
39001F,JAMES E. VAN ZANDT VA MEDICAL CENTER (ALTOONA),ALTOONA,PA,5,95,91,91,93
390073,UPMC ALTOONA,ALTOONA,PA,3,91,89,87,78
390036,HERITAGE VALLEY BEAVER,BEAVER,PA,3,91,89,85,81
390322,ROTHMAN ORTHOPAEDIC SPECIALTY HOSPITAL,BENSALEM,PA,4,95,93,91,93
390049,ST LUKES HOSPITAL,BETHLEHEM,PA,4,93,92,88,89
390003,GEISINGER-BLOOMSBURG HOSPITAL,BLOOMSBURG,PA,4,94,94,87,91
390070,LOWER BUCKS HOSPITAL,BRISTOL,PA,2,87,83,76,81
391312,PENN HIGHLANDS BROOKVILLE,BROOKVILLE,PA,4,94,92,89,89
390139,BRYN MAWR HOSPITAL,BRYN MAWR,PA,4,93,91,88,92
390168,INDEPENDENCE HEALTH SYSTEM BUTLER MEMORIAL HOSPITA,BUTLER,PA,4,93,92,88,89
390004,PENN STATE HEALTH HOLY SPIRIT MEDICAL CENTER,CAMP HILL,PA,2,88,86,83,82
390160,CANONSBURG GENERAL HOSPITAL,CANONSBURG,PA,4,95,93,85,91
390058,UPMC CARLISLE,CARLISLE,PA,3,91,89,87,86
390151,WELLSPAN CHAMBERSBURG HOSPITAL,CHAMBERSBURG,PA,3,92,89,83,84
390093,CLARION HOSPITAL,CLARION,PA,4,94,95,87,86
390183,ST LUKE'S MINERS MEMORIAL HOSPITAL,COALDALE,PA,4,94,93,89,92
39004F,COATESVILLE VA MEDICAL CENTER,COATESVILLE,PA,,,,,
390184,PENN HIGHLANDS CONNELLSVILLE,CONNELLSVILLE,PA,,,,,
391308,LECOM HEALTH CORRY MEMORIAL HOSPITAL,CORRY,PA,,,,,
391313,UPMC COLE,COUDERSPORT,PA,4,94,91,87,88
390006,GEISINGER MEDICAL CENTER,DANVILLE,PA,4,93,91,88,89
390156,MERCY CATHOLIC MEDICAL CENTER- MERCY FITZGERALD,DARBY,PA,2,88,89,81,80
390338,LEHIGH VALLEY HOSPITAL - DICKSON CITY,DICKSON CITY,PA,4,93,93,88,93
390203,DOYLESTOWN HOSPITAL,DOYLESTOWN,PA,4,93,92,87,92
390086,PENN HIGHLANDS DUBOIS,DUBOIS,PA,2,89,88,86,80
390278,EAGLEVILLE HOSPITAL,EAGLEVILLE,PA,,,,,
390329,JEFFERSON EINSTEIN MONTGOMERY HOSPITAL,EAST NORRITON,PA,3,90,89,86,83
390201,LEHIGH VALLEY HOSPITAL - POCONO,EAST STROUDSBURG,PA,3,92,91,83,86
390162,ST LUKE'S HOSPITAL - EASTON CAMPUS,EASTON,PA,4,94,94,86,90
390336,PENN STATE HEALTH HAMPDEN MEDICAL CENTER,ENOLA,PA,4,92,89,88,91
390225,WELLSPAN EPHRATA COMMUNITY HOSPITAL,EPHRATA,PA,3,92,91,89,86
39005F,ERIE VA MEDICAL CENTER,ERIE,PA,,,,,
390198,LECOM MEDICAL CENTER AND BEHAVIORAL HEALTH PAV,ERIE,PA,,,,,
390009,SAINT VINCENT HOSPITAL,ERIE,PA,3,91,90,85,89
390063,UPMC HAMOT,ERIE,PA,3,91,90,86,89
390117,UPMC BEDFORD MEMORIAL,EVERETT,PA,4,95,89,90,86
390065,GETTYSBURG HOSPITAL,GETTYSBURG,PA,3,92,90,85,86
390333,"AHN EMERUS WESTMORELAND, LLC",GREENSBURG,PA,5,97,96,88,95
390145,EXCELA HEALTH WESTMORELAND REGIONAL HOSPITAL,GREENSBURG,PA,2,89,88,84,81
390178,UPMC HORIZON,GREENVILLE,PA,4,93,91,89,88
390266,GROVE CITY MEDICAL CENTER,GROVE CITY,PA,3,92,88,86,87
390233,UPMC HANOVER,HANOVER,PA,4,93,91,87,88
390067,UPMC PINNACLE HOSPITALS,HARRISBURG,PA,3,93,91,87,89
391317,CONEMAUGH MINERS MEDICAL CENTER,HASTINGS,PA,5,96,95,83,92
390185,LEHIGH VALLEY HOSPITAL - HAZLETON,HAZLETON,PA,3,90,89,84,80
390256,MILTON S HERSHEY MEDICAL CENTER,HERSHEY,PA,3,92,91,89,91
390125,WAYNE MEMORIAL HOSPITAL,HONESDALE,PA,3,90,90,89,84
390056,PENN HIGHLANDS HUNTINGDON,HUNTINGDON,PA,3,91,91,86,83
390173,INDIANA REGIONAL MEDICAL CENTER,INDIANA,PA,3,90,89,87,82
390265,JEFFERSON HOSPITAL,JEFFERSON HILLS,PA,3,92,91,85,90
391300,GEISINGER JERSEY SHORE HOSPITAL,JERSEY SHORE,PA,5,95,93,92,93
390110,CONEMAUGH MEMORIAL MEDICAL CENTER,JOHNSTOWN,PA,2,90,88,85,77
391318,UPMC KANE,KANE,PA,,,,,
390163,ACMH HOSPITAL,KITTANNING,PA,3,91,91,90,84
390100,LANCASTER GENERAL HOSPITAL,LANCASTER,PA,3,92,91,88,89
390339,PENN STATE HEALTH LANCASTER MEDICAL CENTER,LANCASTER,PA,3,92,90,86,91
390258,ST MARY MEDICAL CENTER,LANGHORNE,PA,2,90,89,82,83
390012,JEFFERSON LANSDALE HOSPITAL,LANSDALE,PA,2,90,89,82,81
390219,EXCELA HEALTH LATROBE HOSPITAL,LATROBE,PA,3,92,92,86,86
39006F,LEBANON VA MEDICAL CENTER,LEBANON,PA,5,96,95,94,95
390066,WELLSPAN GOOD SAMARITAN HOSPITAL,LEBANON,PA,3,92,91,89,85
390335,ST LUKE'S HOSPITAL - CARBON CAMPUS,LEHIGHTON,PA,4,95,94,87,94
390013,WELLSPAN EVANGELICAL COMMUNITY HOSPITAL,LEWISBURG,PA,4,94,92,87,91
390048,GEISINGER-LEWISTOWN HOSPITAL,LEWISTOWN,PA,4,94,92,88,86
390068,UPMC LITITZ,LITITZ,PA,4,92,92,88,91
390430,LEHIGH VALLEY HOSPITAL - MACUNGIE,MACUNGIE,PA,4,96,95,86,93
390002,UPMC MCKEESPORT HOSPITAL,MC KEESPORT,PA,2,89,88,87,81
391303,FULTON COUNTY MEDICAL CENTER,MCCONNELLSBURG,PA,,,,,
390097,HOLY REDEEMER HOSPITAL AND MEDICAL CENTER,MEADOWBROOK,PA,2,90,88,80,86
390113,MEADVILLE MEDICAL CENTER,MEADVILLE,PA,3,93,92,85,86
390222,RIDDLE MEMORIAL HOSPITAL,MEDIA,PA,3,92,90,89,89
391302,CONEMAUGH MEYERSDALE MEDICAL CENTER,MEYERSDALE,PA,,,,,
390147,PENN HIGHLANDS MON VALLEY,MONONGAHELA,PA,2,89,90,83,75
390267,FORBES HOSPITAL,MONROEVILLE,PA,3,91,91,88,85
390328,UPMC EAST,MONROEVILLE,PA,3,94,91,86,89
391306,ENDLESS MOUNTAINS HEALTH SYSTEMS,MONTROSE,PA,,,,,
390217,EXCELA HEALTH - FRICK HOSPITAL,MOUNT PLEASANT,PA,3,92,90,89,85
390337,GEISINGER MEDICAL CENTER MUNCY,MUNCY,PA,4,95,94,93,96
391301,UPMC MUNCY,MUNCY,PA,5,96,93,91,94
390032,ALLEGHENY VALLEY HOSPITAL,NATRONA,PA,3,92,91,87,83
390016,UPMC JAMESON,NEW CASTLE,PA,3,91,90,88,83
390116,SUBURBAN COMMUNITY HOSPITAL,NORRISTOWN,PA,3,92,93,85,86
390272,VALLEY FORGE MEDICAL CENTER,NORRISTOWN,PA,,,,,
390332,GEISINGER ST. LUKE'S  HOSPITAL,ORWIGSBURG,PA,5,94,94,90,94
390153,PAOLI HOSPITAL,PAOLI,PA,4,93,90,87,91
393303,CHILDREN'S HOSPITAL OF PHILADELPHIA,PHILADELPHIA,PA,,,,,
390111,HOSPITAL OF UNIV OF PENNSYLVANIA,PHILADELPHIA,PA,4,94,92,89,93
390142,JEFFERSON EINSTEIN PHILADELPHIA HOSPITAL,PHILADELPHIA,PA,3,90,90,83,81
390115,JEFFERSON HEALTH- NORTHEAST,PHILADELPHIA,PA,3,90,89,84,83
390025,KENSINGTON HOSPITAL,PHILADELPHIA,PA,,,,,
390204,NAZARETH HOSPITAL,PHILADELPHIA,PA,2,88,87,84,75
390223,PENN PRESBYTERIAN MEDICAL CENTER,PHILADELPHIA,PA,3,93,91,87,88
390226,PENNSYLVANIA HOSPITAL,PHILADELPHIA,PA,3,90,91,87,87
39009F,PHILADELPHIA VA MEDICAL CENTER,PHILADELPHIA,PA,3,90,93,86,85
390304,ROXBOROUGH MEMORIAL HOSPITAL,PHILADELPHIA,PA,2,87,88,76,80
393309,SHRINERS HOSPITALS FOR CHILDREN - PHILADELPHIA,PHILADELPHIA,PA,,,,,
393307,ST CHRISTOPHER'S HOSPITAL FOR CHILDREN,PHILADELPHIA,PA,,,,,
390026,TEMPLE HEALTH - CHESTNUT HILL HOSPITAL,PHILADELPHIA,PA,2,87,90,77,77
390027,TEMPLE UNIVERSITY HOSPITAL,PHILADELPHIA,PA,3,89,90,85,85
390174,THOMAS JEFFERSON UNIVERSITY HOSPITAL,PHILADELPHIA,PA,3,92,91,86,86
390331,WILLS EYE HOSPITAL,PHILADELPHIA,PA,,,,,
390127,PHOENIXVILLE HOSPITAL,PHOENIXVILLE,PA,3,93,91,86,89
390050,ALLEGHENY GENERAL HOSPITAL,PITTSBURGH,PA,3,91,90,87,87
393304,CHILDREN'S HOME OF PITTSBURGH,PITTSBURGH,PA,,,,,
390114,MAGEE WOMENS HOSPITAL OF UPMC HEALTH SYSTEM,PITTSBURGH,PA,4,93,91,88,91
390228,ST CLAIR HOSPITAL,PITTSBURGH,PA,3,93,94,88,89
393302,UPMC CHILDREN'S HOSPITAL OF PITTSBURGH,PITTSBURGH,PA,,,,,
390028,UPMC MERCY,PITTSBURGH,PA,3,92,89,88,88
390107,UPMC PASSAVANT,PITTSBURGH,PA,4,94,92,88,92
390164,UPMC PRESBYTERIAN SHADYSIDE,PITTSBURGH,PA,3,92,91,89,88
390102,UPMC ST MARGARET,PITTSBURGH,PA,3,92,93,87,90
39012F,VA PITTSBURGH HEALTHCARE SYSTEM - UNIV DR,PITTSBURGH,PA,4,93,93,86,90
390090,WEST PENN HOSPITAL,PITTSBURGH,PA,4,94,91,88,89
390123,POTTSTOWN HOSPITAL,POTTSTOWN,PA,2,90,88,82,80
390030,SCHUYLKILL MEDICAL CENTER - SOUTH JACKSON STREET,POTTSVILLE,PA,3,93,91,84,83
390199,PUNXSUTAWNEY AREA HOSPITAL,PUNXSUTAWNEY,PA,4,94,95,92,90
390035,ST LUKE'S HOSPITAL - UPPER BUCKS CAMPUS,QUAKERTOWN,PA,4,94,91,87,92
390096,PENN STATE HEALTH ST. JOSEPH,READING,PA,3,91,90,89,89
391304,BUCKTAIL MEDICAL CENTER,RENOVO,PA,,,,,
390062,CONEMAUGH NASON MEDICAL CENTER,ROARING SPRING,PA,4,94,94,87,92
390324,PHYSICIANS CARE SURGICAL HOSPITAL,ROYERSFORD,PA,5,97,94,93,94
391315,PENN HIGHLANDS ELK,SAINT MARYS,PA,4,94,91,90,84
390079,ROBERT PACKER HOSPITAL,SAYRE,PA,3,92,91,87,89
390001,GEISINGER-COMMUNITY MEDICAL CENTER,SCRANTON,PA,3,91,89,85,84
390237,REGIONAL HOSPITAL OF SCRANTON,SCRANTON,PA,3,91,91,86,84
390057,ST LUKE'S HOSPITAL - GRAND VIEW CAMPUS,SELLERSVILLE,PA,4,92,91,88,87
390091,UPMC NORTHWEST,SENECA,PA,3,92,90,87,84
390037,HERITAGE VALLEY SEWICKLEY,SEWICKLEY,PA,3,92,92,84,87
390211,SHARON REGIONAL MEDICAL CENTER,SHARON,PA,,,,,
390039,UPMC SOMERSET,SOMERSET,PA,4,93,90,93,87
390268,MOUNT NITTANY MEDICAL CENTER,STATE COLLEGE,PA,4,93,93,89,88
390330,ST LUKE'S HOSPITAL - MONROE CAMPUS,STROUDSBURG,PA,3,91,92,85,90
391309,BARNES-KASSON COUNTY HOSPITAL,SUSQUEHANNA,PA,,,,,
391314,TITUSVILLE AREA HOSPITAL,TITUSVILLE,PA,4,96,95,88,93
390307,EDGEWOOD SURGICAL HOSPITAL,TRANSFER,PA,,,,,
391305,TROY COMMUNITY HOSPITAL,TROY,PA,,,,,
391307,PENN HIGHLANDS TYRONE,TYRONE,PA,4,95,93,92,91
390041,UNIONTOWN HOSPITAL,UNIONTOWN,PA,3,91,90,84,82
390180,CROZER CHESTER MEDICAL CENTER,UPLAND,PA,,,,,
390146,WARREN GENERAL HOSPITAL,WARREN,PA,3,93,90,85,82
390323,ADVANCED SURGICAL HOSPITAL,WASHINGTON,PA,5,98,96,94,96
390042,"WASHINGTON HOSPITAL, THE",WASHINGTON,PA,3,93,91,85,87
390138,WELLSPAN WAYNESBORO HOSPITAL,WAYNESBORO,PA,4,94,92,90,91
390150,UPMC GREENE,WAYNESBURG,PA,,,,,
391316,UPMC WELLSBORO,WELLSBORO,PA,4,94,95,88,88
390179,CHESTER COUNTY HOSPITAL,WEST CHESTER,PA,4,94,92,87,92
390044,READING HOSPITAL,WEST READING,PA,3,91,89,84,85
390334,AHN WEXFORD HOSPITAL,WEXFORD,PA,4,95,93,89,95
390270,GEISINGER WYOMING VALLEY MEDICAL CENTER,WILKES BARRE,PA,2,90,88,85,83
39013F,WILKES BARRE VA MEDICAL CENTER,WILKES-BARRE,PA,5,95,93,90,93
390137,WILKES-BARRE GENERAL HOSPITAL,WILKES-BARRE,PA,3,90,89,84,80
390045,UPMC WILLIAMSPORT,WILLIAMSPORT,PA,4,93,92,90,89
390112,CHAN SOON- SHIONG MEDICAL CENTER AT WINDBER,WINDBER,PA,4,94,91,87,92
390195,MAIN LINE HOSPITAL LANKENAU,WYNNEWOOD,PA,4,93,91,88,91
390316,SURGICAL INSTITUTE OF READING,WYOMISSING,PA,5,97,95,91,95
390325,OSS ORTHOPAEDIC HOSPITAL,YORK,PA,5,97,94,95,96
390101,UPMC MEMORIAL,YORK,PA,3,90,90,85,89
390327,WELLSPAN SURGERY AND REHABILITATION HOSPITAL,YORK,PA,4,96,91,93,93
390046,WELLSPAN YORK HOSPITAL,YORK,PA,3,91,89,87,86
400079,HOSPITAL  COMUNITARIO BUEN SAMARITANO INC,AGUADILLA,PR,,,,,
400018,HOSPITAL MENONITA DE AIBONITO,AIBONITO,PR,,,,,
400117,HOSPITAL METROPOLITANO  DR SUSONI,ARECIBO,PR,,,,,
400087,HOSPITAL PAVIA ARECIBO,ARECIBO,PR,,,,,
400032,BAYAMON MEDICAL CENTER,BAYAMON,PR,1,83,88,72,77
400102,DOCTORS' CENTER BAYAMON,BAYAMON,PR,2,85,87,65,78
400109,HOSPITAL ESPANOL AUXILIO MUTUO SAN PABLO,BAYAMON,PR,,,,,
400105,HOSPITAL UNIVERSITARIO DR RUIZ ARNAU,BAYAMON,PR,,,,,
400138,PUERTO RICO WOMEN AND CHILDREN HOSPITAL LLC,BAYAMON,PR,,,,,
400130,HOSPITAL METROPOLITANO DE LA MONTANA,BDA NUEVA,PR,,,,,
400104,HOSPITAL MENONITA CAGUAS INC,CAGUAS,PR,,,,,
400120,HOSPITAL PAVIA CAGUAS,CAGUAS,PR,,,,,
400132,DOCTORS CENTER HOSPITAL  CAROLINA LLC,CAROLINA,PR,2,85,88,73,83
400112,"HOSPITAL UPR, DR  FEDERICO TRILLA",CAROLINA,PR,,,,,
400010,HOSPITAL GENERAL DE CASTANER,CASTANER,PR,,,,,
400013,HOSPITAL MENONITA DE CAYEY,CAYEY,PR,,,,,
400137,DOCTORS CENTER HOSPITAL ORLANDO HEALTH DORADO,DORADO,PR,3,91,91,74,88
400131,CARIBBEAN MEDICAL CENTER,FAJARDO,PR,,,,,
400141,CENTRO MEDICO DEL NORESTE,FAJARDO,PR,,,,,
400048,HOSPITAL MENONITA GUAYAMA,GUAYAMA,PR,,,,,
400122,PROFESSIONAL HOSPITAL GUAYNABO INC,GUAYNABO,PR,,,,,
400128,"HOSPITAL PAVIA HATO REY, INC",HATO REY,PR,,,,,
400005,HOPE MEDICAL CENTER,HUMACAO,PR,,,,,
400011,"HOSPITAL MENONITA HUMACAO, INC",HUMACAO,PR,,,,,
400007,RYDER MEMORIAL HOSPITAL INC,HUMACAO,PR,,,,,
400118,"DOCTORS' CENTER HOSPITAL, INC",MANATI,PR,2,89,90,73,88
400114,MANATI MEDICAL CENTER DR OTERO LOPEZ,MANATI,PR,2,89,91,76,86
400014,BELLA VISTA HOSPITAL,MAYAGUEZ,PR,,,,,
400123,HOSPITAL PEREA,MAYAGUEZ,PR,,,,,
400103,MAYAGUEZ MEDICAL CENTER DR RAMON EMETERIO BETANCES,MAYAGUEZ,PR,1,83,86,71,79
400111,HOSPITAL SAN CARLOS BORROMEO,MOCA,PR,,,,,
400022,HOSPITAL DAMAS INC,PONCE,PR,2,88,91,72,83
400044,HOSPITAL EPISCOPAL SAN LUCAS II,PONCE,PR,,,,,
400113,HOSPITAL MENONITA PONCE,PONCE,PR,,,,,
400003,HOSPITAL METROPOLITANO DR PILA,PONCE,PR,,,,,
400061,HOSPITAL UNIVERSITARIO DE ADULTO,RIO PIEDRAS,PR,,,,,
400015,SAN JUAN MUNICIPALITY HOSPITAL,RIO PIEDRAS,PR,,,,,
400021,HOSPITAL DE LA CONCEPCION,SAN GERMAN,PR,,,,,
400126,HOSPITAL METROPOLITANO DE SAN GERMAN,SAN GERMAN,PR,,,,,
400127,ASEM,SAN JUAN,PR,,,,,
400004,"ASOCIACION HOSPITAL DEL MAESTRO, INC",SAN JUAN,PR,,,,,
400016,AUXILIO MUTUO HOSPITAL,SAN JUAN,PR,,,,,
400124,CENTRO CARDIOVASCULAR DE PUERTO RICO Y EL CARIBE,SAN JUAN,PR,,,,,
400135,HOSPITAL  CENTRO COMPRENSIVO DEL CANCER,SAN JUAN,PR,,,,,
400139,HOSPITAL EPISCOPAL  SAN LUCAS METRO,SAN JUAN,PR,,,,,
400012,HOSPITAL ONCOLOGICO DR ISAAC GONZALEZ MARTINEZ,SAN JUAN,PR,,,,,
400019,HOSPITAL PAVIA SANTURCE,SAN JUAN,PR,,,,,
400098,HOSPITAL SAN FRANCISCO,SAN JUAN,PR,,,,,
400106,METROPOLITAN HOSPITAL,SAN JUAN,PR,,,,,
400001,PRESBYTERIAN COMMUNITY HOSPITAL,SAN JUAN,PR,,,,,
40003F,SAN JUAN VA MEDICAL CENTER,SAN JUAN,PR,4,91,94,84,90
400134,THE SAN JORGE HOSPITAL INC,SAN JUAN,PR,,,,,
403301,UNIVERSITY PEDIATRIC HOSPITAL,SAN JUAN,PR,,,,,
400006,DOCTOR'S CENTER DE SAN JUAN,SANTURCE,PR,2,88,89,73,84
400115,CENTRO MEDICO WILMA N VAZQUEZ,VEGA BAJA,PR,,,,,
400110,HOSPITAL PAVIA YAUCO,YAUCO,PR,,,,,
410006,NEWPORT HOSPITAL,NEWPORT,RI,3,93,91,85,89
410005,OUR LADY OF FATIMA HOSPITAL,NORTH PROVIDENCE,RI,3,93,89,86,87
41005F,PROVIDENCE VA MEDICAL CENTER,PROVIDENCE,RI,4,94,93,87,89
410007,RHODE ISLAND HOSPITAL,PROVIDENCE,RI,3,91,90,87,87
410004,ROGER WILLIAMS MEDICAL CENTER,PROVIDENCE,RI,3,88,89,88,83
410012,THE MIRIAM HOSPITAL,PROVIDENCE,RI,3,91,92,86,89
410010,WOMEN & INFANTS HOSPITAL OF RHODE ISLAND,PROVIDENCE,RI,4,92,92,88,88
410008,SOUTH COUNTY HOSPITAL INC,WAKEFIELD,RI,4,94,93,92,92
410009,KENT COUNTY MEMORIAL HOSPITAL,WARWICK,RI,3,92,92,89,84
410013,WESTERLY HOSPITAL,WESTERLY,RI,4,94,92,87,89
410011,LANDMARK MEDICAL CENTER,WOONSOCKET,RI,2,89,89,85,81
421301,ABBEVILLE AREA MEDICAL CENTER,ABBEVILLE,SC,,,,,
420082,AIKEN REGIONAL MEDICAL CENTER,AIKEN,SC,2,89,87,80,81
420027,ANMED HEALTH,ANDERSON,SC,3,93,92,86,87
420067,BEAUFORT COUNTY MEMORIAL HOSPITAL,BEAUFORT,SC,3,89,90,83,83
42009F,NH Beaufort,Beaufort,SC,,,,,
420048,KERSHAWHEALTH,CAMDEN,SC,3,88,89,85,80
420065,BON SECOURS-ST FRANCIS XAVIER HOSPITAL,CHARLESTON,SC,4,93,93,87,91
42029F,CHARLESTON VA MEDICAL CENTER,CHARLESTON,SC,4,93,94,90,92
420004,MUSC MEDICAL CENTER,CHARLESTON,SC,3,91,90,83,88
420087,ROPER HOSPITAL,CHARLESTON,SC,4,94,94,88,92
420079,TRIDENT MEDICAL CENTER,CHARLESTON,SC,3,90,90,84,84
420107,MCLEOD HEALTH CHERAW,CHERAW,SC,4,93,94,91,87
420019,MUSC HEALTH CHESTER MEDICAL CENTER,CHESTER,SC,2,87,89,81,78
420038,PRISMA HEALTH LAURENS COUNTY HOSPITAL,CLINTON,SC,4,92,93,87,85
42011F,COLUMBIA SC VA MEDICAL CENTER,COLUMBIA,SC,4,93,94,91,89
420026,MUSC HEALTH COLUMBIA MEDICAL CENTER DOWNTOWN,COLUMBIA,SC,3,91,91,83,86
420086,PRISMA HEALTH BAPTIST,COLUMBIA,SC,3,91,92,85,87
420106,PRISMA HEALTH BAPTIST PARKRIDGE,COLUMBIA,SC,3,92,92,83,89
420018,PRISMA HEALTH RICHLAND HOSPITAL,COLUMBIA,SC,3,89,90,83,85
420049,CONWAY MEDICAL CENTER,CONWAY,SC,3,90,92,85,87
420005,MCLEOD MEDICAL CENTER - DILLON,DILLON,SC,4,95,95,85,88
420015,PRISMA HEALTH BAPTIST EASLEY HOSPITAL,EASLEY,SC,3,91,91,86,84
421304,EDGEFIELD COUNTY HEALTHCARE AN AFFILIATE OF SELF R,EDGEFIELD,SC,,,,,
421300,ALLENDALE COUNTY HOSPITAL,FAIRFAX,SC,,,,,
420051,MCLEOD REGIONAL MEDICAL CENTER-PEE DEE,FLORENCE,SC,3,91,90,83,89
420091,MUSC HEALTH FLORENCE MEDICAL CENTER,FLORENCE,SC,3,92,91,83,88
420043,CHEROKEE MEDICAL CENTER,GAFFNEY,SC,4,95,94,87,86
420020,TIDELANDS GEORGETOWN MEMORIAL HOSPITAL,GEORGETOWN,SC,3,89,92,85,82
420102,PRISMA HEALTH  PATEWOOD HOSPITAL,GREENVILLE,SC,3,92,92,86,91
420078,PRISMA HEALTH GREENVILLE MEMORIAL HOSPITAL,GREENVILLE,SC,3,91,90,87,87
423300,SHRINERS HOSPITALS FOR CHILDREN,GREENVILLE,SC,,,,,
420023,ST FRANCIS-DOWNTOWN,GREENVILLE,SC,3,92,92,86,91
420071,SELF REGIONAL HEALTHCARE,GREENWOOD,SC,4,92,92,86,88
420103,PELHAM MEDICAL CENTER,GREER,SC,5,95,94,91,94
420101,COASTAL CAROLINA HOSPITAL,HARDEEVILLE,SC,3,91,91,81,83
420010,CAROLINA PINES REGIONAL MEDICAL CENTER,HARTSVILLE,SC,4,93,92,87,86
420080,NOVANT HEALTH HILTON HEAD MEDICAL CENTER,HILTON HEAD ISLAND,SC,2,88,89,79,79
420036,MUSC HEALTH LANCASTER MEDICAL CENTER,LANCASTER,SC,3,91,90,86,84
420105,MCLEOD LORIS  HOSPITAL,LORIS,SC,4,93,91,87,91
420109,MCLEOD HEALTH CLARENDON,MANNING,SC,4,93,94,87,85
420089,EAST COOPER MEDICAL CENTER,MOUNT PLEASANT,SC,4,93,92,86,90
420104,MOUNT PLEASANT HOSPITAL,MOUNT PLEASANT,SC,4,95,94,87,93
420055,MUSC HEALTH MARION MEDICAL CENTER,MULLINS,SC,4,95,93,88,88
420098,TIDELANDS WACCAMAW COMMUNITY HOSPITAL,MURRELLS INLET,SC,4,92,92,87,87
420085,GRAND STRAND REGIONAL MEDICAL CENTER,MYRTLE BEACH,SC,2,89,87,80,84
420053,NEWBERRY COUNTY MEMORIAL HOSPITAL,NEWBERRY,SC,4,93,93,87,91
420011,CANNON MEMORIAL HOSPITAL,PICKENS,SC,,,,,
420002,PIEDMONT MEDICAL CENTER,ROCK HILL,SC,2,86,87,80,75
420009,PRISMA HEALTH OCONEE MEMORIAL HOSPITAL,SENECA,SC,4,92,91,87,88
420037,PRISMA HEALTH HILLCREST HOSPITAL,SIMPSONVILLE,SC,4,93,93,89,88
420033,PRISMA HEALTH GREER MEMORIAL HOSPITAL,SPARTANBURG,SC,4,93,93,90,92
420007,SPARTANBURG MEDICAL CENTER,SPARTANBURG,SC,3,92,90,87,87
420110,ROPER ST FRANCIS HOSPITAL-BERKELEY INC,SUMMERVILLE,SC,4,93,92,87,92
420070,PRISMA HEALTH TUOMEY HOSPITAL,SUMTER,SC,3,91,91,85,81
420108,UNION MEDICAL CENTER,UNION,SC,,,,,
420072,HAMPTON REGIONAL MEDICAL CENTER,VARNVILLE,SC,,,,,
420030,COLLETON MEDICAL CENTER,WALTERBORO,SC,4,92,92,85,87
420073,LEXINGTON MEDICAL CENTER,WEST COLUMBIA,SC,4,93,92,87,92
430014,AVERA ST LUKES,ABERDEEN,SD,4,93,93,88,90
430097,SANFORD MEDICAL CENTER ABERDEEN,ABERDEEN,SD,3,93,92,88,90
431305,DOUGLAS COUNTY MEMORIAL HOSPITAL-CAH,ARMOUR,SD,,,,,
431318,BOWDLE HOSPITAL - CAH,BOWDLE,SD,,,,,
431312,MARSHALL COUNTY HEALTHCARE CENTER - CAH,BRITTON,SD,,,,,
430008,BROOKINGS HEALTH SYSTEM,BROOKINGS,SD,5,94,93,94,93
431309,COMMUNITY MEMORIAL HOSPITAL,BURKE,SD,,,,,
431333,SANFORD CANTON-INWOOD MEDICAL CENTER - CAH,CANTON,SD,,,,,
431329,SANFORD CHAMBERLAIN MEDICAL CENTER,CHAMBERLAIN,SD,,,,,
431307,SANFORD CLEAR LAKE MEDICAL CENTER,CLEAR LAKE,SD,,,,,
431323,MONUMENT HEALTH CUSTER HOSPITAL,CUSTER,SD,,,,,
430089,DUNES SURGICAL HOSPITAL,DAKOTA DUNES,SD,4,94,92,91,92
431332,AVERA DE SMET MEMORIAL HOSPITAL - CAH,DE SMET,SD,,,,,
431320,MONUMENT HEALTH LEAD-DEADWOOD HOSPITAL,DEADWOOD,SD,,,,,
431331,AVERA DELLS AREA HOSPITAL  - CAH,DELL RAPIDS,SD,,,,,
431383,EAGLE BUTTE INDIAN HEALTH SERVICE HOSPITAL,EAGLE BUTTE,SD,,,,,
431308,EUREKA COMMUNITY HEALTH SERVICES - CAH,EUREKA,SD,,,,,
431301,FAULKTON AREA MEDICAL CENTER,FAULKTON,SD,,,,,
431310,AVERA FLANDREAU HOSPITAL - CAH,FLANDREAU,SD,,,,,
43002F,VA BLACK HILLS HEALTHCARE SYSTEM,FORT MEADE,SD,5,97,96,89,93
431313,FREEMAN MEDICAL CENTER - CAH,FREEMAN,SD,,,,,
431302,AVERA MISSOURI RIVER HEALTH CENTER,GETTYSBURG,SD,,,,,
431338,AVERA GREGORY HOSPITAL,GREGORY,SD,,,,,
431322,FALL RIVER HOSPITAL - CAH,HOT SPRINGS,SD,,,,,
431335,HURON REGIONAL MEDICAL CENTER,HURON,SD,3,91,91,84,83
431300,MADISON REGIONAL HEALTH SYSTEM,MADISON,SD,,,,,
431314,BENNETT COUNTY HOSPITAL AND NURSING HOME - CAH,MARTIN,SD,,,,,
431326,MILBANK AREA HOSPITAL/AVERA HEALTH,MILBANK,SD,,,,,
431337,AVERA HAND COUNTY MEMORIAL HOSPITAL AND CLINIC,MILLER,SD,,,,,
431340,AVERA QUEEN OF PEACE,MITCHELL,SD,3,91,90,89,86
431325,MOBRIDGE REGIONAL HOSPITAL - CAH,MOBRIDGE,SD,,,,,
431330,AVERA ST BENEDICT HEALTH CENTER - CAH,PARKSTON,SD,,,,,
431319,HANS P PETERSON MEMORIAL HOSPITAL - CAH,PHILIP,SD,,,,,
430015,AVERA ST MARY'S HOSPITAL,PIERRE,SD,4,94,90,89,86
430098,PINE RIDGE IHS HOSPITAL,PINE RIDGE,SD,,,,,
431306,PLATTE HEALTH CENTER,PLATTE,SD,,,,,
430091,BLACK HILLS SURGICAL HOSPITAL LLC,RAPID CITY,SD,5,95,94,92,95
430077,MONUMENT HEALTH RAPID CITY HOSPITAL,RAPID CITY,SD,3,90,90,86,86
430093,SAME DAY SURGERY CENTER LLC,RAPID CITY,SD,,,,,
431316,COMMUNITY MEMORIAL HOSPITAL,REDFIELD,SD,,,,,
430084,PHS INDIAN HOSPITAL AT ROSEBUD,ROSEBUD,SD,,,,,
430779,LANDMANN JUNGMAN MEMORIAL HOSPITAL CORPORATION,SCOTLAND,SD,,,,,
430095,AVERA HEART HOSPITAL OF SOUTH DAKOTA,SIOUX FALLS,SD,5,95,93,90,96
430016,AVERA MCKENNAN HOSPITAL & UNIVERSITY HEALTH CENTER,SIOUX FALLS,SD,4,92,92,90,90
433300,LIFESCAPE,SIOUX FALLS,SD,,,,,
430027,SANFORD USD MEDICAL CENTER,SIOUX FALLS,SD,3,92,90,87,91
430090,SIOUX FALLS SPECIALTY HOSPITAL,SIOUX FALLS,SD,5,96,93,94,93
43005F,SIOUX FALLS VA MEDICAL CENTER,SIOUX FALLS,SD,5,96,95,91,95
431339,COTEAU DES PRAIRIES HEALTH CARE SYSTEM,SISSETON,SD,,,,,
430048,MONUMENT HEALTH SPEARFISH HOSPITAL,SPEARFISH,SD,4,92,92,88,94
431321,MONUMENT HEALTH STURGIS HOSPITAL,STURGIS,SD,,,,,
431327,ST MICHAEL'S HOSPITAL - CAH,TYNDALL,SD,,,,,
431336,SANFORD VERMILLION MEDICAL CENTER,VERMILLION,SD,,,,,
431328,PIONEER MEMORIAL HOSPITAL - CAH,VIBORG,SD,,,,,
431315,WAGNER COMMUNITY MEMORIAL HOSPITAL - CAH,WAGNER,SD,,,,,
430005,"PRAIRIE LAKES HEALTHCARE SYSTEM, INC",WATERTOWN,SD,3,92,93,84,86
431311,SANFORD HOSPITAL WEBSTER - CAH,WEBSTER,SD,,,,,
431324,AVERA WESKOTA MEMORIAL MEDICAL CENTER - CAH,WESSINGTON SPRINGS,SD,,,,,
431334,WINNER REGIONAL HEALTHCARE CENTER - CAH,WINNER,SD,,,,,
430012,AVERA SACRED HEART HOSPITAL,YANKTON,SD,4,92,92,90,89
440779,TRISTAR ASHLAND CITY MEDICAL CENTER,ASHLAND CITY,TN,,,,,
440068,STARR REGIONAL MEDICAL CENTER ATHENS,ATHENS,TN,3,92,92,80,82
440228,SAINT FRANCIS BARTLETT MEDICAL CENTER,BARTLETT,TN,1,84,84,74,75
441320,WEST TENNESSEE HEALTHCARE BOLIVAR HOSPITAL,BOLIVAR,TN,,,,,
440012,WELLMONT BRISTOL REGIONAL MEDICAL CENTER,BRISTOL,TN,3,90,89,83,82
440238,HAYWOOD COUNTY COMMUNITY HOSPITAL,BROWNSVILLE,TN,,,,,
441316,WEST TENNESSEE HEALTHCARE CAMDEN HOSPITAL,CAMDEN,TN,,,,,
441307,HIGHPOINT HEALTH-RIVERVIEW WITH ASCENSION SAINT TH,CARTHAGE,TN,4,96,96,86,94
441300,SAINT THOMAS HICKMAN HOSPITAL,CENTERVILLE,TN,,,,,
440104,ERLANGER MEDICAL CENTER,CHATTANOOGA,TN,3,89,91,83,84
440091,"MEMORIAL HEALTHCARE SYSTEM, INC",CHATTANOOGA,TN,4,93,93,84,91
440156,PARKRIDGE MEDICAL CENTER,CHATTANOOGA,TN,3,92,89,81,88
440035,TENNOVA HEALTHCARE - CLARKSVILLE,CLARKSVILLE,TN,2,87,87,79,72
440185,AFFILIATE OF VITRUVIAN HEALTH,CLEVELAND,TN,3,90,89,83,81
440073,MAURY REGIONAL HOSPITAL,COLUMBIA,TN,4,94,93,89,91
440059,COOKEVILLE REGIONAL MEDICAL CENTER,COOKEVILLE,TN,3,92,89,84,87
440131,BAPTIST MEMORIAL HOSPITAL TIPTON,COVINGTON,TN,4,95,93,85,88
440009,CUMBERLAND MEDICAL CENTER,CROSSVILLE,TN,3,93,90,89,85
441310,RHEA MEDICAL CENTER,DAYTON,TN,3,94,87,83,84
440046,TRISTAR HORIZON MEDICAL CENTER,DICKSON,TN,3,92,91,86,88
440072,DYERSBURG REGIONAL MEDICAL CENTER,DYERSBURG,TN,4,92,92,87,84
440018,SYCAMORE SHOALS HOSPITAL,ELIZABETHTON,TN,4,93,92,90,88
441322,HOUSTON COUNTY COMMUNITY HOSPITAL,ERIN,TN,,,,,
440102,LINCOLN MEDICAL CENTER,FAYETTEVILLE,TN,4,92,90,92,83
440029,WILLIAMSON MEDICAL CENTER,FRANKLIN,TN,4,91,92,83,92
440003,HIGHPOINT HEALTH-SUMNER WITH ASCENSION SAINT THOMA,GALLATIN,TN,2,88,89,80,82
440050,GREENEVILLE COMMUNITY HOSPITAL,GREENEVILLE,TN,3,92,91,83,83
440031,ROANE MEDICAL CENTER,HARRIMAN,TN,4,94,93,88,89
441301,HIGHPOINT HEALTH-TROUSDALE WITH ASCENSION SAINT,HARTSVILLE,TN,,,,,
440194,TRISTAR HENDERSONVILLE MEDICAL CENTER,HENDERSONVILLE,TN,3,89,89,82,86
440150,TRISTAR SUMMIT MEDICAL CENTER,HERMITAGE,TN,3,89,89,82,84
440016,BAPTIST MEMORIAL HOSPITAL - CARROLL COUNTY,HUNTINGDON,TN,4,94,95,88,91
440002,JACKSON-MADISON COUNTY GENERAL HOSPITAL,JACKSON,TN,3,91,90,84,87
440056,TENNOVA HEALTHCARE-JEFFERSON MEMORIAL HOSPITAL,JEFFERSON CITY,TN,3,90,87,81,84
440184,FRANKLIN WOODS COMMUNITY HOSPITAL,JOHNSON CITY,TN,4,92,92,86,91
440063,JOHNSON CITY MEDICAL CENTER,JOHNSON CITY,TN,2,89,88,82,78
440176,INDIAN PATH COMMUNITY HOSPITAL,KINGSPORT,TN,3,93,92,86,90
440017,WELLMONT HOLSTON VALLEY MEDICAL CENTER,KINGSPORT,TN,3,90,90,82,81
443303,EAST TENNESSEE CHILDRENS HOSPITAL,KNOXVILLE,TN,,,,,
440125,FORT SANDERS REGIONAL MEDICAL CENTER,KNOXVILLE,TN,3,91,90,85,87
440173,PARKWEST MEDICAL CENTER,KNOXVILLE,TN,3,90,90,87,88
440015,"UNIVERSITY HEALTH SYSTEM, INC",KNOXVILLE,TN,3,91,92,86,90
440033,LAFOLLETTE MEDICAL CENTER,LA FOLLETTE,TN,3,91,90,85,78
441305,MACON COMMUNITY HOSPITAL,LAFAYETTE,TN,,,,,
440175,SOUTHERN TENNESSEE REGIONAL HEALTH SYSTEM LAWRENCE,LAWRENCEBURG,TN,3,92,89,87,83
440193,VANDERBILT WILSON COUNTY HOSPITAL,LEBANON,TN,3,92,92,86,88
440110,FORT LOUDOUN MEDICAL CENTER,LENOIR CITY,TN,4,92,92,88,87
441309,MARSHALL MEDICAL CENTER,LEWISBURG,TN,,,,,
440008,HENDERSON COUNTY COMMUNITY HOSPITAL,LEXINGTON,TN,5,94,93,90,90
440187,LIVINGSTON REGIONAL HOSPITAL,LIVINGSTON,TN,4,92,93,86,87
440007,UNITY MEDICAL CENTER,MANCHESTER,TN,5,100,100,99,97
440061,VOLUNTEER COMMUNITY HOSPITAL,MARTIN,TN,4,94,94,89,86
440011,BLOUNT MEMORIAL HOSPITAL,MARYVILLE,TN,3,91,91,88,85
440151,SAINT THOMAS RIVER PARK HOSPITAL,MCMINNVILLE,TN,3,92,91,84,87
440048,BAPTIST MEMORIAL HOSPITAL,MEMPHIS,TN,3,89,89,84,86
440159,DELTA SPECIALTY HOSPITAL,MEMPHIS,TN,,,,,
44013F,MEMPHIS VA MEDICAL CENTER,MEMPHIS,TN,3,90,93,84,84
440049,METHODIST HOSPITALS OF MEMPHIS,MEMPHIS,TN,2,88,90,80,84
440152,REGIONAL ONE HEALTH,MEMPHIS,TN,2,87,88,80,85
440183,ST FRANCIS HOSPITAL,MEMPHIS,TN,1,84,85,74,74
443302,ST JUDE CHILDRENS RESEARCH HOSPITAL,MEMPHIS,TN,,,,,
440060,WEST TENNESSEE HEALTHCARE MILAN HOSPITAL,MILAN,TN,5,97,96,87,93
440030,MORRISTOWN HAMBLEN HOSPITAL ASSOCIATION,MORRISTOWN,TN,3,91,91,87,83
441304,JOHNSON COUNTY COMMUNITY HOSPITAL,MOUNTAIN CITY,TN,,,,,
44016F,MOUNTAIN HOME VA MEDICAL CENTER,MOUNTAIN HOME,TN,5,96,94,90,96
440053,SAINT THOMAS RUTHERFORD HOSPITAL,MURFREESBORO,TN,2,89,89,84,85
440231,TRUSTPOINT HOSPITAL,MURFREESBORO,TN,,,,,
44017F,VA MIDDLE TENNESSEE HEALTHCARE SYSTEM - MURFREESBORO,MURFREESBORO,TN,,,,,
440082,ASCENSION SAINT THOMAS HOSPITAL,NASHVILLE,TN,3,90,91,86,90
440111,METRO NASHVILLE GENERAL HOSPITAL,NASHVILLE,TN,3,94,92,82,86
440218,SAINT THOMAS HOSPITAL FOR SPINAL SURGERY,NASHVILLE,TN,4,93,93,87,94
440161,TRISTAR CENTENNIAL MEDICAL CENTER,NASHVILLE,TN,3,91,91,83,89
440006,TRISTAR SKYLINE MEDICAL CENTER,NASHVILLE,TN,3,88,88,83,83
440197,TRISTAR SOUTHERN HILLS MEDICAL CENTER,NASHVILLE,TN,3,89,90,80,83
44018F,VA MIDDLE TENNESSEE HEALTHCARE SYSTEM,NASHVILLE,TN,4,92,94,89,89
440039,VANDERBILT UNIVERSITY MEDICAL CENTER,NASHVILLE,TN,4,92,92,87,92
440153,TENNOVA HEALTHCARE - NEWPORT MEDICAL CENTER,NEWPORT,TN,3,92,94,82,86
440034,METHODIST MEDICAL CENTER OF OAK RIDGE,OAK RIDGE,TN,4,92,93,87,88
441323,BIG SOUTH FORK MEDICAL CENTER,ONEIDA,TN,,,,,
440132,WEST TENNESSEE HEALTHCARE HENRY COUNTY HOSPITAL,PARIS,TN,4,92,95,85,89
441306,ERLANGER BLEDSOE HOSPITAL,PIKEVILLE,TN,,,,,
440120,PHYSICIANS REGIONAL MEDICAL CENTER,POWELL,TN,3,90,89,80,83
440020,SOUTHERN TENNESSEE REGIONAL HEALTH SYSTEM PULASKI,PULASKI,TN,2,89,88,80,78
441314,LAUDERDALE COMMUNITY HOSPITAL,RIPLEY,TN,,,,,
440032,HAWKINS COUNTY MEMORIAL HOSPITAL,ROGERSVILLE,TN,,,,,
440109,HARDIN MEDICAL CENTER,SAVANNAH,TN,4,92,94,85,84
440081,LECONTE MEDICAL CENTER,SEVIERVILLE,TN,4,93,92,87,87
440137,VANDERBILT BEDFORD HOSPITAL,SHELBYVILLE,TN,3,92,91,85,89
440148,DEKALB COMMUNITY HOSPITAL,SMITHVILLE,TN,,,,,
440227,TRISTAR STONECREST MEDICAL CENTER,SMYRNA,TN,3,91,90,84,87
441313,HANCOCK COUNTY HOSPITAL,SNEEDVILLE,TN,,,,,
440192,SAINT THOMAS HIGHLANDS HOSPITAL,SPARTA,TN,,,,,
440065,TRISTAR NORTHCREST MEDICAL CENTER,SPRINGFIELD,TN,3,91,92,86,87
440084,SWEETWATER HOSPITAL ASSOCIATION,SWEETWATER,TN,3,91,91,81,84
440057,CLAIBORNE MEDICAL CENTER,TAZEWELL,TN,4,94,96,85,85
440144,VANDERBILT TULLAHOMA-HARTON HOSPITAL,TULLAHOMA,TN,3,92,88,84,85
440130,BAPTIST MEMORIAL HOSPITAL UNION CITY,UNION CITY,TN,3,92,91,82,87
441303,ASCENSION SAINT THOMAS THREE RIVERS,WAVERLY,TN,,,,,
440780,WAYNE MEDICAL CENTER,WAYNESBORO,TN,,,,,
440058,SOUTHERN TENNESSEE REGIONAL HEALTH SYSTEM WINCHEST,WINCHESTER,TN,4,92,89,88,85
440200,STONES RIVER HOSPITAL,WOODBURY,TN,,,,,
450229,HENDRICK MEDICAL CENTER,ABILENE,TX,3,89,90,89,86
670073,METHODIST HOSPITAL FOR SURGERY,ADDISON,TX,4,93,93,87,92
450828,CHRISTUS SPOHN HOSPITAL ALICE,ALICE,TX,4,93,93,83,84
450840,TEXAS HEALTH PRESBYTERIAN HOSPITAL ALLEN,ALLEN,TX,4,92,92,87,91
451378,BIG BEND REGIONAL MEDICAL CENTER,ALPINE,TX,4,93,91,89,87
450231,BSA HOSPITAL,AMARILLO,TX,3,91,90,83,90
450209,NORTHWEST TEXAS HOSPITAL,AMARILLO,TX,2,90,87,82,85
450875,QUAIL CREEK SURGICAL HOSPITAL,AMARILLO,TX,5,95,93,90,96
45060F,VA AMARILLO HEALTHCARE SYSTEM,AMARILLO,TX,4,94,93,88,93
451320,BAYSIDE COMMUNITY HOSPITAL,ANAHUAC,TX,,,,,
450144,PERMIAN REGIONAL MEDICAL CENTER ANDREWS COUNTY HO,ANDREWS,TX,,,,,
670781,ANSON GENERAL HOSPITAL,ANSON,TX,,,,,
670067,BAYLOR SCOTT AND WHITE ORTHOPEDIC AND SPINE HOSPI,ARLINGTON,TX,4,93,93,91,91
450675,MEDICAL CITY ARLINGTON,ARLINGTON,TX,2,87,87,79,80
450064,TEXAS HEALTH ARLINGTON MEMORIAL HOSPITAL,ARLINGTON,TX,3,90,89,85,87
670071,TEXAS HEALTH HEART & VASCULAR HOSPITAL ARLINGTON,ARLINGTON,TX,4,94,93,89,95
450872,USMD HOSPITAL AT ARLINGTON L P,ARLINGTON,TX,3,90,92,79,85
451318,STONEWALL MEMORIAL HOSPITAL DISTRICT,ASPERMONT,TX,,,,,
450389,UT HEALTH EAST TEXAS ATHENS HOSPITAL,ATHENS,TX,4,92,93,86,87
670062,BAYLOR EMERGENCY MEDICAL CENTER AT AUBREY,AUBREY,TX,,,,,
450865,ASCENSION SETON  SOUTHWEST,AUSTIN,TX,,,,,
450056,ASCENSION SETON MEDICAL CENTER AUSTIN,AUSTIN,TX,3,90,89,82,85
450867,ASCENSION SETON NORTHWEST,AUSTIN,TX,3,90,89,82,87
670136,BAYLOR SCOTT & WHITE MEDICAL CENTER- AUSTIN,AUSTIN,TX,,,,,
453310,DELL CHILDREN'S MEDICAL CENTER,AUSTIN,TX,,,,,
450124,DELL SETON  MED CENTER AT THE UNIVERSITY OF TX,AUSTIN,TX,4,93,92,82,91
450809,NORTH AUSTIN MEDICAL CENTER,AUSTIN,TX,3,88,89,80,86
450808,NORTHWEST HILLS SURGICAL HOSPITAL,AUSTIN,TX,,,,,
450431,ST DAVID'S MEDICAL CENTER,AUSTIN,TX,3,91,90,84,89
450713,ST DAVID'S SOUTH AUSTIN MEDICAL CENTER,AUSTIN,TX,3,89,89,83,85
453319,TEXAS CHILDRENS HOSPITAL NORTH AUSTIN CAMPUS,AUSTIN,TX,,,,,
670006,THE HOSPITAL AT WESTLAKE MEDICAL CENTER,AUSTIN,TX,2,89,88,82,84
450419,TEXAS HEALTH HARRIS METHODIST HOSPITAL AZLE,AZLE,TX,3,92,92,85,86
451310,BALLINGER MEMORIAL HOSPITAL,BALLINGER,TX,,,,,
450465,MATAGORDA REGIONAL MEDICAL CENTER,BAY CITY,TX,3,93,91,82,86
670109,BAYTOWN MEDICAL CENTER LP,BAYTOWN,TX,,,,,
450424,HOUSTON METHODIST BAYTOWN HOSPITAL,BAYTOWN,TX,4,93,91,88,91
450346,BAPTIST BEAUMONT HOSPITAL,BEAUMONT,TX,3,90,88,85,87
450034,CHRISTUS SOUTHEAST TEXAS- ST ELIZABETH,BEAUMONT,TX,3,90,89,83,85
450639,TEXAS HEALTH HARRIS METHODIST HURST-EULESS-BEDFORD,BEDFORD,TX,3,90,90,88,89
450082,CHRISTUS SPOHN HOSPITAL BEEVILLE,BEEVILLE,TX,3,91,86,85,79
450253,BELLVILLE MEDICAL CENTER,BELLVILLE,TX,,,,,
451301,REAGAN MEMORIAL HOSPITAL,BIG LAKE,TX,,,,,
450653,SCENIC MOUNTAIN MEDICAL CENTER,BIG SPRING,TX,,,,,
451370,TMC- BONHAM HOSPITAL,BONHAM,TX,,,,,
451369,GOLDEN PLAINS COMMUNITY HOSPITAL,BORGER,TX,,,,,
451348,HEART OF TEXAS MEMORIAL HOSPITAL,BRADY,TX,,,,,
671302,STEPHENS MEMORIAL HOSPITAL,BRECKENRIDGE,TX,,,,,
451397,BAYLOR SCOTT & WHITE HOSPITAL BRENHAM,BRENHAM,TX,4,93,92,88,89
670343,BAYLOR SCOTT & WHITE HOSPITAL BRENHAM,BRENHAM,TX,,,,,
450399,BROWNFIELD REGIONAL MEDICAL CENTER,BROWNFIELD,TX,,,,,
450028,VALLEY BAPTIST MEDICAL CENTER- BROWNSVILLE,BROWNSVILLE,TX,2,84,85,80,80
450662,VALLEY REGIONAL MEDICAL CENTER,BROWNSVILLE,TX,2,88,87,80,84
450587,HENDRICK MEDICAL CENTER BROWNWOOD,BROWNWOOD,TX,2,90,88,87,81
450011,CHI ST JOSEPH HEALTH REGIONAL HOSPITAL,BRYAN,TX,3,90,89,82,85
450834,"PHYSICIANS CENTRE,THE",BRYAN,TX,4,94,93,91,93
670131,BAYLOR SCOTT & WHITE MEDICAL CENTER - BUDA,BUDA,TX,,,,,
670107,BAYLOR SCOTT AND WHITE EMERGENCY HOSPITAL,BURLESON,TX,,,,,
451365,ASCENSION SETON HIGHLAND LAKES,BURNET,TX,,,,,
451305,BURLESON ST JOSEPH HEALTH CENTER,CALDWELL,TX,,,,,
671301,HEMPHILL COUNTY HOSPITAL,CANADIAN,TX,,,,,
451390,DIMMIT REGIONAL HOSPITAL,CARRIZO SPRINGS,TX,,,,,
450730,CARROLLTON REGIONAL MEDICAL CENTER,CARROLLTON,TX,2,88,86,76,79
450210,UT HEALTH EAST TEXAS CARTHAGE HOSPITAL,CARTHAGE,TX,,,,,
670043,ASCENSION SETON CEDAR PARK,CEDAR PARK,TX,2,89,89,80,82
670340,METHODIST CELINA MEDICAL CENTER,CELINA,TX,,,,,
450369,CHILDRESS REGIONAL MEDICAL CENTER,CHILDRESS,TX,,,,,
450148,TEXAS HEALTH HARRIS METHODIST HOSPITAL CLEBURNE,CLEBURNE,TX,4,93,91,89,88
451385,GOODALL WITCHER HOSPITAL,CLIFTON,TX,,,,,
451347,COLEMAN COUNTY MEDICAL CENTER COMPANY,COLEMAN,TX,,,,,
670088,BAYLOR SCOTT & WHITE MEDICAL CENTER- COLLEGE STATI,COLLEGE STATION,TX,4,93,93,88,93
451342,MITCHELL COUNTY HOSPITAL DISTRICT,COLORADO CITY,TX,,,,,
450370,COLUMBUS COMMUNITY HOSPITAL,COLUMBUS,TX,3,93,90,82,89
451382,COMANCHE COUNTY MEDICAL CENTER,COMANCHE,TX,,,,,
670093,ASPIRE HOSPITAL,CONROE,TX,,,,,
450222,HCA HOUSTON HEALTHCARE CONROE,CONROE,TX,2,88,84,77,78
450046,CHRISTUS SPOHN HOSPITAL CORPUS CHRISTI,CORPUS CHRISTI,TX,2,89,87,81,86
450788,"CORPUS CHRISTI MEDICAL CENTER,THE",CORPUS CHRISTI,TX,3,90,89,83,84
453301,DRISCOLL CHILDRENS HOSPITAL,CORPUS CHRISTI,TX,,,,,
450447,NAVARRO REGIONAL HOSPITAL,CORSICANA,TX,3,91,91,83,82
451353,CRANE COUNTY HOSPITAL DISTRICT,CRANE,TX,,,,,
451393,CROCKETT MEDICAL CENTER,CROCKETT,TX,,,,,
670779,CROSBYTON CLINIC HOSPITAL,CROSBYTON,TX,,,,,
450597,CUERO REGIONAL HOSPITAL,CUERO,TX,,,,,
670342,HOUSTON METHODIST CYPRESS HOSPITAL,CYPRESS,TX,,,,,
451331,COON MEMORIAL HOSPITAL,DALHART,TX,,,,,
670321,ADVANCED DALLAS HOSPITALS AND CLINICS,DALLAS,TX,,,,,
450851,BAYLOR SCOTT & WHITE HEART & VASCULAR HOSPITAL - DALLAS,DALLAS,TX,4,95,94,89,95
450422,BAYLOR SCOTT AND WHITE MEDICAL CENTER UPTOWN,DALLAS,TX,,,,,
450021,BAYLOR UNIVERSITY MEDICAL CENTER,DALLAS,TX,3,91,91,86,89
453302,CHILDRENS MEDICAL CTR OF DALLAS,DALLAS,TX,,,,,
450379,DALLAS MEDICAL CENTER,DALLAS,TX,3,91,86,81,83
45066F,DALLAS VA MEDICAL CENTER (VA NORTH TEXAS HEALTHCARE SYSTEM),DALLAS,TX,3,89,91,86,84
450647,MEDICAL CITY DALLAS HOSPITAL,DALLAS,TX,3,88,89,79,85
450723,METHODIST CHARLTON MEDICAL CENTER,DALLAS,TX,3,91,91,87,84
450051,METHODIST DALLAS MEDICAL CENTER,DALLAS,TX,3,91,91,86,89
453318,NEXUS CHILDRENS HOSPITAL DALLAS,DALLAS,TX,,,,,
670049,NORTH CENTRAL SURGICAL CENTER LLP,DALLAS,TX,4,90,93,91,91
450015,PARKLAND HEALTH & HOSPITAL SYSTEM,DALLAS,TX,3,88,89,85,87
450462,TEXAS HEALTH PRESBYTERIAN HOSPITAL DALLAS,DALLAS,TX,3,88,89,83,88
450889,TEXAS INSTITUTE FOR SURGERY AT PRESBYTERIAN HOSPIT,DALLAS,TX,5,96,94,91,94
453314,TEXAS SCOTTISH RITE HOSPITAL FOR CHILDREN,DALLAS,TX,,,,,
450044,UT OF TEXAS  SOUTHWESTERN UNIVERSITY HOSPITAL - WILLIAM P. CLEMENTS JR.,DALLAS,TX,4,92,93,89,93
450678,WHITE ROCK MEDICAL CENTER,DALLAS,TX,,,,,
450154,VAL VERDE REGIONAL MEDICAL CENTER,DEL RIO,TX,,,,,
450324,TEXOMA MEDICAL CENTER,DENISON,TX,3,91,89,84,86
450895,BAYLOR SCOTT WHITE THE HEART HOSPITAL CORINTH,DENTON,TX,,,,,
670010,MAYHILL HOSPITAL,DENTON,TX,,,,,
450634,MEDICAL CITY DENTON,DENTON,TX,2,89,87,81,84
450743,TEXAS HEALTH PRESBYTERIAN HOSPITAL DENTON,DENTON,TX,4,92,91,86,91
450893,THE HEART HOSPITAL BAYLOR DENTON,DENTON,TX,5,94,93,91,94
451308,YOAKUM COUNTY HOSPITAL,DENVER CITY,TX,4,94,93,85,90
451350,PLAINS MEMORIAL HOSPITAL,DIMMITT,TX,,,,,
451386,MEMORIAL HOSPITAL,DUMAS,TX,,,,,
451312,RICE MEDICAL CENTER,EAGLE LAKE,TX,,,,,
450092,FORT DUNCAN MEDICAL CENTER,EAGLE PASS,TX,3,89,91,82,81
671303,EASTLAND MEMORIAL HOSPITAL,EASTLAND,TX,,,,,
451325,CONCHO COUNTY HOSPITAL,EDEN,TX,,,,,
450825,CORNERSTONE REGIONAL HOSPITAL,EDINBURG,TX,,,,,
450869,DOCTORS HOSPTAL AT RENAISSANCE,EDINBURG,TX,3,90,91,85,88
453321,DRISCOLL CHILDREN'S HOSPITAL RIO GRANDE VALLEY,EDINBURG,TX,,,,,
450119,SOUTH TEXAS HEALTH SYSTEM,EDINBURG,TX,2,89,87,81,85
451363,JACKSON HEALTHCARE CENTER,EDNA,TX,,,,,
450694,EL CAMPO MEMORIAL HOSPITAL,EL CAMPO,TX,3,89,91,84,77
453313,EL PASO CHILDREN'S HOSPITAL,EL PASO,TX,,,,,
450107,LAS PALMAS MEDICAL CENTER A CAMPUS OF LPDS HEALTHC,EL PASO,TX,2,89,86,81,81
450668,SIERRA MEDICAL CENTER,EL PASO,TX,2,88,89,80,83
670047,THE HOSPITALS OF PROVIDENCE - EAST CAMPUS,EL PASO,TX,2,86,84,77,79
450002,THE HOSPITALS OF PROVIDENCE - MEMORIAL CAMPUS,EL PASO,TX,2,83,84,81,78
670120,THE HOSPITALS OF PROVIDENCE TRANSMOUNTAIN CAMPUS,EL PASO,TX,2,88,88,80,84
450024,UNIVERSITY MEDICAL CENTER OF EL PASO,EL PASO,TX,3,89,89,84,87
451304,SCHLEICHER COUNTY MEDICAL CENTER,ELDORADO,TX,,,,,
451343,ELECTRA MEMORIAL HOSPITAL,ELECTRA,TX,,,,,
450833,ENNIS REGIONAL MEDICAL CENTER,ENNIS,TX,,,,,
45068F,William Beaumont AMG (FT Bliss),El Paso,TX,5,96,94,90,94
450658,FREESTONE MEDICAL CENTER,FAIRFIELD,TX,,,,,
450108,CONNALLY MEMORIAL MEDICAL CENTER,FLORESVILLE,TX,,,,,
670068,TEXAS HEALTH PRESBYTERIAN HOSPITAL FLOWER MOUND,FLOWER MOUND,TX,4,91,92,88,91
451389,PECOS COUNTY MEMORIAL HOSPITAL,FORT STOCKTON,TX,,,,,
450137,BAYLOR SCOTT AND WHITE ALL SAINTS MEDICAL CENTER,FORT WORTH,TX,3,92,91,86,89
450880,BAYLOR SCOTT AND WHITE SURGICAL HOSPITAL FORTWORTH,FORT WORTH,TX,4,91,94,88,89
453300,COOK CHILDRENS MEDICAL CENTER,FORT WORTH,TX,,,,,
450039,JPS HEALTH NETWORK,FORT WORTH,TX,3,91,91,84,88
670103,MEDICAL CITY ALLIANCE,FORT WORTH,TX,3,90,88,83,87
450672,MEDICAL CITY FORT WORTH,FORT WORTH,TX,3,88,89,83,82
450135,TEXAS HEALTH HARRIS METHODIST FORT WORTH,FORT WORTH,TX,3,91,90,87,89
670085,TEXAS HEALTH HARRIS METHODIST HOSPITAL ALLIANCE,FORT WORTH,TX,3,91,90,89,88
450779,TEXAS HEALTH HARRIS METHODIST HOSPITAL SOUTHWEST F,FORT WORTH,TX,4,92,91,86,91
450677,TEXAS HEALTH HUGULEY HOSPITAL FORT WORTH SOUTH,FORT WORTH,TX,3,91,89,86,88
450604,HILL COUNTRY MEMORIAL HOSPITAL,FREDERICKSBURG,TX,4,93,92,88,89
451300,PARMER COUNTY COMMUNITY HOSPITAL,FRIONA,TX,,,,,
450885,BAYLOR SCOTT &  WHITE MEDICAL CENTER - CENTENNIAL,FRISCO,TX,4,91,91,87,88
450853,BAYLOR SCOTT & WHITE MEDICAL CENTER - FRISCO,FRISCO,TX,4,92,93,87,91
670346,BAYLOR SCOTT AND WHITE MEDICAL CENTER FRISCO AT PG,FRISCO,TX,,,,,
670260,TEXAS HEALTH HOSPITAL FRISCO,FRISCO,TX,3,91,91,86,91
45070F,Darnall AMC (FT Cavazos),Fort Cavazos,TX,4,94,93,89,90
45069F,Brooke Army Medical Center (FT Sam Houston),Fort Sam Houston,TX,5,95,95,92,95
450090,NORTH TEXAS MEDICAL CENTER,GAINESVILLE,TX,4,94,88,88,87
453311,SHRINERS HOSPITALS FOR CHILDREN,GALVESTON,TX,,,,,
450018,UNIVERSITY OF TEXAS MEDICAL BRANCH GALVESTON,GALVESTON,TX,3,91,89,84,88
451379,CORYELL MEMORIAL HOSPITAL,GATESVILLE,TX,5,95,95,91,94
450451,GLEN ROSE MEDICAL CENTER,GLEN ROSE,TX,,,,,
450235,MEMORIAL HOSPITAL,GONZALES,TX,,,,,
671300,GRAHAM REGIONAL MEDICAL CENTER,GRAHAM,TX,,,,,
450596,LAKE GRANBURY MEDICAL CENTER,GRANBURY,TX,2,89,87,80,78
450563,BAYLOR SCOTT & WHITE MEDICAL CENTER  GRAPEVINE,GRAPEVINE,TX,4,92,91,86,91
670265,LEGENT ORTHOPEDIC HOSPITAL,GRAPEVINE,TX,3,92,89,85,88
450352,HUNT REGIONAL MEDICAL CENTER,GREENVILLE,TX,3,90,88,83,85
451303,LIMESTONE MEDICAL CENTER,GROESBECK,TX,,,,,
451376,LAVACA MEDICAL CENTER,HALLETTSVILLE,TX,,,,,
451392,HAMILTON GENERAL HOSPITAL,HAMILTON,TX,,,,,
670080,SETON MEDICAL CENTER HARKER HEIGHTS,HARKER HEIGHTS,TX,4,92,92,87,87
450855,HARLINGEN MEDICAL CENTER,HARLINGEN,TX,3,92,87,79,90
450033,VHS HARLINGEN HOSPITAL COMPANY LLC,HARLINGEN,TX,2,88,87,82,83
451341,HASKELL MEMORIAL HOSPITAL,HASKELL,TX,,,,,
451361,SABINE COUNTY HOSPITAL,HEMPHILL,TX,,,,,
450475,UT HEALTH EAST TEXAS HENDERSON HOSPITAL,HENDERSON,TX,4,93,93,87,88
451362,CLAY COUNTY MEMORIAL HOSPITAL,HENRIETTA,TX,,,,,
450155,HEREFORD REGIONAL MEDICAL CENTER,HEREFORD,TX,,,,,
451395,HILL REGIONAL HOSPITAL,HILLSBORO,TX,3,92,92,78,85
451330,MEDINA REGIONAL HOSPITAL,HONDO,TX,,,,,
670124,THE HOSPITALS OF PROVIDENCE HORIZON CITY CAMPUS,HORIZON CITY,TX,,,,,
670102,"AD HOSPITAL EAST, LLC",HOUSTON,TX,,,,,
670135,"ALTUS HOUSTON HOSPITAL, LP",HOUSTON,TX,,,,,
450193,Baylor St Lukes Medical Center,HOUSTON,TX,3,89,90,83,85
670320,EAST HOUSTON MEDICAL CENTER,HOUSTON,TX,,,,,
450289,HARRIS HEALTH,HOUSTON,TX,3,91,91,84,88
450659,HCA HOUSTON HEALTHCARE MEDICAL CENTER,HOUSTON,TX,2,88,88,79,82
450638,HCA HOUSTON HEALTHCARE NORTHWEST,HOUSTON,TX,2,87,86,79,80
450644,HCA HOUSTON HEALTHCARE WEST,HOUSTON,TX,2,87,86,78,80
453309,HEALTHBRIDGE CHILDRENS'S HOSPITAL OF HOUSTON,HOUSTON,TX,,,,,
450358,HOUSTON METHODIST HOSPITAL,HOUSTON,TX,4,91,92,87,92
670077,HOUSTON METHODIST WEST HOSPITAL,HOUSTON,TX,4,91,90,88,92
450844,HOUSTON METHODIST WILLOWBROOK HOSPITAL,HOUSTON,TX,4,92,91,89,90
45074F,HOUSTON VA MEDICAL CENTER,HOUSTON,TX,3,90,91,87,87
450068,MEMORIAL HERMANN - TEXAS MEDICAL CENTER,HOUSTON,TX,3,90,89,84,87
450184,MEMORIAL HERMANN HOSPITAL SYSTEM,HOUSTON,TX,3,90,90,82,87
450610,MEMORIAL HERMANN MEMORIAL CITY HOSPITAL,HOUSTON,TX,3,88,90,85,87
450035,ST JOSEPH MEDICAL CENTER,HOUSTON,TX,2,88,87,77,77
670075,ST LUKE'S HOSPITAL AT THE VINTAGE,HOUSTON,TX,3,92,89,81,91
453304,TEXAS CHILDRENS HOSPITAL,HOUSTON,TX,,,,,
450804,TEXAS ORTHOPEDIC HOSPITAL,HOUSTON,TX,4,93,94,88,93
450774,TOPS SURGICAL SPECIALTY HOSPITAL,HOUSTON,TX,4,94,91,91,92
450674,"WOMANS HOSPITAL OF TEXAS,THE",HOUSTON,TX,3,88,90,79,86
670115,CLEVELAND EMERGENCY HOSPITAL,HUMBLE,TX,,,,,
450684,MEMORIAL HERMANN NORTHEAST HOSPITAL,HUMBLE,TX,3,90,90,83,86
670266,TOWNSEN MEMORIAL HOSPITAL,HUMBLE,TX,,,,,
450347,HUNTSVILLE MEMORIAL HOSPITAL,HUNTSVILLE,TX,3,89,90,86,84
670121,SAINT CAMILLUS MEDICAL CENTER,HURST,TX,,,,,
451307,IRAAN GENERAL HOSPITAL,IRAAN,TX,,,,,
450079,BAYLOR SCOTT & WHITE MEDICAL CENTER AT IRVING,IRVING,TX,4,91,90,87,90
450874,BAYLOR SURGICAL HOSPITAL AT LAS COLINAS,IRVING,TX,3,91,92,87,89
450822,MEDICAL CITY LAS COLINAS,IRVING,TX,2,89,87,79,84
450241,FAITH COMMUNITY HOSPITAL,JACKSBORO,TX,,,,,
451319,CHRISTUS MOTHER FRANCES HOSPITAL- JACKSONVILLE,JACKSONVILLE,TX,5,97,98,90,97
450194,UT HEALTH EAST TEXAS JACKSONVILLE HOSPITAL,JACKSONVILLE,TX,4,92,95,87,89
450573,CHRISTUS JASPER MEMORIAL HOSPITAL,JASPER,TX,,,,,
450165,METHODIST HOSPITAL ATASCOSA,JOURDANTON,TX,4,93,89,81,88
451306,KIMBLE HOSPITAL,JUNCTION,TX,,,,,
450847,MEMORIAL HERMANN KATY HOSPITAL,KATY,TX,3,90,89,85,87
450292,TEXAS HEALTH PRESBYTERIAN HOSPITAL KAUFMAN,KAUFMAN,TX,4,95,92,88,90
451364,OTTO KAISER MEMORIAL HOSPITAL,KENEDY,TX,,,,,
451314,WINKLER COUNTY MEMORIAL HOSPITAL,KERMIT,TX,,,,,
450007,PETERSON REGIONAL MEDICAL CENTER,KERRVILLE,TX,4,93,91,90,92
450152,ADVENTHEALTH CENTRAL TEXAS,KILLEEN,TX,4,92,92,89,87
450163,CHRISTUS SPOHN HOSPITAL KLEBERG,KINGSVILLE,TX,3,92,90,82,81
670285,ELITE HOSPITAL KINGWOOD,KINGWOOD,TX,,,,,
450775,HCA HOUSTON HEALTHCARE KINGWOOD,KINGWOOD,TX,2,86,86,77,76
670005,MEMORIAL HERMANN SURGICAL HOSPITAL KINGWOOD,KINGWOOD,TX,,,,,
451394,KNOX COUNTY HOSPITAL,KNOX CITY,TX,,,,,
670056,ASCENSION  SETON HAYS,KYLE,TX,3,89,89,83,84
450072,CHI ST LUKE'S HEALTH BRAZOSPORT,LAKE JACKSON,TX,3,92,92,84,86
450489,MEDICAL ARTS HOSPITAL,LAMESA,TX,,,,,
451323,ADVENTHEALTH ROLLINS BROOK,LAMPASAS,TX,,,,,
670090,CRESCENT MEDICAL CENTER LANCASTER,LANCASTER,TX,,,,,
450643,DOCTORS HOSPITAL OF LAREDO,LAREDO,TX,3,91,89,85,85
450029,LAREDO MEDICAL CENTER,LAREDO,TX,2,89,89,79,81
450755,COVENANT HOSPITAL LEVELLAND,LEVELLAND,TX,,,,,
450669,MEDICAL CITY LEWISVILLE,LEWISVILLE,TX,3,91,89,84,87
451375,LIBERTY DAYTON REGIONAL MEDICAL CENTER,LIBERTY,TX,,,,,
450698,LAMB HEALTHCARE CENTER,LITTLEFIELD,TX,,,,,
450395,CHI ST LUKES HEALTH MEMORIAL LIVINGSTON,LIVINGSTON,TX,4,94,92,80,85
451396,MID COAST MEDICAL CENTER - CENTRAL,LLANO,TX,,,,,
451337,W J MANGOLD MEMORIAL HOSPITAL,LOCKNEY,TX,,,,,
450032,CHRISTUS GOOD SHEPHERD MEDICAL CENTER,LONGVIEW,TX,3,91,90,85,88
450702,LONGVIEW REGIONAL MEDICAL CENTER,LONGVIEW,TX,3,91,89,85,88
453306,COVENANT CHILDRENS HOSPITAL,LUBBOCK,TX,,,,,
450040,COVENANT MEDICAL CENTER,LUBBOCK,TX,3,90,89,83,88
670327,EXCEPTIONAL COMMUNITY HOSPITAL LUBBOCK,LUBBOCK,TX,,,,,
450162,GRACE SURGICAL HOSPITAL,LUBBOCK,TX,,,,,
450876,LUBBOCK HEART HOSPITAL LP,LUBBOCK,TX,4,92,93,84,92
450686,UNIVERSITY MEDICAL CENTER,LUBBOCK,TX,3,92,90,86,91
450211,CHI ST LUKES HEALTH MEMORIAL LUFKIN,LUFKIN,TX,3,91,91,84,88
450484,WOODLAND HEIGHTS MEDICAL CENTER,LUFKIN,TX,2,88,87,82,86
451371,ASCENSION SETON EDGAR B DAVIS,LULING,TX,,,,,
670134,ALTUS LUMBERTON HOSPITAL,LUMBERTON,TX,,,,,
451316,MADISON ST JOSEPH HEALTH CENTER,MADISONVILLE,TX,,,,,
670023,METHODIST MANSFIELD MEDICAL CENTER,MANSFIELD,TX,4,93,92,88,93
670309,TEXAS HEALTH HOSPITAL MANSFIELD,MANSFIELD,TX,4,91,89,87,91
670108,BAYLOR SCOTT & WHITE MEDICAL CENTER - MARBLE FALLS,MARBLE FALLS,TX,4,93,91,90,91
670780,FALLS COMMUNITY HOSPITAL AND CLINIC,MARLIN,TX,,,,,
670082,BAYLOR SCOTT AND WHITE  MEDICAL CENTER  MCKINNEY,MC KINNEY,TX,3,91,91,86,91
450711,RIO GRANDE REGIONAL HOSPITAL,MCALLEN,TX,2,89,88,82,84
451309,MC CAMEY HOSPITAL,MCCAMEY,TX,,,,,
450403,MEDICAL CENTER OF MCKINNEY,MCKINNEY,TX,3,89,89,82,85
670069,METHODIST MCKINNEY HOSPITAL,MCKINNEY,TX,,,,,
450688,DALLAS REGIONAL MEDICAL CENTER,MESQUITE,TX,2,87,88,77,80
450400,PARKVIEW REGIONAL HOSPITAL,MEXIA,TX,,,,,
450133,MIDLAND MEMORIAL HOSPITAL,MIDLAND,TX,3,90,89,86,86
670300,METHODIST MIDLOTHIAN MEDICAL CENTER,MIDLOTHIAN,TX,4,92,91,85,91
450565,PALO PINTO GENERAL HOSPITAL,MINERAL WELLS,TX,4,91,90,89,84
450176,MISSION REGIONAL MEDICAL CENTER,MISSION,TX,3,91,90,83,87
451373,WARD MEMORIAL HOSPITAL,MONAHANS,TX,,,,,
451366,COCHRAN MEMORIAL HOSPITAL,MORTON,TX,,,,,
450080,TITUS REGIONAL MEDICAL CENTER,MOUNT PLEASANT,TX,4,93,92,88,88
451335,MUENSTER MEMORIAL HOSPITAL,MUENSTER,TX,,,,,
451372,MULESHOE AREA MEDICAL CENTER,MULESHOE,TX,,,,,
450656,NACOGDOCHES MEDICAL CENTER,NACOGDOCHES,TX,4,93,92,86,88
450508,NACOGDOCHES MEMORIAL HOSPITAL,NACOGDOCHES,TX,2,89,86,81,89
450709,HOUSTON METHODIST CLEAR LAKE HOSPITAL,NASSAU BAY,TX,4,94,91,90,94
451322,GRIMES ST JOSEPH HEALTH CENTER,NAVASOTA,TX,,,,,
670098,RESOLUTE HEALTH HOSPITAL,NEW BRAUNFELS,TX,3,91,89,83,89
450641,NOCONA GENERAL HOSPITAL,NOCONA,TX,,,,,
450087,MEDICAL CITY NORTH HILLS,NORTH RICHLAND HILLS,TX,3,90,87,76,85
450132,MEDICAL CENTER HOSPITAL,ODESSA,TX,3,91,89,84,88
450661,ODESSA REGIONAL MEDICAL CENTER,ODESSA,TX,3,88,90,79,82
451354,HAMILTON HOSPITAL,OLNEY,TX,,,,,
451332,PALACIOS COMMUNITY MEDICAL CENTER,PALACIOS,TX,,,,,
450747,PALESTINE REGIONAL MEDICAL CENTER,PALESTINE,TX,3,92,92,83,82
451398,PAMPA REGIONAL MEDICAL CENTER,PAMPA,TX,,,,,
450196,PARIS REGIONAL MEDICAL CENTER,PARIS,TX,2,89,89,81,80
450097,HCA HOUSTON HEALTHCARE SOUTHEAST,PASADENA,TX,2,89,87,80,82
670031,ST LUKE'S PATIENTS MEDICAL CENTER,PASADENA,TX,2,89,87,81,83
450831,SURGERY SPECIALTY HOSPITALS OF AMERICA SE HOUSTON,PASADENA,TX,,,,,
670106,HCA HOUSTON HEALTHCARE PEARLAND,PEARLAND,TX,2,86,87,80,79
451391,FRIO REGIONAL HOSPITAL,PEARSALL,TX,,,,,
451377,REEVES REGIONAL HEALTH,PECOS,TX,,,,,
451359,OCHILTREE GENERAL HOSPITAL,PERRYTON,TX,,,,,
670128,BAYLOR SCOTT & WHITE MEDICAL CENTER PFLUGERVILLE,PFLUGERVILLE,TX,5,94,93,90,91
451367,UT HEALTH EAST TEXAS PITTSBURG HOSPITAL,PITTSBURG,TX,5,96,96,92,94
450539,COVENANT HOSPITAL PLAINVIEW,PLAINVIEW,TX,3,90,93,83,87
450890,BAYLOR SCOTT & WHITE MEDICAL CENTER PLANO,PLANO,TX,4,92,92,88,93
670025,BAYLOR SCOTT & WHITE THE HEART HOSPITAL PLANO,PLANO,TX,5,94,93,90,95
453316,CHILDRENS MEDICAL CENTER PLANO,PLANO,TX,,,,,
670322,LEGENT SURGICAL HOSPITAL PLANO,PLANO,TX,,,,,
450651,MEDICAL CITY PLANO,PLANO,TX,2,88,88,80,83
450891,TEXAS HEALTH CENTER FOR DIAGNOSTICS & SURGERY PLAN,PLANO,TX,4,96,94,86,95
450771,TEXAS HEALTH PRESBYTERIAN HOSPITAL PLANO,PLANO,TX,3,89,90,82,88
450518,THE MEDICAL CENTER OF SOUTHEAST TEXAS,PORT ARTHUR,TX,3,91,90,81,79
451356,MEMORIAL MEDICAL CENTER,PORT LAVACA,TX,,,,,
453317,COOK CHILDRENS MEDICAL CENTER PROSPER,PROSPER,TX,,,,,
451352,HARDEMAN COUNTY MEMORIAL HOSPITAL,QUANAH,TX,,,,,
451380,UT HEALTH EAST TEXAS QUITMAN HOSPITAL,QUITMAN,TX,4,94,94,92,91
451329,RANKIN HOSPITAL MEDICAL CLINIC,RANKIN,TX,,,,,
451317,REFUGIO COUNTY MEMORIAL HOSPITAL,REFUGIO,TX,,,,,
450537,METHODIST RICHARDSON MEDICAL CENTER,RICHARDSON,TX,4,91,92,86,91
450330,OAKBEND MEDICAL CENTER,RICHMOND,TX,3,90,88,81,81
450654,STARR COUNTY MEMORIAL HOSPITAL,RIO GRANDE CITY,TX,,,,,
670044,TEXAS HEALTH PRESBYTERIAN HOSPITAL ROCKWALL,ROCKWALL,TX,4,92,91,88,91
451313,FISHER COUNTY HOSPITAL DISTRICT,ROTAN,TX,,,,,
670041,ASCENSION SETON WILLIAMSON,ROUND ROCK,TX,3,90,90,83,87
670034,BAYLOR SCOTT & WHITE MEDICAL CENTER - ROUND ROCK,ROUND ROCK,TX,4,92,91,88,91
670326,BRUSHY CREEK FAMILY HOSPITAL LLC,ROUND ROCK,TX,,,,,
450718,ROUND ROCK MEDICAL CENTER,ROUND ROCK,TX,3,90,88,84,86
450742,BAYLOR SCOTT AND WHITE MEDICAL CENTER LAKE POINTE,ROWLETT,TX,3,90,89,85,86
450571,SHANNON MEDICAL CENTER,SAN ANGELO,TX,3,89,91,83,85
670336,BANDERA FAMILY HOSPITAL,SAN ANTONIO,TX,,,,,
450058,BAPTIST MEDICAL CENTER,SAN ANTONIO,TX,2,89,88,83,82
670078,BAPTIST NEIGHBORHOOD HOSPITAL THOUSAND OAKS,SAN ANTONIO,TX,4,93,92,86,91
453315,CHILDREN'S HOSPITAL OF SAN ANTONIO,SAN ANTONIO,TX,,,,,
450237,CHRISTUS SANTA ROSA MEDICAL CENTER,SAN ANTONIO,TX,3,89,90,85,87
670054,FOUNDATION SURGICAL HOSPITAL OF SAN ANTONIO,SAN ANTONIO,TX,,,,,
670112,LEGENT ORTHOPEDIC + SPINE,SAN ANTONIO,TX,5,95,92,88,93
450388,METHODIST HOSPITAL,SAN ANTONIO,TX,2,89,88,82,85
670055,METHODIST HOSPITAL  STONE OAK,SAN ANTONIO,TX,3,90,90,82,86
45090F,SAN ANTONIO VA MEDICAL CENTER (VA SOUTH TEXAS HEALTHCARE SYSTEM),SAN ANTONIO,TX,4,92,92,88,90
450856,SOUTH TEXAS SPINE AND SURGICAL HOSPITAL,SAN ANTONIO,TX,4,95,94,89,93
670125,TEXAS CENTER FOR INFECTIOUS DISEASE,SAN ANTONIO,TX,,,,,
450213,UNIVERSITY HEALTH SYSTEM,SAN ANTONIO,TX,3,91,91,85,90
670335,UT HEALTH SAN ANTONIO MULTISPECIALTY & RESEARCH HO,SAN ANTONIO,TX,,,,,
670333,WESTOVER HILLS BAPTIST HOSPITAL,SAN ANTONIO,TX,,,,,
670783,CHI ST LUKES HEALTH MEMORIAL SAN AUGUSTINE,SAN AUGUSTINE,TX,,,,,
450272,CHRISTUS SANTA ROSA HOSPITAL-SAN MARCOS,SAN MARCOS,TX,3,91,93,84,87
450104,GUADALUPE REGIONAL MEDICAL CENTER,SEGUIN,TX,5,95,93,89,92
451358,MEMORIAL HOSPITAL,SEMINOLE,TX,,,,,
451399,SEYMOUR HOSPITAL,SEYMOUR,TX,,,,,
451340,SHAMROCK GENERAL HOSPITAL,SHAMROCK,TX,,,,,
670076,BAYLOR SCOTT AND WHITE SURGICAL HOSPITAL AT SHERMA,SHERMAN,TX,,,,,
450469,WILSON N JONES REGIONAL MEDICAL CENTER,SHERMAN,TX,3,90,89,83,82
451384,COGDELL MEMORIAL HOSPITAL,SNYDER,TX,,,,,
451324,LILLIAN M HUDSPETH MEMORIAL HOSPITAL,SONORA,TX,,,,,
670132,METHODIST SOUTHLAKE MEDICAL CENTER,SOUTHLAKE,TX,,,,,
450888,TEXAS HEALTH HARRIS METHODIST HOSPITAL SOUTHLAKE,SOUTHLAKE,TX,5,95,94,90,95
451344,HANSFORD COUNTY HOSPITAL,SPEARMAN,TX,,,,,
670267,THE WOODLANDS SPECIALTY HOSPITAL,SPRING,TX,,,,,
451333,MARTIN COUNTY HOSPITAL DISTRICT,STANTON,TX,,,,,
450351,TEXAS HEALTH HARRIS METHODIST HOSPITAL STEPHENVILL,STEPHENVILLE,TX,4,95,93,89,91
450820,HOUSTON METHODIST SUGARLAND HOSPITAL,SUGAR LAND,TX,4,91,90,87,92
450848,MEMORIAL HERMANN SUGAR LAND HOSPITAL,SUGAR LAND,TX,3,89,90,86,86
670053,ST LUKE'S SUGAR LAND HOSPITAL,SUGAR LAND,TX,3,86,89,85,82
670314,ST MICHAELS MEDICAL HOSPITAL LLC,SUGAR LAND,TX,,,,,
450860,SUGAR LAND SURGICAL HOSPITAL LLP,SUGAR LAND,TX,,,,,
450236,CHRISTUS MOTHER FRANCES HOSPITAL SULPHUR SPRINGS,SULPHUR SPRINGS,TX,4,95,91,88,91
670060,BAYLOR SCOTT AND WHITE MEDICAL CENTER SUNNYVALE,SUNNYVALE,TX,1,83,86,77,74
451311,SWEENY COMMUNITY HOSPITAL,SWEENY,TX,,,,,
450055,ROLLING PLAINS MEMORIAL HOSPITAL,SWEETWATER,TX,4,92,94,86,89
451351,LYNN COUNTY HOSPITAL DISTRICT,TAHOKA,TX,,,,,
451374,BAYLOR SCOTT & WHITE MEDICAL CENTER -TAYLOR,TAYLOR,TX,,,,,
450054,BAYLOR SCOTT & WHITE MEDICAL CENTER - TEMPLE,TEMPLE,TX,4,92,91,87,89
45086F,TEMPLE VA MEDICAL CENTER (VA CENTRAL TEXAS HEALTHCARE SYSTEM),TEMPLE,TX,4,95,94,89,91
450801,CHRISTUS ST MICHAEL HEALTH SYSTEM,TEXARKANA,TX,4,92,92,84,87
450200,WADLEY REGIONAL MEDICAL CENTER,TEXARKANA,TX,,,,,
670059,CHI ST LUKES LAKESIDE HOSPITAL,THE WOODLANDS,TX,3,91,91,85,90
670122,HOUSTON METHODIST THE WOODLANDS HOSPITAL,THE WOODLANDS,TX,4,92,90,88,93
450862,ST LUKE'S THE WOODLANDS HOSPITAL,THE WOODLANDS,TX,3,93,91,86,91
451339,THROCKMORTON COUNTY MEMORIAL HOSPITAL,THROCKMORTON,TX,,,,,
450670,HCA HOUSTON HEALTHCARE TOMBALL,TOMBALL,TX,2,90,86,81,81
670345,LEGENT NORTH HOUSTON SURGICAL HOSPITAL,TOMBALL,TX,,,,,
670331,MID COAST MEDICAL CENTER-TRINITY,TRINITY,TX,,,,,
450883,BAYLOR MEDICAL CENTER AT TROPHY CLUB,TROPHY CLUB,TX,3,89,92,86,88
451349,SWISHER MEMORIAL HOSPITAL,TULIA,TX,,,,,
450864,BAYLOR SCOTT & WHITE TEXAS SPINE & JOINT HOSPITAL,TYLER,TX,4,94,94,89,94
450102,CHRISTUS MOTHER FRANCES HOSPITAL,TYLER,TX,3,89,89,84,89
450690,THE UNIVERSITY OF TEXAS HEALTH SCIENCE CENTER AT TYLER,TYLER,TX,5,95,96,96,93
450083,UT HEALTH EAST TEXAS TYLER REGIONAL HOSPITAL,TYLER,TX,2,89,88,83,85
451387,UVALDE MEMORIAL HOSPITAL,UVALDE,TX,4,93,91,88,89
451338,CULBERSON HOSPITAL,VAN HORN,TX,,,,,
450584,WILBARGER GENERAL HOSPITAL,VERNON,TX,,,,,
450023,CITIZENS MEDICAL CENTER,VICTORIA,TX,3,92,91,82,89
450147,DE TAR HOSPITAL NAVARRO,VICTORIA,TX,3,89,89,85,86
450042,ASCENSION PROVIDENCE,WACO,TX,3,90,92,85,89
450101,BAYLOR SCOTT & WHITE MEDICAL CENTER HILLCREST,WACO,TX,4,93,92,89,91
450372,BAYLOR SCOTT & WHITE MEDICAL CENTER- WAXAHACHIE,WAXAHACHIE,TX,4,93,91,87,91
450203,MEDICAL CITY WEATHERFORD,WEATHERFORD,TX,3,91,89,83,84
450617,HCA HOUSTON HEALTHCARE CLEAR LAKE,WEBSTER,TX,2,88,87,80,82
670008,MEMORIAL HERMANN HOUSTON PHYSICIANS HOSPITAL,WEBSTER,TX,5,95,93,87,94
451355,COLLINGSWORTH GENERAL HOSPITAL,WELLINGTON,TX,,,,,
450128,KNAPP MEDICAL CENTER,WESLACO,TX,3,90,90,84,84
451334,PARKVIEW HOSPITAL,WHEELER,TX,,,,,
450827,KELL WEST REGIONAL HOSPITAL,WICHITA FALLS,TX,,,,,
450010,UNITED REGIONAL HEALTH CARE SYSTEM,WICHITA FALLS,TX,4,93,90,87,88
451328,RICELAND MEDICAL CENTER,WINNIE,TX,,,,,
451381,CHRISTUS MOTHER FRANCES HOSPITAL- WINNSBORO,WINNSBORO,TX,,,,,
451315,NORTH RUNNELS HOSPITAL,WINTERS,TX,,,,,
450460,TYLER COUNTY HOSPITAL,WOODVILLE,TX,,,,,
451346,YOAKUM COMMUNITY HOSPITAL,YOAKUM,TX,,,,,
460023,AMERICAN FORK HOSPITAL,AMERICAN FORK,UT,4,92,92,88,91
461335,BEAVER VALLEY HOSPITAL,BEAVER,UT,,,,,
461310,BLUE MOUNTAIN HOSPITAL,BLANDING,UT,4,91,94,84,88
460042,LAKEVIEW HOSPITAL,BOUNTIFUL,UT,4,92,91,88,87
460063,WESTERN PEAKS SPECIALTY HOSPITAL,BOUNTIFUL,UT,,,,,
460017,BRIGHAM CITY COMMUNITY HOSPITAL,BRIGHAM CITY,UT,4,92,93,87,91
460007,CEDAR CITY HOSPITAL,CEDAR CITY,UT,5,95,96,91,94
461300,INTERMOUNTAIN HEALTH DELTA COMMUNITY HOSPITAL,DELTA,UT,,,,,
460060,LONE PEAK HOSPITAL,DRAPER,UT,4,91,92,88,91
461301,INTERMOUNTAIN HEALTH FILLMORE COMMUNITY HOSPITAL,FILLMORE,UT,,,,,
461306,GUNNISON VALLEY HOSPITAL,GUNNISON,UT,,,,,
461307,INTERMOUNTAIN HEALTH HEBER VALLEY HOSPITAL,HEBER CITY,UT,5,96,96,93,94
461309,KANE COUNTY HOSPITAL,KANAB,UT,,,,,
460041,HOLY CROSS HOSPITAL-DAVIS,LAYTON,UT,3,88,92,87,80
460061,INTERMOUNTAIN HEALTH LAYTON HOSPITAL,LAYTON,UT,4,92,92,90,91
460015,INTERMOUNTAIN HEALTH LOGAN REGIONAL HOSPITAL,LOGAN,UT,4,93,93,91,91
461305,MILFORD MEMORIAL HOSPITAL,MILFORD,UT,,,,,
461302,MOAB REGIONAL HOSPITAL,MOAB,UT,,,,,
461308,SAN JUAN HOSPITAL,MONTICELLO,UT,,,,,
461303,INTERMOUNTAIN HEALTH SANPETE VALLEY HOSPITAL,MOUNT PLEASANT,UT,,,,,
460010,INTERMOUNTAIN MEDICAL CENTER,MURRAY,UT,3,91,91,88,91
461304,CENTRAL VALLEY MEDICAL CENTER - CAH,NEPHI,UT,4,92,93,94,92
460054,CACHE VALLEY HOSPITAL,NORTH LOGAN,UT,4,95,93,90,95
460004,MCKAY-DEE HOSPITAL,OGDEN,UT,4,92,92,89,91
460005,OGDEN REGIONAL MEDICAL CENTER,OGDEN,UT,3,91,90,86,88
460043,OREM COMMUNITY HOSPITAL,OREM,UT,,,,,
460052,TIMPANOGOS REGIONAL HOSPITAL,OREM,UT,3,92,92,84,89
461333,INTERMOUNTAIN HEALTH GARFIELD MEMORIAL HOSPITAL,PANGUITCH,UT,,,,,
460057,PARK CITY HOSPITAL,PARK CITY,UT,4,93,94,89,93
460013,MOUNTAIN VIEW HOSPITAL,PAYSON,UT,4,93,92,86,89
460011,CASTLEVIEW HOSPITAL,PRICE,UT,3,90,92,86,83
460001,INTERMOUNTAIN HEALTH UTAH VALLEY HOSPITAL,PROVO,UT,4,93,92,90,93
460026,INTERMOUNTAIN HEALTH SEVIER VALLEY HOSPITAL,RICHFIELD,UT,4,95,95,88,94
460058,INTERMOUNTAIN HEALTH RIVERTON HOSPITAL,RIVERTON,UT,4,92,93,88,91
460019,UINTAH BASIN MEDICAL CENTER,ROOSEVELT,UT,3,89,90,83,84
460003,HOLY CROSS HOSPITAL - SALT LAKE,SALT LAKE CITY,UT,3,92,90,84,83
460006,LDS HOSPITAL,SALT LAKE CITY,UT,4,92,93,88,90
463301,PRIMARY CHILDREN'S HOSPITAL,SALT LAKE CITY,UT,,,,,
460047,ST MARK'S HOSPITAL,SALT LAKE CITY,UT,3,89,90,84,87
460009,UNIVERSITY OF UTAH HOSPITAL AND CLINICS,SALT LAKE CITY,UT,4,92,91,90,92
46002F,VA SALT LAKE CITY HEALTHCARE - GEORGE E. WAHLEN VA MEDICAL CENTER,SALT LAKE CITY,UT,5,94,95,91,91
460044,INTERMOUNTAIN HEALTH ALTA VIEW HOSPITAL,SANDY,UT,4,93,94,90,92
460062,INTERMOUNTAIN HEALTH SPANISH FORK HOSPITAL,SPANISH FORK,UT,4,93,92,88,92
460021,ST. GEORGE REGIONAL HOSPITAL,ST GEORGE,UT,4,92,92,88,93
460014,MOUNTAIN WEST MEDICAL CENTER,TOOELE,UT,4,92,92,91,87
460039,BEAR RIVER VALLEY HOSPITAL,TREMONTON,UT,,,,,
460030,ASHLEY REGIONAL MEDICAL CENTER,VERNAL,UT,3,91,90,89,86
460051,HOLY CROSS HOSPITAL-JORDAN VALLEY,WEST JORDAN,UT,3,88,89,84,81
490053,JOHNSTON MEMORIAL HOSPITAL,ABINGDON,VA,3,91,91,85,85
490040,INOVA ALEXANDRIA HOSPITAL,ALEXANDRIA,VA,3,91,91,87,87
490122,INOVA MOUNT VERNON HOSPITAL,ALEXANDRIA,VA,3,91,90,86,88
490050,VIRGINIA HOSPITAL CENTER,ARLINGTON,VA,4,91,92,86,91
490088,CENTRA BEDFORD MEMORIAL HOSPITAL,BEDFORD,VA,5,95,95,91,91
490114,LONESOME PINE HOSPITAL,BIG STONE GAP,VA,4,94,92,85,85
490110,LEWISGALE HOSPITAL MONTGOMERY,BLACKSBURG,VA,4,94,93,87,91
490077,SENTARA MARTHA JEFFERSON HOSPITAL,CHARLOTTESVILLE,VA,4,92,93,87,92
490009,UNIVERSITY OF VIRGINIA MEDICAL CENTER,CHARLOTTESVILLE,VA,4,92,92,87,92
490120,CHESAPEAKE GENERAL HOSPITAL,CHESAPEAKE,VA,3,90,91,85,84
490042,CARILION NEW RIVER VALLEY MEDICAL CENTER,CHRISTIANSBURG,VA,3,92,92,85,89
491303,DICKENSON COMMUNITY HOSPITAL,CLINTWOOD,VA,,,,,
490019,UVA HEALTH CULPEPER MEDICAL CENTER,CULPEPER,VA,3,91,90,83,85
490075,SOVAH HEALTH DANVILLE,DANVILLE,VA,3,90,88,84,77
490145,STONESPRINGS HOSPITAL CENTER,DULLES,VA,3,92,91,86,89
490097,BON SECOURS SOUTHERN VIRGINIA MEDICAL CENTER,EMPORIA,VA,,,,,
490101,INOVA FAIR OAKS HOSPITAL,FAIRFAX,VA,4,91,91,87,91
490063,INOVA FAIRFAX HOSPITAL,FALLS CHURCH,VA,3,91,90,87,92
490090,"SOUTHSIDE COMMUNITY HOSPITAL, INC",FARMVILLE,VA,4,92,93,91,84
490018,AUGUSTA HEALTH,FISHERSVILLE,VA,3,91,92,86,88
490092,BON SECOURS SOUTHAMPTON MEMORIAL HOSPITAL,FRANKLIN,VA,3,92,90,82,83
490022,MARY WASHINGTON HOSPITAL,FREDERICKSBURG,VA,3,89,89,85,84
490141,SPOTSYLVANIA REGIONAL MEDICAL CENTER,FREDERICKSBURG,VA,2,88,85,79,82
490033,WARREN MEMORIAL HOSPITAL,FRONT ROYAL,VA,4,92,93,88,91
49001F,Fort Belvoir Community Hospital,Fort Belvoir,VA,5,95,95,91,94
490115,TWIN COUNTY REGIONAL HOSPITAL,GALAX,VA,3,90,90,89,81
490130,RIVERSIDE WALTER REED HOSPITAL,GLOUCESTER,VA,4,94,94,88,92
490127,BUCHANAN GENERAL HOSPITAL,GRUNDY,VA,5,97,94,89,90
49006F,HAMPTON VA MEDICAL CENTER,HAMPTON,VA,4,93,93,89,85
490093,SENTARA CAREPLEX HOSPITAL,HAMPTON,VA,3,92,91,86,87
490004,SENTARA RMH MEDICAL CENTER,HARRISONBURG,VA,3,93,92,85,87
490144,UVA HEALTH HAYMARKET MEDICAL CENTER,HAYMARKET,VA,4,92,93,84,90
490020,JOHN RANDOLPH MEDICAL CENTER,HOPEWELL,VA,3,92,91,81,87
491300,BATH COMMUNITY HOSPITAL,HOT SPRINGS,VA,,,,,
491308,RAPPAHANNOCK GENERAL HOSPITAL,KILMARNOCK,VA,,,,,
490002,RUSSELL COUNTY HOSPITAL,LEBANON,VA,4,94,91,87,87
490043,INOVA LOUDOUN HOSPITAL,LEESBURG,VA,4,92,90,86,90
491304,CARILION STONEWALL JACKSON HOSPITAL,LEXINGTON,VA,4,94,94,88,88
490126,LEWISGALE HOSPITAL ALLEGHANY,LOW MOOR,VA,4,94,93,91,87
491307,"PAGE MEMORIAL HOSPITAL, INC",LURAY,VA,5,95,95,87,90
490021,CENTRA HEALTH -  LYNCHBURG GEN HOSPITAL,LYNCHBURG,VA,3,90,91,85,85
490045,NOVANT PRINCE WILLIAM MEDICAL CENTER,MANASSAS,VA,3,89,89,84,83
490038,SMYTH COUNTY COMMUNITY HOSPITAL,MARION,VA,4,92,93,89,88
490069,BON SECOURS MEMORIAL REGIONAL MEDICAL CENTER,MECHANICSVILLE,VA,3,91,89,85,85
490136,BON SECOURS ST FRANCIS MEDICAL CENTER,MIDLOTHIAN,VA,3,91,91,82,89
493300,CUMBERLAND HOSPITAL LLC,NEW KENT,VA,,,,,
490041,MARY IMMACULATE HOSPITAL,NEWPORT NEWS,VA,3,91,91,83,86
490052,RIVERSIDE REGIONAL MEDICAL CENTER,NEWPORT NEWS,VA,4,92,92,87,90
493301,CHILDRENS HOSPITAL OF THE KINGS DAUGHTERS INC,NORFOLK,VA,,,,,
490046,SENTARA LEIGH HOSPITAL,NORFOLK,VA,3,92,90,86,91
490007,SENTARA NORFOLK GENERAL HOSPITAL,NORFOLK,VA,3,92,91,85,90
490037,RIVERSIDE SHORE MEMORIAL HOSPITAL,ONANCOCK,VA,4,95,95,89,90
491302,CARILION GILES COMMUNITY HOSPITAL,PEARISBURG,VA,5,95,95,90,94
491309,LEE COUNTY COMMUNITY HOSPITAL,PENNINGTON GAP,VA,5,97,98,90,96
490067,BON SECOURS SOUTHSIDE MEDICAL CENTER,PETERSBURG,VA,3,91,88,81,83
490104,HIRAM W DAVIS MEDICAL CENTER,PETERSBURG,VA,,,,,
490017,BON SECOURS MARYVIEW MEDICAL CENTER,PORTSMOUTH,VA,3,90,90,84,81
490116,LEWISGALE HOSPITAL PULASKI,PULASKI,VA,5,95,95,90,94
49008F,NMC Portsmouth,Portsmouth,VA,4,93,94,90,88
490107,RESTON HOSPITAL CENTER,RESTON,VA,3,89,89,82,84
490060,CLINCH VALLEY MEDICAL CENTER,RICHLANDS,VA,4,94,94,88,86
490094,BON SECOURS RICHMOND COMMUNITY HOSPITAL,RICHMOND,VA,,,,,
490059,BON SECOURS ST MARYS HOSPITAL,RICHMOND,VA,3,91,90,84,87
490112,CJW MEDICAL CENTER,RICHMOND,VA,3,90,89,83,85
490118,HENRICO DOCTORS' HOSPITAL,RICHMOND,VA,3,89,89,82,86
490032,MEDICAL COLLEGE OF VIRGINIA HOSPITALS,RICHMOND,VA,4,93,92,89,90
49010F,RICHMOND VA MEDICAL CENTER,RICHMOND,VA,4,90,94,92,87
490024,CARILION MEDICAL CENTER,ROANOKE,VA,3,91,90,84,88
490089,CARILION FRANKLIN MEMORIAL HOSPITAL,ROCKY MOUNT,VA,4,93,93,87,90
490048,LEWISGALE MEDICAL CENTER,SALEM,VA,2,87,87,84,81
49011F,SALEM VA MEDICAL CENTER,SALEM,VA,5,95,96,92,93
490013,SENTARA HALIFAX REGIONAL HOSPITAL,SOUTH BOSTON,VA,4,94,93,84,84
490098,COMMUNITY MEMORIAL HOSPITAL,SOUTH HILL,VA,4,94,93,85,88
490140,"STAFFORD HOSPITAL, LLC",STAFFORD,VA,3,90,89,89,86
490148,BON SECOURS HARBOUR VIEW MEDICAL CENTER,SUFFOLK,VA,,,,,
490044,SENTARA OBICI HOSPITAL,SUFFOLK,VA,4,93,92,85,89
490084,VCU HEALTH TAPPAHANNOCK HOSPITAL,TAPPAHANNOCK,VA,4,93,93,85,87
490117,CARILION TAZEWELL COMMUNITY HOSPITAL,TAZEWELL,VA,4,97,95,86,93
490119,SENTARA PRINCESS ANNE HOSPITAL,VIRGINIA BEACH,VA,4,92,91,86,92
490057,SENTARA VIRGINIA BEACH GENERAL HOSPITAL,VIRGINIA BEACH,VA,3,93,90,85,88
490023,FAUQUIER HOSPITAL,WARRENTON,VA,3,91,90,87,83
490143,RIVERSIDE DOCTORS' HOSPITAL OF WILLIAMSBURG,WILLIAMSBURG,VA,4,93,94,87,91
490066,SENTARA WILLIAMSBURG REGIONAL MEDICAL CENTER,WILLIAMSBURG,VA,4,94,92,89,92
490005,WINCHESTER MEDICAL CENTER,WINCHESTER,VA,3,92,91,85,89
490113,SENTARA NORTHERN VIRGINIA MEDICAL CENTER,WOODBRIDGE,VA,3,90,89,83,84
491305,SHENANDOAH MEMORIAL HOSPITAL,WOODSTOCK,VA,4,95,92,88,90
490111,WYTHE COUNTY COMMUNITY HOSPITAL,WYTHEVILLE,VA,4,93,93,87,86
480002,GOV JUAN F LUIS HOSPITAL & MEDICAL CTR,ST CROIX,VI,3,91,91,80,82
480001,"ROY LESTER SCHNEIDER HOSPITAL,THE",ST THOMAS,VI,,,,,
470001,CENTRAL VERMONT MEDICAL CENTER,BARRE,VT,4,94,92,87,89
470012,SOUTHWESTERN VERMONT MEDICAL CENTER,BENNINGTON,VT,3,92,90,90,89
470011,BRATTLEBORO MEMORIAL HOSPITAL,BRATTLEBORO,VT,3,90,91,87,85
470003,UNIV. OF VERMONT - FLETCHER ALLEN HEALTH CARE,BURLINGTON,VT,4,93,92,88,90
471307,PORTER HOSPITAL INC,MIDDLEBURY,VT,3,92,90,82,86
471305,COPLEY HOSPITAL,MORRISVILLE,VT,5,95,94,92,94
471304,NORTH COUNTRY HOSPITAL AND HEALTH CENTER,NEWPORT,VT,4,94,95,86,88
471301,GIFFORD MEDICAL CENTER,RANDOLPH,VT,5,94,94,94,93
470005,RUTLAND REGIONAL MEDICAL CENTER,RUTLAND,VT,3,92,91,88,87
470024,NORTHWESTERN MEDICAL CENTER INC,SAINT ALBANS,VT,3,91,91,86,85
471303,NORTHEASTERN VERMONT REGIONAL HOSPITAL,SAINT JOHNSBURY,VT,4,95,94,91,90
471306,SPRINGFIELD HOSPITAL,SPRINGFIELD,VT,,,,,
471300,GRACE COTTAGE HOSPITAL,TOWNSHEND,VT,,,,,
47001F,WHITE RIVER JCT VA MEDICAL CENTER,WHITE RIVER JUNCTION,VT,5,96,96,91,93
471302,MT ASCUTNEY HOSPITAL,WINDSOR,VT,4,94,93,92,93
500031,GRAYS HARBOR COMMUNITY HOSPITAL,ABERDEEN,WA,2,88,89,84,78
500007,ISLAND HOSPITAL,ANACORTES,WA,4,93,93,88,93
500060,CASCADE VALLEY HOSPITAL,ARLINGTON,WA,3,91,90,87,84
500015,MULTICARE AUBURN MEDICAL CENTER,AUBURN,WA,2,87,87,83,77
500051,OVERLAKE HOSPITAL MEDICAL CENTER,BELLEVUE,WA,4,92,92,86,91
500030,ST JOSEPH HOSPITAL,BELLINGHAM,WA,3,91,91,87,86
501324,THREE RIVERS HOSPITAL,BREWSTER,WA,,,,,
500011,HIGHLINE MEDICAL CENTER,BURIEN,WA,2,88,89,85,81
500019,PROVIDENCE CENTRALIA HOSPITAL,CENTRALIA,WA,3,91,90,85,84
501334,LAKE CHELAN COMMUNITY HOSPITAL,CHELAN,WA,,,,,
501309,PROVIDENCE ST JOSEPH HOSPITAL,CHEWELAH,WA,,,,,
501332,TRI-STATE MEMORIAL HOSPITAL,CLARKSTON,WA,5,95,94,91,94
501327,WHITMAN HOSPITAL AND MEDICAL CENTER,COLFAX,WA,,,,,
501326,PROVIDENCE MOUNT CARMEL HOSPITAL,COLVILLE,WA,4,94,93,86,89
501339,WHIDBEYHEALTH MEDICAL CENTER,COUPEVILLE,WA,4,93,93,92,88
500154,MULTICARE COVINGTON MEDICAL CENTER,COVINGTON,WA,3,89,90,83,87
501305,LINCOLN HOSPITAL,DAVENPORT,WA,,,,,
501302,DAYTON GENERAL HOSPITAL,DAYTON,WA,,,,,
500026,SWEDISH EDMONDS HOSPITAL,EDMONDS,WA,3,89,89,87,83
501333,KITTITAS VALLEY COMMUNITY HOSPITAL,ELLENSBURG,WA,4,94,93,90,89
501304,SUMMIT PACIFIC MEDICAL CENTER,ELMA,WA,,,,,
501335,ST ELIZABETH HOSPITAL,ENUMCLAW,WA,4,93,91,89,90
501317,COLUMBIA BASIN HOSPITAL,EPHRATA,WA,,,,,
500014,PROVIDENCE REGIONAL MEDICAL CENTER EVERETT,EVERETT,WA,2,89,89,84,82
500141,ST FRANCIS COMMUNITY HOSPITAL,FEDERAL WAY,WA,3,89,89,85,85
501325,FORKS COMMUNITY HOSPITAL,FORKS,WA,,,,,
501340,PEACEHEALTH PEACE ISLAND MEDICAL CENTER,FRIDAY HARBOR,WA,,,,,
500151,ST ANTHONY HOSPITAL,GIG HARBOR,WA,4,91,90,88,90
501316,KLICKITAT VALLEY HOSPITAL,GOLDENDALE,WA,,,,,
501308,COULEE MEDICAL CENTER,GRAND COULEE,WA,,,,,
501314,OCEAN BEACH HOSPITAL,ILWACO,WA,,,,,
500152,SWEDISH ISSAQUAH,ISSAQUAH,WA,4,91,92,87,92
50005F,Madigan AMC (FT Lewis),Joint Base Lewis-McChord,WA,4,94,94,91,92
500053,TRIOS HEALTH,KENNEWICK,WA,2,89,88,85,84
500124,EVERGREENHEALTH MEDICAL CENTER,KIRKLAND,WA,4,92,92,85,91
500021,ST CLARE HOSPITAL,LAKEWOOD,WA,3,91,90,85,86
501313,CASCADE MEDICAL CENTER,LEAVENWORTH,WA,,,,,
500041,PEACEHEALTH ST JOHN MEDICAL CENTER,LONGVIEW,WA,3,93,91,87,84
500084,EVERGREENHEALTH MONROE,MONROE,WA,3,89,88,86,84
501319,ARBOR HEALTH MORTON HOSPITAL,MORTON,WA,,,,,
500033,SAMARITAN HOSPITAL,MOSES LAKE,WA,3,90,90,83,83
500003,SKAGIT VALLEY HOSPITAL,MOUNT VERNON,WA,4,93,92,88,88
501310,NEWPORT COMMUNITY HOSPITAL,NEWPORT,WA,,,,,
501307,ODESSA MEMORIAL HEALTHCARE CENTER,ODESSA,WA,,,,,
500139,CAPITAL MEDICAL CENTER,OLYMPIA,WA,3,91,90,85,88
500024,PROVIDENCE ST PETER HOSPITAL,OLYMPIA,WA,4,92,91,89,92
501328,MID VALLEY HOSPITAL & CLINIC,OMAK,WA,,,,,
501318,OTHELLO COMMUNITY HOSPITAL,OTHELLO,WA,,,,,
501337,LOURDES MEDICAL CENTER,PASCO,WA,3,91,87,86,85
501301,GARFIELD COUNTY PUBLIC HOSPITAL DISTRICT #1,POMEROY,WA,,,,,
500072,OLYMPIC MEDICAL CENTER,PORT ANGELES,WA,3,92,91,87,86
501323,JEFFERSON HEALTHCARE,PORT TOWNSEND,WA,4,94,94,89,94
501312,PROSSER MEMORIAL HOSPITAL,PROSSER,WA,4,93,93,88,93
501331,PULLMAN REGIONAL HOSPITAL,PULLMAN,WA,4,95,94,89,94
500079,MULTICARE GOOD SAMARITAN HOSPITAL,PUYALLUP,WA,2,86,85,83,80
501320,QUINCY VALLEY MEDICAL CENTER,QUINCY,WA,,,,,
500088,VALLEY MEDICAL CENTER,RENTON,WA,3,91,92,88,88
501322,FERRY COUNTY MEMORIAL HOSPITAL,REPUBLIC,WA,,,,,
500058,KADLEC REGIONAL MEDICAL CENTER,RICHLAND,WA,3,91,91,86,90
501311,EAST ADAMS RURAL HOSPITAL,RITZVILLE,WA,,,,,
500064,HARBORVIEW MEDICAL CENTER,SEATTLE,WA,2,89,89,85,86
500052,KAISER PERMANENTE CENTRAL HOSPITAL,SEATTLE,WA,3,89,93,91,83
503300,SEATTLE CHILDREN'S HOSPITAL,SEATTLE,WA,,,,,
50030F,SEATTLE VA MEDICAL CENTER (VA PUGET SOUND HEALTHCARE SYSTEM),SEATTLE,WA,4,92,94,88,88
500027,SWEDISH MEDICAL CENTER,SEATTLE,WA,3,92,91,87,89
500025,SWEDISH MEDICAL CENTER / CHERRY HILL,SEATTLE,WA,3,91,91,88,89
500008,UNIVERSITY OF WASHINGTON MEDICAL CTR,SEATTLE,WA,4,92,92,89,92
500005,VIRGINIA MASON MEDICAL CENTER,SEATTLE,WA,4,93,93,88,91
501329,PEACEHEALTH UNITED GENERAL MEDICAL CENTER,SEDRO WOOLLEY,WA,4,94,95,89,91
501336,MASON GENERAL HOSPITAL & FAMILY OF CLINICS,SHELTON,WA,4,93,90,90,88
500039,HARRISON MEDICAL CENTER,SILVERDALE,WA,3,91,91,88,87
501338,SNOQUALMIE VALLEY HOSPITAL,SNOQUALMIE,WA,,,,,
501303,WILLAPA HARBOR HOSPITAL,SOUTH BEND,WA,,,,,
500044,DEACONESS MEDICAL CENTER,SPOKANE,WA,3,90,91,87,87
500054,PROV SACRED HRT MED CTR & CHILDS HOSP.,SPOKANE,WA,3,90,90,85,90
500077,PROVIDENCE HOLY FAMILY HOSPITAL,SPOKANE,WA,3,90,90,85,88
503302,SHRINERS HOSPITAL FOR CHILDREN,SPOKANE,WA,,,,,
50011F,SPOKANE VA MEDICAL CENTER,SPOKANE,WA,5,94,94,88,94
500119,MULTICARE VALLEY HOSPITAL,SPOKANE VALLEY,WA,3,91,91,88,88
501330,ASTRIA SUNNYSIDE HOSPITAL,SUNNYSIDE,WA,3,91,92,86,88
503301,MARY BRIDGE CHILDREN'S HOSPITAL,TACOMA,WA,,,,,
500108,ST JOSEPH MEDICAL CENTER,TACOMA,WA,3,90,91,86,86
500129,TACOMA GENERAL ALLENMORE HOSPITAL,TACOMA,WA,2,89,89,85,85
501321,NORTH VALLEY HOSPITAL,TONASKET,WA,,,,,
500037,ASTRIA TOPPENISH HOSPITAL,TOPPENISH,WA,,,,,
500150,LEGACY SALMON CREEK MEDICAL CENTER,VANCOUVER,WA,4,93,92,86,91
500050,PEACEHEALTH SOUTHWEST MEDICAL CENTER,VANCOUVER,WA,3,91,89,83,85
500002,PROVIDENCE ST MARY MEDICAL CENTER,WALLA WALLA,WA,4,91,93,87,88
500016,CONFLUENCE HEALTH HOSPITAL,WENATCHEE,WA,4,92,92,91,91
501315,SKYLINE HOSPITAL,WHITE SALMON,WA,,,,,
500036,YAKIMA VALLEY MEMORIAL,YAKIMA,WA,2,89,89,85,78
520196,OAKLEAF SURGICAL HOSPITAL,ALTOONA,WI,5,96,94,92,96
521308,AMERY HOSPITAL & CLINIC,AMERY,WI,5,96,95,92,94
521350,LANGLADE HOSPITAL,ANTIGO,WI,4,91,92,87,89
520009,ASCENSION NE WISCONSIN - ST ELIZABETH CAMPUS,APPLETON,WI,4,91,92,90,87
520160,THEDACARE REGIONAL MEDICAL CENTER - APPLETON INC,APPLETON,WI,4,93,91,89,90
521359,TAMARACK HEALTH ASHLAND MEDICAL CENTER,ASHLAND,WI,5,96,96,91,95
521347,WESTERN WISCONSIN HEALTH,BALDWIN,WI,4,93,92,89,89
520057,SSM HEALTH ST CLARE HOSPITAL - BARABOO,BARABOO,WI,4,93,93,90,85
521315,MAYO CLINIC HEALTH SYSTEM-NORTHLAND,BARRON,WI,5,94,93,91,91
520076,MARSHFIELD MEDICAL CENTER - BEAVER DAM (MMC-BD),BEAVER DAM,WI,3,90,88,86,78
520100,BELOIT HEALTH SYSTEM,BELOIT,WI,3,92,88,85,82
521355,THEDACARE MEDICAL CENTER - BERLIN INC,BERLIN,WI,4,93,93,90,89
521333,BLACK RIVER MEMORIAL HOSPITAL,BLACK RIVER FALLS,WI,5,95,94,93,93
521314,MAYO CLINIC HEALTH SYSTEM CHIPPEWA VALLEY,BLOOMER,WI,4,92,92,82,89
521344,GUNDERSEN BOSCOBEL AREA HOSPITAL AND CLINICS,BOSCOBEL,WI,,,,,
520059,AURORA MEMORIAL HOSPITAL BURLINGTON,BURLINGTON,WI,4,94,93,92,86
521317,ASCENSION CALUMET HOSPITAL,CHILTON,WI,,,,,
521338,COLUMBUS COMMUNITY HOSPITAL,COLUMBUS,WI,5,96,95,88,95
521353,CUMBERLAND MEMORIAL HOSPITAL,CUMBERLAND,WI,,,,,
521312,MEMORIAL HOSPITAL OF LAFAYETTE COUNTY,DARLINGTON,WI,,,,,
521352,UPLAND HILLS HEALTH,DODGEVILLE,WI,5,96,96,91,95
521307,CHIPPEWA VALLEY HOSPITAL,DURAND,WI,,,,,
521300,ASPIRUS EAGLE RIVER HOSPITAL,EAGLE RIVER,WI,,,,,
520210,MARSHFIELD MEDICAL CENTER - EAU CLAIRE,EAU CLAIRE,WI,3,92,91,88,87
520070,MAYO CLINIC HEALTH SYSTEM EAU CLAIRE HOSPITAL,EAU CLAIRE,WI,4,93,92,89,92
521319,EDGERTON HOSPITAL AND HEALTH SERVICES,EDGERTON,WI,,,,,
520102,AURORA LAKELAND MEDICAL CENTER,ELKHORN,WI,4,94,92,92,90
520088,SSM HEALTH ST AGNES HOSPITAL-FOND DU LAC,FOND DU LAC,WI,4,93,91,90,82
520071,FORT MEMORIAL HOSPITAL,FORT ATKINSON,WI,4,93,92,88,87
520205,MIDWEST ORTHOPEDIC SPECIALTY HOSPITAL,FRANKLIN,WI,5,94,93,92,92
521309,GUNDERSEN MOUNDVIEW HOSPITAL AND CLINICS,FRIENDSHIP,WI,,,,,
520194,ORTHOPAEDIC HOSPITAL OF WISCONSIN,GLENDALE,WI,5,97,95,94,96
520207,AURORA MEDICAL CENTER,GRAFTON,WI,4,94,93,91,93
521331,BURNETT MEDICAL CENTER,GRANTSBURG,WI,,,,,
520193,AURORA BAYCARE MEDICAL CTR,GREEN BAY,WI,4,93,92,91,92
520049,BELLIN MEMORIAL HOSPITAL,GREEN BAY,WI,4,92,92,89,91
520097,ST MARYS HOSPITAL MEDICAL CTR,GREEN BAY,WI,3,91,91,84,83
520075,ST VINCENT HOSPITAL,GREEN BAY,WI,3,91,90,85,87
520038,AURORA MEDICAL CTR WASHINGTON COUNTY,HARTFORD,WI,4,95,93,93,89
521336,TAMARACK HEALTH HAYWARD MEDICAL CENTER,HAYWARD,WI,5,95,96,88,92
521304,GUNDERSEN ST JOSEPHS HOSPITAL AND CLINICS,HILLSBORO,WI,,,,,
521335,HUDSON HOSPITAL,HUDSON,WI,4,94,93,88,93
520066,MERCY HEALTH SYSTEM CORP,JANESVILLE,WI,3,91,92,84,85
520208,SSM HEALTH ST MARY'S HOSPITAL - JANESVILLE,JANESVILLE,WI,4,92,92,83,88
520189,AURORA MEDICAL CENTER KENOSHA,KENOSHA,WI,4,93,91,91,91
520021,FROEDTERT SOUTH INC.,KENOSHA,WI,3,92,91,83,90
520087,GUNDERSEN LUTHERAN MEDICAL CENTER,LA CROSSE,WI,4,92,90,89,92
520004,MAYO CLINIC HEALTH SYSTEM-FRANCISCAN MEDICAL CENTER INC,LA CROSSE,WI,5,94,94,91,93
521328,MARSHFIELD MEDICAL CENTER - LADYSMITH,LADYSMITH,WI,,,,,
521357,MERCY WALWORTH HOSPITAL & MEDICAL CENTER,LAKE GENEVA,WI,4,92,95,87,88
521322,GRANT REGIONAL HEALTH CENTER,LANCASTER,WI,,,,,
52004F,MADISON VA MEDICAL CENTER,MADISON,WI,5,97,94,94,96
520083,SSM HEALTH ST MARY'S HOSPITAL - MADISON,MADISON,WI,4,92,92,86,87
520089,UNITYPOINT HEALTH - MERITER,MADISON,WI,4,93,92,88,91
520098,UNIVERSITY OF WI  HOSPITALS & CLINICS AUTHORITY,MADISON,WI,4,93,92,91,93
520107,HOLY FAMILY MEMORIAL,MANITOWOC,WI,4,94,94,89,90
520113,AURORA MEDICAL CENTER BAY AREA,MARINETTE,WI,4,94,92,91,88
520037,MARSHFIELD MEDICAL CENTER,MARSHFIELD,WI,3,91,89,87,83
520109,MILE BLUFF MEDICAL CENTER,MAUSTON,WI,5,94,95,92,90
521324,"ASPIRUS MEDFORD HOSPITAL & CLINICS, INC",MEDFORD,WI,4,94,91,89,93
520214,ASCENSION WISCONSIN HOSP MENOMONEE FALLS CAMPUS,MENOMONEE FALLS,WI,,,,,
520103,COMMUNITY MEMORIAL HOSPITAL,MENOMONEE FALLS,WI,4,93,92,87,89
521340,MAYO CLINIC HEALTH SYSTEM-RED CEDAR INC,MENOMONIE,WI,4,92,91,89,89
521339,ASPIRUS MERRILL HOSPITAL,MERRILL,WI,,,,,
520051,ASCENSION COLUMBIA ST MARYS HOSPITAL MILWAUKEE,MILWAUKEE,WI,2,89,90,82,84
520136,ASCENSION SE WISCONSIN HOSPITAL,MILWAUKEE,WI,3,91,91,86,87
520078,ASCENSION ST FRANCIS HOSPITAL,MILWAUKEE,WI,3,88,89,80,79
520138,AURORA ST LUKES MEDICAL CENTER,MILWAUKEE,WI,3,92,91,89,88
523300,CHILDRENS HOSPITAL OF WISCONSIN,MILWAUKEE,WI,,,,,
520177,FROEDTERT MEMORIAL LUTHERAN HOSPITAL,MILWAUKEE,WI,4,92,91,88,90
52003F,MILWAUKEE VA MEDICAL CENTER,MILWAUKEE,WI,4,94,93,91,92
520212,MARSHFIELD MEDICAL CENTER - MINOCQUA,MINOCQUA,WI,5,96,94,92,93
520028,THE MONROE CLINIC,MONROE,WI,4,93,94,88,87
523302,CHILDRENS HOSPITAL OF WISCONSIN FOX VALLEY,NEENAH,WI,,,,,
520045,THEDACARE REGIONAL MED CTR - NEENAH,NEENAH,WI,3,92,91,89,89
521323,MARSHFIELD MEDICAL CENTER - NEILLSVILLE,NEILLSVILLE,WI,,,,,
520213,FROEDTERT COMMUNITY HOSPITAL,NEW BERLIN,WI,5,96,94,87,93
521326,THEDACARE MEDICAL CENTER - NEW LONDON,NEW LONDON,WI,5,95,93,91,87
521345,WESTFIELDS HOSPITAL AND CLINIC,NEW RICHMOND,WI,5,97,96,92,95
520062,OCONOMOWOC MEMORIAL HOSPITAL,OCONOMOWOC,WI,3,92,91,89,89
521356,BELLIN HEALTH OCONTO HOSPITAL,OCONTO,WI,,,,,
521310,HSHS ST CLARE MEMORIAL HOSPITAL,OCONTO FALLS,WI,,,,,
521318,LADD MEMORIAL HOSPITAL,OSCEOLA,WI,4,91,95,93,90
520198,AURORA MEDICAL CTR OSHKOSH,OSHKOSH,WI,4,93,92,94,91
521302,MAYO CLINIC HEALTH SYSTEM OAKRIDGE,OSSEO,WI,4,95,93,92,93
521325,FLAMBEAU HOSPITAL,PARK FALLS,WI,5,96,96,92,92
521354,SOUTHWEST HEALTH CENTER,PLATTEVILLE,WI,5,97,97,92,94
520041,ASPIRUS DIVINE SAVIOR HOSPITAL,PORTAGE,WI,3,91,87,84,85
521330,CROSSING RIVERS HEALTH MEDICAL CENTER,PRAIRIE DU CHIEN,WI,5,95,94,91,93
520095,SAUK PRAIRIE HOSPITAL,PRAIRIE DU SAC,WI,5,95,95,90,96
520096,ASCENSION ALL SAINTS HOSPITAL,RACINE,WI,3,90,90,86,80
521351,REEDSBURG AREA MEDICAL CENTER,REEDSBURG,WI,4,93,94,88,88
520019,ASPIRUS RHINELANDER HOSPITAL,RHINELANDER,WI,4,94,89,93,86
520011,MARSHFIELD MEDICAL CENTER - RICE LAKE,RICE LAKE,WI,4,93,91,87,88
521341,RICHLAND HOSPITAL,RICHLAND CENTER,WI,4,94,90,90,88
521321,RIPON MEDICAL CENTER,RIPON,WI,4,96,93,87,88
521349,RIVER FALLS AREA HOSPITAL,RIVER FALLS,WI,5,97,95,94,95
521337,ST CROIX REGIONAL MEDICAL CENTER,SAINT CROIX FALLS,WI,4,92,94,86,88
521346,THEDACARE MEDICAL CENTER - SHAWANO,SHAWANO,WI,3,90,91,86,85
520035,AURORA MEDICAL CENTER SHEBOYGAN COUNTY,SHEBOYGAN,WI,4,93,92,92,90
520044,ST NICHOLAS HOSPITAL,SHEBOYGAN,WI,4,93,92,88,91
521342,INDIANHEAD MEDICAL CTR,SHELL LAKE,WI,,,,,
521305,MAYO CLINIC HLTH SYSTM FRANCISCAN HLTHCARE SPARTA,SPARTA,WI,,,,,
521332,SPOONER HEALTH SYSTEM,SPOONER,WI,,,,,
521311,ASPIRUS STANLEY HOSPITAL,STANLEY,WI,,,,,
520002,"ASPIRUS STEVENS POINT HOSPITAL & CLINICS, INC.",STEVENS POINT,WI,4,91,92,90,87
520215,MARSHFIELD MEDICAL CENTER - RIVER REGION,STEVENS POINT,WI,,,,,
521343,STOUGHTON HOSPITAL,STOUGHTON,WI,5,97,97,93,96
521358,DOOR COUNTY MEDICAL CENTER,STURGEON BAY,WI,5,96,94,93,95
520206,AURORA MEDICAL CENTER - SUMMIT,SUMMIT,WI,4,94,92,91,92
521329,ST MARYS HOSPITAL SUPERIOR,SUPERIOR,WI,3,91,93,81,86
521320,TOMAH MEMORIAL HOSPITAL,TOMAH,WI,5,97,95,94,96
52002F,TOMAH VA MEDICAL CENTER,TOMAH,WI,,,,,
521313,ASPIRUS TOMAHAWK HOSPITAL,TOMAHAWK,WI,,,,,
520034,AURORA MEDICAL CTR MANITOWOC COUNTY,TWO RIVERS,WI,5,94,92,90,91
521348,VERNON MEMORIAL HOSPITAL,VIROQUA,WI,5,96,95,89,91
520116,WATERTOWN MEMORIAL HOSPITAL,WATERTOWN,WI,4,93,93,87,86
520008,WAUKESHA MEMORIAL HOSPITAL,WAUKESHA,WI,4,93,91,89,89
521334,THEDACARE MEDICAL CENTER-WAUPACA,WAUPACA,WI,4,93,93,88,86
521327,WAUPUN MEMORIAL HOSPITAL,WAUPUN,WI,4,94,91,91,87
520030,ASPIRUS WAUSAU HOSPITAL,WAUSAU,WI,4,92,91,87,90
520139,WEST ALLIS MEMORIAL HOSPITAL,WEST ALLIS,WI,3,91,90,88,87
520063,ST JOSEPHS COMMUNITY HOSPITAL WEST BEND,WEST BEND,WI,3,92,91,89,88
520202,MARSHFIELD MEDICAL CENTER - WESTON,WESTON,WI,4,94,93,89,90
521316,GUNDERSEN TRI-COUNTY HOSPITAL & CLINICS,WHITEHALL,WI,,,,,
521303,THEDACARE MEDICAL CENTER - WILD ROSE,WILD ROSE,WI,,,,,
520033,ASPIRUS RIVERVIEW HOSPITAL & CLINICS INC,WISCONSIN RAPIDS,WI,4,92,90,90,87
520091,HOWARD YOUNG MEDICAL CENTER,WOODRUFF,WI,4,94,91,92,94
510062,BECKLEY ARH HOSPITAL,BECKLEY,WV,3,91,88,83,86
51002F,BECKLEY VA MEDICAL CENTER,BECKLEY,WV,5,98,95,94,92
510070,RALEIGH GENERAL HOSPITAL,BECKLEY,WV,2,90,88,83,78
511309,VALLEY HEALTH WAR MEMORIAL HOSPITAL,BERKELEY SPRINGS,WV,5,97,96,93,94
510006,"UNITED HOSPITAL CENTER, INC",BRIDGEPORT,WV,3,92,91,84,88
511314,POCAHONTAS MEMORIAL HOSPITAL,BUCKEYE,WV,,,,,
511321,"ST JOSEPH'S HOSPITAL OF BUCKHANNON, INC",BUCKHANNON,WV,5,96,95,92,92
510091,CAMC CHARLESTON SURGICAL HOSPITAL,CHARLESTON,WV,,,,,
510022,CHARLESTON AREA MEDICAL CENTER,CHARLESTON,WV,3,91,90,86,87
51003F,CLARKSBURG VA MEDICAL CENTER,CLARKSBURG,WV,4,94,93,91,91
510030,DAVIS MEDICAL CENTER,ELKINS,WV,3,91,89,86,79
511308,"BRAXTON COUNTY MEMORIAL HOSPITAL, INC",GASSAWAY,WV,,,,,
510013,"REYNOLDS MEMORIAL HOSPITAL, INC",GLEN DALE,WV,4,94,92,85,88
511307,"GRAFTON CITY HOSPITAL, INC",GRAFTON,WV,,,,,
511303,MINNIE HAMILTON HEALTH SYSTEM,GRANTSVILLE,WV,,,,,
511310,SUMMERS COUNTY ARH HOSPITAL,HINTON,WV,,,,,
510055,"CABELL HUNTINGTON HOSPITAL, INC",HUNTINGTON,WV,3,88,91,85,86
51004F,HUNTINGTON VA MEDICAL CENTER,HUNTINGTON,WV,5,95,94,91,94
510007,ST MARYS MEDICAL CENTER,HUNTINGTON,WV,3,91,89,84,89
511315,POTOMAC VALLEY HOSPITAL,KEYSER,WV,4,96,94,89,93
511312,PRESTON MEMORIAL HOSPITAL,KINGWOOD,WV,,,,,
510048,LOGAN REGIONAL MEDICAL CENTER,LOGAN,WV,3,88,89,85,78
511313,BOONE MEMORIAL HOSPITAL,MADISON,WV,5,97,94,92,98
510008,BERKELEY MEDICAL CENTER,MARTINSBURG,WV,2,89,87,80,80
51005F,MARTINSBURG VA MEDICAL CENTER,MARTINSBURG,WV,4,95,92,88,92
511318,MONTGOMERY GENERAL HOSPITAL,MONTGOMERY,WV,,,,,
510024,MON HEALTH MEDICAL CENTER,MORGANTOWN,WV,4,92,91,87,91
510001,"WEST VIRGINIA UNIVERSITY HOSPITALS, INC",MORGANTOWN,WV,3,92,90,86,90
510072,WETZEL COUNTY HOSPITAL,NEW MARTINSVILLE,WV,5,96,96,88,93
511317,"CAMC PLATEAU MEDICAL CENTER, INC",OAK HILL,WV,5,95,97,90,93
510058,CAMDEN CLARK MEDICAL CENTER,PARKERSBURG,WV,3,91,91,87,85
511316,GRANT MEMORIAL HOSPITAL,PETERSBURG,WV,5,96,95,91,89
511300,VANDALIA HEALTH BROADDUS HOSPITAL,PHILIPPI,WV,,,,,
510012,RIVERS HEALTH,POINT PLEASANT,WV,3,93,89,87,84
510046,PRINCETON COMMUNITY HOSPITAL ASSN INC,PRINCETON,WV,3,92,92,84,81
511319,JEFFERSON MEDICAL CENTER,RANSON,WV,4,94,94,87,88
511320,JACKSON GENERAL HOSPITAL,RIPLEY,WV,5,95,95,87,94
511311,HAMPSHIRE MEMORIAL HOSPITAL,ROMNEY,WV,5,97,96,90,94
510002,"CAMC GREENBRIER VALLEY MEDICAL CENTER, INC",RONCEVERTE,WV,2,90,89,82,79
511304,SISTERSVILLE GENERAL HOSPITAL,SISTERSVILLE,WV,,,,,
510029,THOMAS MEMORIAL HOSPITAL,SOUTH CHARLESTON,WV,3,91,91,82,89
511306,ROANE GENERAL HOSPITAL,SPENCER,WV,,,,,
511322,SUMMERSVILLE REGIONAL MEDICAL CENTER,SUMMERSVILLE,WV,4,95,94,88,89
511301,WEBSTER MEMORIAL HOSPITAL,WEBSTER SPRINGS,WV,,,,,
510023,"WEIRTON MEDICAL CENTER, INC",WEIRTON,WV,2,88,88,82,79
510086,WELCH COMMUNITY HOSPITAL,WELCH,WV,5,96,95,84,94
510038,STONEWALL JACKSON MEMORIAL HOSPITAL,WESTON,WV,3,91,91,86,87
510050,"WHEELING HOSPITAL, INC",WHEELING,WV,2,90,88,82,82
510093,MON HEALTH MARION,WHITEHALL,WV,,,,,
510094,WILLIAMSON MEMORIAL INC,WILLIAMSON,WV,,,,,
531313,STAR VALLEY MEDICAL CENTER,AFTON,WY,,,,,
531301,SOUTH BIG HORN COUNTY HOSPITAL,BASIN,WY,,,,,
531308,JOHNSON COUNTY HEALTHCARE CENTER,BUFFALO,WY,,,,,
530012,BANNER WYOMING MEDICAL CENTER,CASPER,WY,2,89,89,86,82
530034,SUMMIT MEDICAL CENTER,CASPER,WY,,,,,
530014,CHEYENNE REGIONAL MEDICAL CENTER,CHEYENNE,WY,4,92,89,87,88
53004F,CHEYENNE VA MEDICAL CENTER,CHEYENNE,WY,4,95,94,89,92
531312,CODY REGIONAL HEALTH,CODY,WY,4,92,94,86,87
531302,MEMORIAL HOSPITAL OF CONVERSE COUNTY,DOUGLAS,WY,4,92,91,90,89
531319,EVANSTON REGIONAL HOSPITAL,EVANSTON,WY,,,,,
530002,CAMPBELL COUNTY HEALTH,GILLETTE,WY,4,92,93,87,81
530015,ST JOHNS MEDICAL CENTER,JACKSON,WY,5,94,94,90,93
531315,SOUTH LINCOLN MEDICAL CENTER - CAH,KEMMERER,WY,,,,,
530025,IVINSON MEMORIAL HOSPITAL,LARAMIE,WY,4,92,92,86,91
531309,NORTH BIG HORN HOSPITAL DISTRICT,LOVELL,WY,,,,,
531314,NIOBRARA COUNTY HOSPITAL DISTRICT,LUSK,WY,,,,,
531303,WESTON COUNTY HEALTH SERVICES,NEWCASTLE,WY,,,,,
531310,POWELL VALLEY HOSPITAL,POWELL,WY,5,95,94,94,93
531316,MEMORIAL HOSPITAL OF CARBON COUNTY,RAWLINS,WY,,,,,
530008,SAGEWEST HEALTH CARE,RIVERTON,WY,2,89,91,84,79
531318,MEMORIAL HOSPITAL SWEETWATER COUNTY,ROCK SPRINGS,WY,4,93,93,89,87
531317,NORTH PLATTE VALLEY MEDICAL CENTER,SARATOGA,WY,,,,,
530006,SHERIDAN MEMORIAL HOSPITAL,SHERIDAN,WY,3,91,91,89,87
53005F,SHERIDAN VA MEDICAL CENTER,SHERIDAN,WY,,,,,
531311,CROOK COUNTY HOSPITAL,SUNDANCE,WY,,,,,
531304,HOT SPRINGS COUNTY MEMORIAL HOSPITAL,THERMOPOLIS,WY,,,,,
531307,COMMUNITY HOSPITAL,TORRINGTON,WY,5,96,93,90,90
531305,PLATTE COUNTY HOSPITAL,WHEATLAND,WY,,,,,
531306,WASHAKIE MEDICAL CENTER,WORLAND,WY,,,,,
